100000
5449
28303
32620
17339
27472
19322
18673
20124
31640
21016
12272
17745
16293
2992
30502
1009
30267
712
27282
9169
7025
10985
14377
16735
9991
30114
16588
22862
1273
14543
30071
244
31828
18972
5307
32240
30793
29636
23662
271
26496
9887
929
2161
9647
3419
4306
11495
9066
25865
24675
24224
16445
16092
28491
21765
2808
3886
15884
13793
23626
11716
24549
14277
32657
11091
2632
17323
24049
8259
14478
23001
24483
22706
14314
15880
30608
444
12187
11974
3359
15354
31078
11289
14411
14152
24132
4453
1016
15308
2904
1679
10887
17460
21283
3171
168
3390
3835
10291
623
15998
13497
29377
13995
4188
29875
3680
23667
4956
29674
18517
5889
31906
30340
27011
3012
7093
3708
31304
9904
23939
8856
32162
30937
165
24987
26518
25920
24293
30140
21202
4076
28669
3160
14737
17213
27042
1508
13759
16254
8385
25125
3165
10425
4105
15523
2088
1743
10153
27995
26485
3015
19035
8628
24928
5223
7073
436
1573
5889
846
13684
32462
29840
2633
24273
28687
24580
29838
23397
1134
20441
15477
25270
24998
11758
21303
21676
3406
14741
19118
19529
1206
20454
19548
19092
3090
3674
431
3542
30938
917
20867
26889
31600
25218
5865
12174
11268
27557
13607
2334
24245
173
11520
16899
760
5705
5941
27528
4670
30781
10315
24750
20945
5045
8591
800
27647
15321
21336
17513
9339
7329
5260
20325
11264
20459
21349
26101
22327
18635
9077
18167
15579
2338
27880
12406
32539
21874
8458
21021
17472
23280
6153
17394
8847
31707
31739
21825
881
13837
25890
18389
16849
22480
2927
19310
1990
30450
12614
19824
12146
24092
11137
28889
11050
25695
10935
17013
14550
25360
10686
32085
25755
15830
9582
29565
7864
12545
424
28381
26798
23069
16279
7811
23972
11975
26934
25614
6665
21952
22035
5478
18043
5696
11602
1706
18920
20877
18676
28778
26355
15051
24154
1559
18585
16662
4100
20663
16916
24526
19615
8669
17919
18738
7999
13017
22716
7985
21737
17452
531
11900
6996
20799
539
24544
31984
11348
19806
21459
24104
5820
5176
23629
24548
10570
22912
18649
19283
8457
23658
14571
27367
25642
22956
26740
29857
21312
26592
10932
27022
15024
29482
1871
3730
30818
7194
11684
25188
10685
32212
12890
13530
30163
8046
19259
17255
18392
5273
32070
32482
3545
4484
28927
24200
20394
30205
24842
25669
12833
5082
22264
13871
14977
13463
10849
29011
26169
8768
30259
6581
27343
14225
30793
19346
12823
15197
3904
4584
26280
2860
19078
1593
9360
22824
16563
7563
8775
314
8221
18099
26082
14704
11686
15827
23177
8610
9689
14626
23083
30293
13366
21227
32624
27359
29897
21721
21488
28364
13314
18545
11938
25217
24768
28896
22167
32543
25775
4599
15848
30122
22228
10356
26861
2411
15462
30595
21935
10642
19424
3972
30624
20000
26196
12815
7050
7172
15106
14133
18374
5252
18729
22537
27822
21471
13341
608
31060
9009
7578
6612
10357
24982
31320
18959
6568
2194
5343
20038
2779
20401
12957
20995
17920
13162
3894
20264
5892
25417
8731
3377
24065
23374
25182
9657
4532
11408
31941
12863
17969
14629
12317
1835
3029
26438
17360
8204
14973
4015
19642
8484
31989
11077
13369
4646
12468
1019
13699
13886
28102
27894
17725
9554
19209
17904
5961
2696
12956
19930
14047
11272
23189
2245
25823
8195
13810
15618
12389
21236
29139
19336
32158
17189
21222
26519
28379
5493
1826
29083
25572
26458
16312
31059
911
546
10054
11058
913
21374
2126
11526
8851
20288
14312
11735
2185
7780
6323
11538
319
16205
18961
15591
17716
31570
22420
17391
17580
21881
31923
530
10497
22146
20674
23720
58
23080
28449
13790
18142
16803
28595
21339
17419
12145
17297
6180
27586
12374
18944
5565
15237
30114
12705
14482
17700
1202
31208
5013
23508
32697
10447
3879
6017
27585
2252
32572
8805
6124
768
25786
1242
2560
27057
24099
25452
5154
18170
2932
25395
30690
961
26957
10336
14968
31466
26449
8981
3661
19658
15824
7802
30142
1759
18084
17933
796
29630
23896
5433
23031
10060
2704
25899
21916
6961
32420
3297
30940
28554
8079
18307
2831
9182
11784
21751
1625
23636
17902
2224
15148
1827
15849
15046
19726
30281
10831
20300
27805
16768
1860
18398
29392
1134
20006
4985
16767
19740
31272
4239
3366
20137
16444
30043
29670
11328
32311
4723
1484
28743
9519
9116
8790
985
9000
8929
20275
14967
4080
20967
27723
17914
8520
28027
26879
9932
10820
16237
24242
27736
10741
673
13448
22975
11589
19811
12397
17101
2081
30203
6490
13611
10718
9601
20179
16854
4309
3315
31157
31439
8529
28805
14894
30997
25516
32056
30477
32464
28084
7342
12860
2511
31571
15165
1674
27188
31344
13378
12974
12654
3600
22712
21897
3432
19649
17417
16300
25600
15928
29475
32282
17083
23609
20943
591
30391
6839
12862
2945
24801
15165
25317
13605
23143
28556
22156
20149
15729
3974
4769
24753
26124
26186
22481
740
16230
23201
14554
26600
12609
30361
5018
16876
418
4719
8300
25781
32457
9906
2997
18659
1382
2470
19898
21622
14090
7143
13493
3216
29916
10318
21799
5244
29325
31512
21615
7664
30094
29765
16796
11919
5248
6463
28800
24242
2796
27068
2821
30056
30004
31717
19653
1468
2249
9144
7380
28982
7327
10667
31200
29604
5598
21650
27773
7193
3291
19138
29626
22327
15942
3703
8184
28330
7333
6515
20476
8693
5632
23528
17474
15473
25054
8856
31892
19602
27505
10299
5084
24685
11278
22049
3639
27511
2528
30744
19786
14736
3804
26512
7897
4928
3063
29181
6549
30528
31895
32381
15414
3388
15944
14011
714
13783
28849
14099
26189
23536
4550
2551
31353
27427
10815
29329
7647
3987
7752
19113
28727
8935
30330
30666
757
27283
13578
15264
30749
2905
2880
25509
855
22031
811
7165
326
20898
29076
27037
6422
9819
17456
4019
7252
20065
25
25666
6403
12160
1151
22541
20972
552
26011
13751
4405
10681
29669
23592
2357
25085
17287
30771
14215
26102
18449
373
32349
29659
22638
32384
26647
21085
12055
21561
18709
15150
14982
9342
13257
20164
20974
12
29456
30043
8745
28576
32450
20793
26354
6237
7815
9781
17492
32622
12013
23162
21602
12524
15544
29833
15657
19970
27258
14973
25315
17999
21603
22163
2670
16523
26201
9449
32764
30318
22603
3718
5643
1997
17603
5531
4248
2311
3515
30472
20623
20639
946
1314
21383
18474
767
8116
23468
17516
31588
27972
21500
10430
5606
14743
17591
22962
27868
7543
27664
17146
2631
21427
20265
29830
8289
24424
22334
6893
12409
26495
20257
22286
5117
27511
21734
14583
7129
13668
5087
25094
14847
11576
23243
4685
26951
28994
25162
9531
18298
22516
22420
16761
5545
16105
32619
16403
4804
19239
1358
3800
25704
32417
19184
4611
503
18176
19432
18715
21998
27042
27050
15127
2419
28899
13238
28102
11822
32412
15
27758
14938
10218
26607
8628
2844
15921
31929
2235
24851
10592
18735
31120
2864
14198
29413
5318
13256
1349
4085
4701
999
25717
1269
30697
4328
25293
32550
31215
18498
22190
24302
3219
19877
5344
9865
26480
32582
13202
16635
200
5239
32411
13641
17373
2682
262
6632
1694
21399
18382
23670
646
31852
16870
12712
21698
15237
24956
16772
18834
7980
25215
25552
30449
19842
23135
202
27256
2767
29972
27161
28288
31255
865
16388
10887
19438
15962
14050
8917
20364
25636
20689
23390
6692
4604
24491
8683
14450
32634
25398
17269
7828
32535
6043
12497
18970
26606
18458
22163
19040
19647
14843
11308
8988
9273
17352
15957
15667
18041
25785
14513
22993
25550
28784
12973
15288
22719
8934
17324
31448
847
12454
8801
13856
32127
10041
21371
6037
24853
12769
11144
24225
30876
5770
10259
25773
428
32509
25616
20466
25707
25175
11131
26763
1108
8889
29243
17359
3639
13122
12876
14815
26497
23098
29981
22907
8894
25488
3127
19994
7516
22407
15648
27705
10930
2476
25727
22515
28737
5131
21632
31186
22329
4770
29306
13797
14143
13078
22480
6418
7789
27813
31253
28846
23194
29788
7795
75
10204
16778
7245
18897
10316
13940
13091
7121
2313
16714
30646
23061
30848
2394
7277
13436
20970
31876
6392
16389
8725
20718
30003
9769
26984
20217
15181
24174
16162
30579
21801
9785
14818
23054
22788
10979
16748
12304
2393
6672
11690
3917
3073
3132
22257
18770
7327
32151
31622
19172
15931
18707
7777
4009
12333
22971
17200
32292
10813
1606
11167
16359
9224
19180
31191
27139
11174
21880
23620
2500
3977
6047
9884
27035
24488
21392
31773
8796
2525
22220
28438
19625
5516
22328
14760
26286
17030
9840
29646
16912
3885
12127
27291
3615
27096
29197
31939
21075
4473
29111
8285
27894
27005
18725
30183
27166
17651
22840
3211
18142
27889
17859
15264
29885
26163
13467
13684
12647
14854
754
14153
1699
18020
25824
31389
1669
22881
9027
19375
6117
7110
27593
26942
26384
3835
26443
4500
20156
8746
2653
24771
19778
8865
21539
25647
23047
2936
28518
1868
12091
30836
27110
15785
23495
16428
30194
3630
12672
31082
27191
25506
25505
28628
29654
18031
27000
19404
11961
25514
31071
29076
6182
1358
12270
23478
3988
24520
14191
29859
22974
22713
914
13210
23031
10999
30051
203
30141
3029
31608
9405
22160
13732
623
18157
32261
31609
18840
16312
24598
18993
28654
16762
30652
15027
19788
7416
2496
6517
27613
9467
2509
1858
13781
30014
21963
5946
11102
8330
15208
3610
13525
2592
31735
9917
25911
28247
17022
32739
16598
24198
16394
5938
23633
13348
25158
30074
26562
16174
22604
28733
31289
13257
22971
9327
12650
6953
25610
3706
31138
19377
25116
25477
4608
11356
29204
4086
8417
18267
15722
32565
27804
28672
5951
4275
3184
32730
21741
24108
9658
28450
5347
14121
2411
19541
26544
30152
17850
22307
3933
4287
22
17032
18688
3743
11103
25145
21646
15958
28245
18241
12017
22776
20049
4076
12890
28863
29235
28388
4313
20816
4507
11674
23851
13631
25692
11751
5587
29910
9773
12020
26220
4626
674
22871
4925
17903
32091
22142
17166
29413
10876
30545
6970
8371
19292
11795
25094
25947
9090
24457
6961
24430
6605
20319
21196
9609
31218
11207
2636
20256
27180
31843
31710
31354
26926
30821
10234
29693
26717
2037
24891
25260
22076
29907
19054
7662
11559
3645
31465
4241
23109
17427
15646
19726
4280
32057
7023
14095
23830
11581
12100
26158
3357
27961
26203
9728
16290
7163
12896
14162
12491
18788
22206
14002
5758
28942
18612
19506
8473
18481
21931
2152
29796
8904
967
4793
11460
13295
24764
3288
17585
11664
13027
20361
28265
830
16525
25771
13798
21601
8599
25205
32526
16788
20286
3072
13355
12619
26165
23301
14490
18361
20213
22249
29639
5617
16469
23798
2137
17483
20570
15852
2985
15369
1872
21688
20857
5178
10521
31363
8163
17887
10438
31726
24463
27469
31332
29596
7209
3794
14104
11762
26898
19611
18287
31258
32342
19413
2031
3150
8671
21267
7154
21843
12520
31728
25268
29507
23988
18933
17066
8080
30079
10429
16149
15942
17077
5462
3032
29328
24418
30443
4998
23678
3049
27296
9152
25605
24058
1726
13246
13640
23486
22800
31019
21013
22356
9357
16182
23731
7809
8758
13286
32731
21155
18754
8109
6148
31975
25209
15169
484
12988
27358
6055
12851
24200
2448
19600
31410
153
7410
24809
8300
31838
8970
8622
10043
17879
295
23295
30351
842
28359
10101
15211
30520
1975
18870
11184
18063
18812
17479
3742
28449
32754
9122
11928
597
25907
11913
6183
30748
30906
28825
19010
11815
20937
21282
15309
26456
28935
14390
23135
24438
21870
19456
26184
18212
22628
87
20435
15380
5416
26259
31176
4472
24432
23456
1333
31929
3409
14929
2670
31340
6238
2038
25427
32642
23060
20272
27345
19134
26486
7428
21932
27245
20468
21551
2171
19025
17297
19129
3828
24030
25669
26061
6249
15017
18080
10184
7571
14109
26033
25744
5007
24943
3622
4135
20518
25301
1204
23424
849
8947
27578
5009
27132
16278
11297
30377
7691
11429
25990
29700
10139
4181
10651
2461
13194
12187
1738
13379
4921
32487
9756
9711
27024
11023
90
13909
10563
11913
28274
16825
18516
18142
6427
27140
19674
24155
3004
28183
5888
15882
28298
2911
3152
7137
11249
7593
2098
22840
1334
28984
13743
1409
23130
31509
13947
31027
10561
27559
15155
7431
2068
20355
28899
12647
7907
12933
26571
10787
25743
31008
22371
29287
8935
25586
25500
11498
1553
29084
18281
17511
15148
4816
2174
24657
25139
25772
6231
4547
22308
25926
1661
19638
5730
22152
10245
374
16472
17214
22617
27223
96
23149
14139
24995
23267
5350
2054
21464
9921
22812
5687
8720
13811
4403
17197
2241
29039
26457
8493
24230
27723
7257
16297
16381
12838
11373
3266
31219
21700
13908
28683
19037
31992
22693
656
18344
711
31075
2071
1299
20682
11217
3493
18203
5844
10376
20804
23607
4053
3014
22276
28102
24318
19977
20288
23878
18470
10973
12834
454
18285
27122
13417
22942
19487
15985
31082
1117
6875
12432
9813
6403
6900
17765
15034
11377
4887
22775
21068
7197
6446
24219
13284
28938
14725
31614
20937
28408
6443
12158
7982
9176
6044
62
24316
2946
13212
23161
20434
7082
14182
7574
22858
19472
28678
1405
7807
28408
29700
26282
6604
28122
15682
28799
9686
15962
6695
27103
6092
9082
14845
7160
20205
3855
22680
24416
23883
14194
19769
32612
11727
13687
178
26525
19326
16035
3786
20420
11770
20377
5858
22982
12108
23254
32729
22043
3808
20382
13102
8788
9681
3382
4964
22004
12392
5716
12715
12673
20703
6356
1724
987
12138
7596
13061
31180
23416
29986
2566
3039
21045
13117
27899
32374
20052
20601
14523
10263
17677
17086
19168
29191
13409
8851
25128
18202
9893
12432
24091
25801
3902
20241
8686
17029
25770
17458
7848
843
7104
22519
18563
9593
26680
8906
31637
25824
26221
8235
5039
794
4706
22947
15238
27165
12291
15865
14096
23825
2222
30889
11569
11103
8690
23954
13463
6667
20887
15599
10211
30531
21214
13192
1289
3128
16649
19242
23545
24876
6942
32596
4223
1996
13545
31283
29543
24513
14656
7632
30438
2434
8587
11657
565
31596
18051
11198
10367
27924
28217
16332
18173
3292
31578
14399
20064
13252
8626
32067
15215
2947
17392
1884
753
23255
24233
11863
29901
27673
9375
25729
23152
16916
12354
12822
21615
3863
28279
1276
15213
8777
9881
10417
2112
16189
17341
31363
1871
5062
17211
11775
23358
16397
27754
13739
4814
9440
13738
9208
22014
27725
31400
6258
28279
112
26589
3386
12070
25737
16216
6326
32555
9297
23230
30599
3058
19855
3727
29371
26271
10214
21162
30276
4272
7921
21524
27561
15325
4754
21493
11516
16707
390
30691
9228
5058
16957
28515
27099
12708
15849
4781
31315
22911
25046
24240
20532
1628
15097
29270
32081
30488
28619
28937
4860
17675
3160
28278
28351
19944
21650
18321
16205
29924
4332
3289
21943
32539
2340
25053
5859
3887
8544
30207
8507
1074
19837
31352
31394
16326
20132
14748
23212
6018
28446
13151
25870
30104
12393
25369
26707
27829
8075
4742
29905
17193
17318
24081
24540
14664
23245
20050
1849
3856
22806
10965
26837
3340
24048
27165
25271
5239
5047
25320
12084
31397
11654
8885
29026
13215
30541
3460
26063
4110
11299
10973
2930
4698
1757
17427
22753
7954
16607
14282
20933
3215
29490
9911
4235
21972
3543
23975
6237
29881
22875
8387
849
10057
13996
15378
24800
9320
4395
32063
22681
953
14082
31389
25878
23742
3000
19304
15152
24897
18691
5454
12655
30451
16861
4909
15300
5204
23513
31007
20347
25810
12984
22964
17259
30773
6711
28798
112
314
29228
30163
5659
26494
209
24526
1959
12446
18272
13463
25903
1181
1248
20964
1311
20870
23358
19904
29161
21074
19103
21644
24569
32011
30453
10307
16362
7218
27600
9474
16634
5983
21112
28359
22459
12071
20024
11384
7436
12354
29436
29736
6472
25069
2591
19607
20413
13198
6526
26615
7776
28055
24785
31734
17854
27052
16699
23288
11574
5640
17183
12964
14182
18461
11830
5027
15075
8826
26590
9892
29485
4594
2997
12964
32226
9723
29287
22636
14385
18516
6852
10075
4242
6123
10518
28517
8372
27389
28849
29788
9143
15487
15307
26222
7324
2237
17806
17392
16634
23873
6764
2138
31730
8182
21171
19602
7524
20877
23393
15469
2403
20256
16697
1395
31719
22293
12822
8930
13506
21830
10368
10998
8150
14942
30077
360
19844
25222
7337
4916
20328
20290
13961
32672
19779
14485
19741
21114
26168
14700
26292
13217
12860
6970
13060
12231
30664
1247
3706
32372
27088
4302
20431
26958
505
3695
5084
14489
19207
29378
31663
18682
12180
15430
4318
11904
8456
19993
17435
2276
10949
1632
14857
27920
17826
5097
23119
2015
32667
20239
21738
24100
19399
6622
4551
19949
3722
2936
16017
13577
14859
27319
28360
24775
3816
15380
531
11009
21801
26312
17623
26713
8563
13617
32520
3011
31358
13430
25919
9028
29385
14190
8205
4601
2701
190
23952
11098
28143
22594
8515
5056
25465
4015
17946
2597
32459
14966
26319
32555
27534
7403
8310
7520
25770
5798
25432
9921
11193
3113
17918
19325
5307
5060
3724
24059
31243
27062
26193
2077
11410
28565
27547
26055
13370
15088
5584
10395
29861
30514
8122
10503
2592
7881
27683
2178
29394
20360
6306
18706
22585
15946
12980
32274
3288
3545
17166
31282
4649
3342
9010
7871
15065
8249
20801
12325
15668
22978
13840
21426
18911
1553
4477
6812
31429
11948
260
15942
11859
22687
21645
29119
8936
545
9608
27787
26247
9076
25660
4775
28368
14093
20316
24007
27950
3317
2524
27618
13137
28015
17154
22256
15327
20187
9408
14835
11110
8922
31809
1844
23958
32435
20674
5071
21165
8950
23715
31857
4402
9823
7358
18273
20454
18428
27127
26557
31736
11410
20756
1543
28536
2878
7376
12768
27662
3416
17962
24850
11756
26012
16131
24532
11009
25228
19176
5706
21103
16
23085
18252
24640
15456
6971
11368
6484
13347
13866
4906
926
18905
26259
24474
28305
23670
26527
6151
24532
20815
26212
24067
14397
30010
28274
30895
9469
30961
1192
21561
12568
3256
25677
6818
2841
24384
4700
18885
21251
970
15134
27285
1162
911
3582
19878
20867
7776
2970
28911
154
32394
31254
29390
9283
25596
29621
13900
15859
2732
17322
7331
8591
20534
1323
30717
11557
23750
14536
7039
10458
21305
17403
11398
25379
19583
3840
6448
23864
8772
13542
22559
7110
19663
31207
21881
28644
22570
31733
12595
19529
13443
20885
12944
31420
26066
2800
5348
17867
22204
18727
4510
27328
21175
24552
19333
26577
27504
13631
32578
31383
19818
21422
7455
25282
18407
25215
12302
15626
3083
30809
13805
2665
26431
31762
19720
14215
31956
1988
23264
14454
17128
547
4139
3231
18062
25101
28187
16124
31529
20579
12515
13960
6425
7192
17272
27380
20378
13447
8340
20892
19944
7690
17665
5817
26536
5320
5908
30424
22659
20942
26488
19595
27412
9826
28460
9822
1796
24979
28367
30988
27251
13333
21276
16883
4762
1612
689
11718
6063
29863
14612
6018
9
26159
4855
29603
20101
29024
12219
31639
20520
823
3124
11635
27910
31884
31404
29669
98
14754
23594
2665
31766
14333
32500
29120
23350
20083
18002
2207
10224
11142
32661
7332
6326
3569
2136
1933
2208
27521
10758
11436
20235
31270
20124
27286
14983
20298
29360
21788
13040
2401
30899
19324
18138
14274
16755
16088
10290
29877
11747
15590
23587
26061
28191
4842
8759
5752
16811
7393
22207
24788
3323
5375
21620
22724
26681
30556
6494
27972
2882
19947
13045
13305
15090
30891
13703
4876
7073
17953
17113
15673
3309
28677
25617
13347
29370
20540
15059
17643
3960
25094
19883
13056
21413
25465
29611
1337
18066
11054
9045
10529
27753
1594
10427
24722
19823
12895
1764
11653
647
18564
2162
12328
27384
11107
17282
11057
28527
20098
5332
8818
30280
26980
22060
18350
27913
27392
21495
10668
2863
16754
17970
22921
12846
18929
20616
31314
3763
32001
19898
28371
24364
10985
27204
6569
906
23656
21054
25503
14917
11172
30336
31799
11937
10595
11529
2182
15409
8829
12450
13381
2969
22930
17342
22822
27799
2296
31397
12388
4421
16631
28881
17054
3736
30265
28056
2533
17965
21628
15372
31252
7493
10634
14880
25439
9486
31851
25356
25391
6180
9433
22770
22318
20823
30452
12737
1693
8111
22327
2906
30190
7085
19115
10993
6287
25044
22362
11190
21764
22120
18695
181
3896
22134
11804
19963
11541
31252
8420
23803
18770
19434
12538
12336
2188
6641
258
31235
17561
17275
27798
31470
537
10356
19075
2786
25677
7655
7990
20966
4909
3011
21361
29698
18356
6112
17219
13403
29311
573
14646
21407
12438
5772
10698
11683
650
22256
17186
23115
31168
17413
9470
21931
20492
26145
21737
29547
7553
31705
17076
8560
8328
29127
28962
15800
19504
1931
5861
902
4293
17936
19401
21440
4772
11025
5680
23701
17229
11739
27838
25698
4282
340
85
15319
7920
14140
25156
6998
16339
10419
23227
28571
7486
18427
899
22946
18771
16256
31467
26053
10512
533
17158
15910
27939
12417
8467
23628
3328
30778
4413
32273
30768
20336
8837
25019
29164
12877
20220
3433
19178
17788
9269
9649
28023
488
20474
6023
28614
19910
25918
6496
8328
9941
27987
18328
16828
16868
6493
24593
26057
17302
10247
24862
8906
30306
21364
3999
4137
8669
23417
10349
17007
26428
9
16632
14682
18196
32752
6958
29745
13413
28612
28831
8276
22743
32025
30943
5655
28227
29173
12076
6096
20853
3204
6993
1839
12849
32524
8650
1230
1139
11298
7977
11785
5883
29471
21177
27920
29449
8398
23648
3898
26982
22631
20938
5533
28835
2241
11971
29659
14501
16835
9445
12606
5986
32284
3700
8200
13029
13619
2182
7940
3224
18785
30823
6497
20930
9823
59
14528
5455
9210
9957
32140
22224
270
14120
12682
31426
2737
6668
26801
6163
17327
12420
1083
16098
8247
28749
27644
7303
10707
18457
29171
8403
8093
3821
5151
2200
26289
712
4243
29036
24286
6789
32717
23211
28577
12034
26948
14267
24915
16258
1600
30612
22177
21840
9966
9599
31293
19110
28084
1821
13523
30924
21698
23468
32575
4484
12778
8326
9469
10150
11441
32490
2784
11016
23206
18175
19975
23456
30194
7190
20238
30701
25137
13872
32129
10898
29568
23744
30614
31557
11223
32434
21019
18151
25242
2987
7341
756
2666
29331
30251
20510
2369
26961
17770
8245
22206
25045
27178
29514
21693
20572
31305
28692
5675
9967
24375
23443
2073
10797
26538
13298
12558
843
8595
29362
31394
13145
4176
14853
14664
19399
4899
29048
26220
4135
4067
5589
16574
25908
13809
16456
18125
12564
28014
10432
16343
4314
18091
10136
18143
1871
32225
31351
3073
2290
26403
20597
16387
2365
22160
24959
24108
27946
22733
5372
18521
1782
20403
31664
26957
32549
18244
8417
20809
20166
5860
30393
220
12024
8902
25068
22013
8621
20900
10395
20311
30638
2739
18551
6628
30688
20438
30761
7357
3013
18449
22514
30513
5445
20033
5518
9492
20911
22539
1887
15705
28155
18707
711
32484
12370
1646
29142
8089
23248
24153
27685
4537
11144
6187
22273
13166
7624
16520
20684
7332
20639
1496
27553
32539
13981
14583
31543
19642
29402
17966
31240
6183
1849
14947
18866
25492
14318
10380
21149
20956
18494
874
18142
28110
29830
16243
3163
31688
19839
20752
4656
2441
22720
23304
5458
12352
6789
8508
6258
15592
27822
5014
4901
13016
18187
1340
7233
23702
23766
25609
5002
24301
13185
1085
3726
575
5811
21619
3277
9756
3469
3540
14109
4882
13617
13451
11853
7879
9349
31864
11529
22086
15668
26153
253
8855
3574
10246
7998
7058
10770
14283
22501
31988
6689
2108
27901
29107
18964
20244
4255
10639
6264
26430
3675
27882
27385
9031
9178
8921
27685
9236
19650
32123
22131
2000
1498
16522
28804
1321
19311
22063
7848
18108
22262
9755
11684
6861
24562
25299
15027
19260
25624
16715
23754
12724
15025
20151
29472
23590
30529
22686
15598
21878
24422
6960
7795
26228
30722
10713
14140
25357
28060
17942
11682
22467
23556
6280
21396
11098
14646
71
2199
2260
26497
27768
32010
9632
13033
29730
15023
14351
15817
8253
5735
12807
8381
7180
28477
5115
16830
16301
24230
27674
9871
10479
15879
21959
18009
22115
9592
3402
7826
30902
18376
27589
3874
28221
20417
24425
16841
7378
8877
13289
8379
7647
11289
16175
8334
28856
5848
17999
24918
10030
5963
11961
27407
16481
10976
20402
2363
9685
28889
30725
2507
32456
79
31733
25411
19907
24438
24439
1562
3184
34
28830
23903
14763
25994
26199
17059
3547
22348
22358
26898
18819
17842
7504
995
21012
17204
30827
11251
4358
14142
1779
18604
18726
11827
25934
44
22066
27313
2610
29347
2723
7191
13077
17661
8138
24132
29925
16066
27678
26274
17658
32570
21461
612
3657
3540
10161
18955
9946
18888
26141
11823
14716
31996
4728
16764
30647
5669
5809
25595
10242
20014
25364
13202
25654
15581
16483
26063
7235
8372
2089
28385
12577
24085
14155
6631
15370
31146
3808
30318
21991
4612
14146
16180
29448
7298
6501
7730
10007
26997
25192
29146
25935
13185
25962
30622
4329
15943
20383
32689
29143
18496
25251
3601
25013
21484
10510
3269
17661
3117
22856
29539
9338
18413
23199
2006
31487
28935
8342
7262
2904
21093
20608
28376
21121
4454
25934
3392
27158
22146
17830
25460
28427
26928
53
22075
16541
17159
8773
3973
11144
24100
23698
24565
21883
17101
27225
22940
31945
6227
28339
2056
24673
15677
15393
27005
25600
10914
14952
3458
17573
9943
24223
31903
28998
2891
27014
19814
23489
8622
24601
2736
22037
23641
29285
20265
20434
28138
17563
14863
1998
1070
20067
8502
1562
10821
17522
9296
29236
5632
16479
1387
6526
25742
6834
27323
14831
2648
11071
28058
25865
31273
25522
6861
3851
18322
30826
18441
7783
18573
2955
25269
3958
31328
3662
7154
107
11716
19612
5593
14726
15943
22236
30211
1418
22767
15881
335
28272
5664
22023
9439
12893
27327
29239
4196
1234
13464
20553
17820
28706
26109
9553
16665
27434
5296
285
8259
30524
28676
31686
26784
23132
25150
24966
21587
18863
24897
20681
18403
6192
12907
32391
21822
15781
9658
5328
28670
18898
3123
24489
14058
6124
28036
15382
30400
22096
16616
32120
18994
13941
11595
15641
31534
22815
5295
18438
2402
19158
28366
7965
31232
9367
14080
15718
21694
9417
29024
6311
29218
21618
2858
4146
32508
3243
6760
15874
22836
28754
16590
24070
10693
11774
13794
16317
24586
7736
15456
30211
29241
4584
1756
14635
1837
25869
20393
12109
28008
10673
10234
3809
856
32541
16967
20365
29913
26953
15346
23868
29180
15510
10795
368
17158
29119
28177
30425
23996
30221
5145
23334
24542
19403
17076
29467
4850
3834
31788
29924
23874
12870
14287
19625
17448
2104
5712
3938
25481
27820
13674
4077
32416
8838
26310
19037
3581
14753
19999
6550
28365
4360
10916
27415
5979
18793
20382
25878
29911
15302
4178
13010
22103
18542
9001
27429
2331
4652
16398
17752
2581
31166
32280
4156
28840
28040
13417
8054
30385
24970
25174
8987
16836
912
25288
7549
20920
32680
28385
27460
14437
26841
13283
4544
32428
6674
78
18301
23224
9057
19529
27416
7044
5989
8515
23634
28061
19718
9434
27491
23850
26979
19196
21137
14633
17932
29516
28160
15355
1906
30151
9676
7459
30620
25255
15957
28747
31003
31111
730
30087
9791
7113
32330
16094
28811
15925
13910
20231
21607
7650
7371
5488
29973
15450
11039
27525
13542
26361
23625
30510
7598
19862
30934
5785
11637
27750
26938
14651
23407
19740
612
18961
26927
25429
149
3884
21527
2100
9329
8812
31507
22857
9815
26508
19591
32440
29678
9054
4229
7319
27648
6232
9028
29591
3212
19536
13261
29927
18198
23428
23288
19797
28482
31965
7831
11191
30625
7029
13553
18057
28875
10582
7282
25815
32430
3973
23456
28254
14373
24383
32081
18158
9421
10370
7451
30994
19732
6607
6157
29683
4242
19759
13724
24698
13981
26228
23776
20917
27927
26305
10753
21628
10635
22860
30700
8788
8312
15715
12874
31635
18157
20909
946
27845
4694
9395
13341
847
27286
3742
19355
13650
598
30786
19781
210
2460
4956
7795
1560
28319
26648
28207
8532
8410
23511
12521
18311
2655
5422
1132
10912
13166
24882
4112
26853
17478
32243
13617
19349
22843
28230
9185
22732
23817
15048
10202
15526
23912
17439
16822
19879
3552
2691
24675
12379
27871
3710
20177
24121
16137
12015
10733
5069
21711
10325
29395
27159
20035
6474
4415
7982
20778
12366
23109
21032
25939
26310
28483
13886
27432
27972
2323
300
24707
11529
901
6359
26563
713
15628
17458
17694
5806
7863
25442
17977
30111
24675
29473
18421
20417
23856
24416
20108
62
3121
26928
25566
16966
29032
9186
12293
14164
6897
19821
47
8883
32381
1553
12205
32320
19202
11066
10055
19569
689
22951
26323
19350
28969
23243
19718
28255
20970
372
4489
15775
15116
14762
9551
1871
8241
20442
27943
32470
440
13108
2701
12936
7219
14161
9926
31340
11291
6425
29740
17474
6595
19172
22982
24772
8587
19423
32027
13869
19542
3762
7752
31736
19518
13151
31313
25578
4486
6253
10165
21586
11215
1863
8517
6032
19343
32735
29493
9428
30656
26518
15988
26152
19413
8032
1593
8113
20978
17699
31711
23601
19804
9313
15602
721
2351
6679
14218
31262
32591
28645
10455
31825
27552
29294
27134
211
8058
18178
32547
24320
10583
17531
7367
3628
9423
21348
5973
9955
18119
6497
28919
2421
31205
29642
31150
19890
8007
1434
13730
24563
18292
23688
32183
28506
30610
29043
3680
4442
20186
2051
30904
15993
8266
12686
10703
3156
21657
30520
31809
18660
10352
28511
2062
23297
6871
16950
9381
3108
8174
25007
20802
8049
27613
30879
30586
23029
27149
21789
15381
24620
13465
21034
21019
3270
8191
1176
1073
9386
12060
12068
26662
3132
855
16870
28874
25051
7452
26859
20991
8622
140
28192
27410
13985
4722
29297
11083
7338
16761
16947
9410
30801
20381
18623
16757
18287
20448
26464
20120
3894
11326
13168
21036
11121
18402
24509
24275
8973
4506
21810
23011
9689
6793
16051
26553
6026
1308
3144
29264
19458
24639
12670
32274
22738
17104
8970
16621
8189
15187
22448
12202
30719
26600
20579
30074
5389
19067
27566
2514
6047
11579
2130
22649
25644
11085
15153
12256
10292
12737
7274
27057
12420
3269
28614
426
29878
21784
11347
3756
31735
20930
10062
21007
32525
8707
26182
20793
27544
17289
23679
11631
11415
18661
6037
11754
23599
21568
8033
12334
17064
10826
3360
29335
18105
29044
7634
27957
13061
29023
17377
11482
29925
26260
31747
25712
14440
15989
26977
10384
1432
20340
31993
2385
17151
24962
11329
32350
16746
6858
31501
22860
13549
9376
23730
12842
16167
7348
12396
601
28359
9868
23805
24990
22607
12593
20375
6517
11289
17704
25084
680
28055
28323
27620
24865
12254
6137
927
12796
31590
26708
12795
8161
16651
31401
7528
4497
32344
238
28762
1726
30469
10119
32495
14112
10174
19713
28626
10181
22055
25090
27743
10921
25116
1408
7176
31878
15421
12594
28407
29933
9642
2628
31732
31894
7435
10831
30090
15861
7380
29832
31333
17421
3783
19256
17663
31625
6330
14700
32380
18953
9882
25837
14546
12218
21936
23666
21548
10025
9507
5653
21393
14169
4030
12804
25792
27667
29428
21881
8031
10365
26401
12780
16213
2030
27923
3207
24181
16641
5321
23002
29020
16104
378
16848
2972
25859
28378
8161
12058
12465
7064
21386
10932
11623
15659
29946
19495
28415
24782
16911
26928
1618
24009
22400
1010
9224
15603
2652
3736
23983
14709
30131
4667
18699
16080
4242
15622
25005
2082
24629
7064
27847
17573
6777
425
20287
25976
19600
26097
2562
30882
23032
13637
20635
13652
26542
24836
28164
7534
1951
11441
27580
22597
14431
32481
12057
10915
3357
14680
224
12304
4567
23663
13075
14672
16330
31161
22794
29741
5677
14821
17861
16503
11038
31206
17537
22088
18653
17234
16265
8588
27448
9224
18767
30401
12614
10518
15291
1276
5976
218
25027
10541
3373
2151
24380
1699
15461
18473
19184
2259
4920
9165
12016
12885
26472
16731
25388
23855
17780
27557
30272
20566
16399
29669
6289
20082
21456
22178
15769
482
13099
10195
26495
27136
3744
2631
20715
11686
11570
13892
26904
30449
26907
21359
22059
15428
25790
10731
29123
6800
3037
28357
29649
9427
13580
12176
16298
19679
30566
8524
1882
18781
2174
22157
14651
7441
13977
8409
27591
9056
21274
8529
15275
17935
8509
19603
20508
16461
7432
26080
31086
4852
11903
13690
7651
3596
7448
32336
26817
5009
22382
30429
28583
30581
25401
18766
16928
8425
2430
24291
6009
20697
4867
31383
3792
12725
10502
26371
13678
5239
11822
15232
18263
32482
9154
31884
24094
28423
28441
7023
510
30734
4946
6430
20775
7219
13125
20575
12630
2063
28600
11054
16296
4889
30167
18271
29360
10604
20958
20102
8903
715
23065
1300
27811
19170
17934
21698
8748
7886
17913
22067
15754
992
11896
7636
2691
15262
3208
20488
31236
6411
13744
16514
21501
15145
10364
8433
15218
20667
20781
739
14544
18767
1711
12515
15997
6012
21451
8933
23474
26729
24734
4581
4493
29838
4170
28362
32354
19903
9963
16528
21331
20070
3021
11686
18464
3600
31708
13461
320
32555
16475
22499
7216
6669
15833
16695
22027
14649
28513
8125
91
2782
8690
17868
14382
15265
1070
18887
4973
16028
24150
11841
14442
22183
1654
21860
5048
17622
25821
17299
8255
16451
7376
30030
30095
6925
11648
19542
4213
14496
7993
22546
2508
14647
4315
32050
12182
32416
14734
16530
13388
28223
12978
14689
26738
5206
7701
28290
12909
3204
31849
9010
14489
21387
18421
22252
29079
26198
10122
31881
3812
21050
19897
11436
30128
6780
22595
22365
14829
5907
17361
14580
20390
12464
18405
5689
26258
7676
12049
969
9193
1568
32615
15548
11894
11403
1840
19588
16622
2543
8673
4120
13952
30349
18762
21075
17837
18867
18193
1942
23898
4739
6751
27829
22563
19957
26073
3345
31219
15904
31186
29697
27601
18101
20158
3447
10749
29388
1002
31200
6204
2019
13931
22859
12400
18979
17493
20942
32619
21990
20525
21797
25605
12919
6304
27037
17516
536
30836
31281
11708
29514
8896
29170
4560
22344
28504
9900
5975
469
19340
22214
12330
22071
8978
15978
27101
9604
21824
2022
11411
16924
2686
6994
23575
27767
32252
4467
3881
32033
4000
19936
20758
28674
12867
1123
8588
13539
2588
11682
9899
26926
20348
12031
17759
24309
18876
14780
5102
5430
30324
9571
23245
1374
12526
18789
6072
27147
28123
6657
14081
25366
24388
3175
30505
6865
5315
1566
10925
20621
27634
23459
19490
27744
25892
8787
6276
37
12371
22922
9164
22979
1626
12045
7104
2739
8804
25253
11535
2236
28581
3341
16029
19457
16200
19982
30492
3646
6824
9705
16604
3919
1474
32245
16356
754
17899
9353
28225
3021
190
16412
21150
26547
18265
32171
1301
12579
25033
32348
30277
23057
28354
18528
11429
17385
11155
16157
27671
6354
30810
26253
31681
18992
27764
30177
32280
22636
3896
32107
3901
18423
2277
9146
7565
26508
24536
15879
12404
19382
5635
18384
4481
9107
15002
32194
3008
19159
17423
8156
13636
15635
17985
7890
30467
20024
22769
14511
18151
19543
17013
18623
18465
28330
15024
20140
17857
13784
23105
28903
15235
8565
2555
32329
24812
24264
1685
13051
27286
21714
19619
17555
30153
12683
197
31103
21066
23663
10271
20391
7800
29241
17673
30286
27028
11759
11271
7993
20577
25374
9467
27412
18413
28007
11417
29969
2734
14650
27164
16850
23504
18914
11575
5513
5326
24770
2127
30046
12608
10718
23271
22545
19700
4509
24668
18912
18495
10189
5842
1963
1685
13287
4718
21846
31576
24212
4294
4975
30958
5233
24725
22544
30230
1551
29108
3847
15740
26943
8517
25909
15243
24460
5681
820
24194
9736
16854
23357
15562
29260
22777
3656
30087
8378
22786
11380
32621
6149
28008
21674
22996
1524
18794
30589
21519
22882
18944
16725
24314
7562
29713
28621
7379
6785
8934
5721
9035
24324
31455
5676
9180
6004
29796
19801
28252
22047
4895
16696
467
12481
7528
18443
8074
22347
26625
30177
5220
2018
2564
20667
11377
1067
3353
4078
1217
27590
28140
27336
12150
8216
223
14966
24093
5454
3836
29477
1599
13470
16173
14440
13362
13264
8111
4314
53
1534
25540
32004
22973
18840
10664
30081
7433
22442
23751
5215
9980
22626
2093
28105
23340
205
11582
23523
20535
24033
29351
16886
5718
20672
16276
2765
19508
8251
5924
26207
30208
17301
18457
2734
19136
19082
17621
31726
27625
1680
14210
8170
15149
22877
9872
8356
17045
19625
15716
25147
25295
22325
3406
4114
15305
29452
23228
1327
895
26889
19118
5089
16145
30105
1130
28838
4632
10946
7025
17483
6202
13157
21937
10581
31996
23488
8700
6304
17880
822
21177
2374
656
23379
28890
18370
22465
6155
15118
18518
6075
30018
9527
30890
23952
13714
27678
21685
24171
32328
4453
17120
25891
13487
21438
31593
11280
16530
30555
32518
2334
22524
29350
24780
8223
14402
21297
26446
3942
28739
28400
18697
19089
8175
13734
2048
6054
20742
13981
12451
25186
19746
11930
32757
22989
5368
12816
13550
3090
23771
18324
4382
29838
12930
1681
19604
12327
12298
3645
254
19423
24638
26827
20498
25000
14359
12003
18732
30587
18815
32591
21048
21668
4954
7927
6098
16736
4807
21775
18604
25769
31139
22415
8240
13393
11856
23523
1127
11086
30900
8164
15130
14933
132
32520
31287
9898
194
26581
22389
19254
21636
17820
23355
28634
16632
12899
15039
11011
8357
1315
32107
382
21491
4148
4484
14478
6894
9221
5133
3644
15431
10768
20457
19439
7579
27661
14401
26428
12536
23398
25125
9471
23454
27884
16758
29355
14850
23752
11523
27102
25881
28340
28146
12857
7378
32363
24162
13678
31717
29789
23374
22938
6347
29352
3508
13782
14349
20036
20215
29960
29634
10365
11395
23296
31827
15527
20143
8128
22146
13837
18151
5402
15019
8746
2314
19073
31049
21276
5137
8985
2235
18005
3570
4624
8265
25492
22211
28977
1122
10259
22307
9654
26663
4610
3542
1886
2094
24629
8367
15808
25215
31258
29875
2015
12259
5101
4475
8702
607
25391
21466
15798
11515
30548
13248
16453
22727
2748
8542
15145
27424
24548
15755
21230
8496
32478
29031
2116
1204
26366
10558
5972
7682
2263
13999
24916
1866
7269
7693
5209
17692
10124
21253
1389
2090
18625
10369
28898
15440
6664
30669
5350
2257
16414
17144
23127
9700
31223
22142
32728
11119
17515
11811
31524
15634
26156
8482
1186
14183
30715
6535
314
17032
15643
23258
15976
28114
24582
7165
13454
14569
26464
30807
17295
11772
30505
31795
7577
29003
12854
20578
21570
27110
20450
18728
15319
26551
14849
23638
6384
27330
18197
17075
19528
28588
25797
18592
28876
25978
18058
4604
8178
12444
27820
21830
20556
24362
5997
20993
605
29293
31363
1629
12203
24993
17612
26643
12309
14841
20542
9361
2407
32740
3613
11351
23852
13711
880
3489
26820
10923
27061
25158
19382
31088
18388
21728
2119
21730
5970
301
29259
3155
18887
13237
59
26665
17042
19629
12936
17377
6347
18972
1327
2388
13689
15676
8078
28985
8709
12067
13941
11500
6895
14498
21633
23918
15040
20846
31909
31660
20800
6781
23306
5636
15080
10163
30745
1797
19610
3262
8662
2422
10128
12607
32623
19866
2451
12330
788
29619
28013
18031
11786
4037
4000
5338
23291
6812
11096
14647
657
29712
927
699
11843
23176
3280
17823
3438
31677
19022
4622
24743
705
13429
21057
12112
18239
15057
5097
31593
516
13966
205
26537
10942
24880
19124
973
25348
9093
3717
13105
4759
20695
29357
24989
6376
8805
1217
31329
14298
1813
6756
21924
7112
7011
14700
4089
9418
23965
19264
51
21812
29266
8068
16251
2400
3336
505
30623
23726
20781
26526
27565
24520
16208
30492
28353
1067
657
28768
15643
24803
12886
14218
27508
13461
23616
1798
24722
18627
27230
3320
3355
6732
14752
30686
21927
27442
29838
13937
25368
8608
1593
28363
19758
6188
14706
28879
21334
17241
22587
10182
6083
20576
24443
20294
4288
8496
6902
28504
9285
18867
15739
25561
8648
29267
18783
29473
3669
17341
23851
14307
30433
16356
14482
25172
15580
11337
3494
5264
4357
29051
29259
24121
4226
5081
1515
7009
14384
10655
8043
15018
8760
29217
5982
11947
16867
29265
633
3734
4527
14983
28743
10776
26530
14722
542
5249
25566
16554
28242
27429
11638
7575
17320
23298
29056
27863
270
10659
22635
2540
21897
17732
26003
16533
7278
8246
29971
9039
27093
23429
19418
11034
15179
1241
28162
1152
8391
27546
12125
11732
29152
20823
12880
19128
25404
31081
18660
20705
4172
23507
27674
29215
19766
32621
15743
26519
21779
16194
18177
595
10331
32566
27905
9470
12189
5100
18089
2792
30324
25062
20608
81
4790
30702
11579
28643
3054
10421
26839
27008
22285
26555
29156
1598
14940
28014
15652
19888
11701
26262
18260
104
2803
13040
26954
27577
8871
30489
12864
10946
2317
1454
15472
30887
12094
25522
12257
30754
7334
27696
26496
5179
23737
22305
27762
24147
29922
10127
15273
3431
30396
17659
2485
659
645
17405
30941
30421
19920
8746
30063
13844
633
31034
11348
2913
2526
28011
20455
17020
6220
23328
7944
25242
3256
1998
25195
1637
30896
23064
21558
30021
25745
23865
9676
25054
9209
5027
6115
29146
20095
23781
22749
29416
12450
29394
7509
24836
18688
16864
9976
8698
9673
8398
11670
6693
13938
11146
24184
32381
26030
17745
26101
2001
3994
1560
14144
27472
10295
5931
1668
15438
9758
17172
10547
6981
1391
15550
20635
22042
30475
25050
21178
23970
4099
31874
30035
13413
3408
18460
28481
15010
32708
15746
5132
31635
29760
27232
23994
24561
27688
22493
18663
27067
14868
17533
14104
23860
5832
13637
19277
31531
615
8737
29909
12414
17891
16772
7270
24289
10424
14158
10093
8924
11994
10994
17827
15123
29419
2264
15585
29898
28850
29440
10037
16808
21449
9449
22325
23227
7829
20145
22163
5309
15739
11133
13042
18838
23121
22299
3320
31521
1043
9958
7589
4915
32472
2538
9699
25818
20484
13385
31838
21218
23230
6622
11669
16286
8357
31775
25138
10725
31422
3912
32662
7002
24241
31414
14009
19440
1078
14480
30001
7854
32458
6317
27792
23472
8102
27314
9203
19311
13297
4987
18392
5954
29493
4541
11312
4900
12816
13801
13494
21687
11564
4435
6014
15241
112
24723
11729
20118
7800
29995
18232
4879
23619
25195
13015
16474
25900
29074
29436
30042
11036
8502
20216
21232
9981
13286
14126
8130
32114
4621
12137
22843
23493
793
13171
21971
8481
477
18915
23696
10241
12340
14646
21964
17384
11752
4897
31034
18259
22226
2598
7460
9707
11330
17766
2806
1792
28065
9910
32000
23603
9300
14068
10616
20594
9956
11420
32446
9002
22364
16534
29924
17335
8435
17746
6254
16672
30955
13335
12886
25089
26297
9368
12628
30920
22374
25289
14428
18468
16437
5872
30311
3003
21638
13311
11126
31004
21242
8225
32468
19700
11736
19347
2716
14468
4784
10677
16508
17234
5438
16481
3000
29983
400
16763
21618
23578
6507
25289
18472
17235
16620
26629
2942
11634
24171
4913
14654
26537
29092
28459
21149
18663
9753
10369
1216
29007
25778
26758
26494
7656
10407
26278
6504
25750
7071
9206
23814
27721
15642
1295
7012
30068
6412
15901
28621
18113
20938
17715
8407
20995
298
16098
10912
9579
13542
6409
15958
32000
2626
18414
23293
2121
11503
22926
25452
14412
15662
21298
21913
10685
24889
3395
1815
32623
1502
351
2781
16654
4717
16044
9289
4624
5076
30829
27493
21737
8969
25299
1640
3710
2728
21013
7296
7645
28638
20419
26062
7211
645
6743
31922
30941
30864
17165
21578
9772
22698
24052
30773
27074
22554
30789
31133
9658
20458
18676
11636
11719
3400
20358
8189
31923
300
21794
24975
24076
4923
1002
4246
24602
7148
2188
17626
8723
18921
29203
16388
21138
30392
17412
1886
29254
11930
28326
19162
12007
28595
8609
15702
27247
25708
11466
16926
17030
7446
25406
5042
11326
3280
13486
18378
30720
19882
28921
21656
20935
28682
27136
31565
4491
22863
26550
15326
28673
30133
8822
13832
29569
16760
14234
7058
10567
27965
19529
6098
32479
8621
21136
20594
20443
9827
9396
25460
31687
28680
27335
1652
6239
22972
32378
11053
5119
3512
16690
19775
23642
24882
6238
19760
23919
10113
1031
31920
27833
16514
936
16417
29862
26170
15681
26966
29771
32189
6823
12187
10070
28494
20766
26870
27204
18887
1833
26797
11988
13628
3233
9992
5307
30939
22789
5720
31385
6166
17425
18744
6956
19205
11410
19987
2755
22021
376
25575
10486
1190
24877
27720
23189
19396
17189
16039
8158
22259
24503
16596
23283
1313
18987
26818
23179
6262
28948
2955
31975
7551
30944
7603
32520
19852
9389
18609
19487
28758
16734
31147
24901
229
18158
19842
6508
6577
9221
32270
30101
27656
26569
13483
13636
18095
15863
26100
21297
28620
28978
6862
14913
22019
26523
19113
18100
23776
19873
11010
26528
18549
25371
6188
29854
3140
7828
31569
3011
351
6885
20916
3026
18381
778
14648
32431
22320
28718
9766
2071
677
28168
9771
11407
29676
6506
21664
1178
25033
3351
25614
12335
1449
4310
24818
7786
5257
16068
4541
32130
16148
4846
6175
26363
32011
6431
14213
7197
10218
11511
25825
26276
10441
61
937
29113
15744
23414
29730
12065
6414
19639
22238
7349
25404
14519
10627
32274
23421
552
8399
24209
8985
15176
25561
28538
29322
5555
3226
5748
15910
1147
4523
16448
3583
17530
32080
19367
3336
16103
5558
8369
4985
31272
23161
18456
12404
3303
31593
5884
30440
18280
11406
17112
4534
1818
31594
29109
25362
26732
2429
6814
13100
19169
20495
19027
12816
23399
20777
8258
20683
6373
23013
6066
13776
1811
14823
28994
20634
910
5164
20626
20626
28972
11523
25152
818
11660
22872
7702
23915
1266
29496
31105
13380
6226
30610
7749
26821
27051
12603
31088
2835
663
5429
13964
14556
26911
13361
31513
15093
22227
25938
30267
9794
26139
3636
6319
983
10696
11309
2307
17500
25326
723
10247
694
18678
5054
14719
23012
6127
17295
1306
21030
22821
20528
936
10597
6645
31838
27783
31439
1247
5221
14174
2498
4317
12331
26126
13291
15091
22128
10982
20143
32264
25940
16151
29641
31988
25626
32103
309
4826
8747
5417
20557
15800
18270
26988
26675
5948
14710
28787
12142
20442
31469
10085
24792
24603
26352
28230
18359
25656
28330
24614
1834
21991
15301
31640
28871
6261
23598
12134
11906
2837
23321
8067
17360
5496
27462
13889
10765
25245
1666
21956
3099
15851
9840
15799
25933
18045
31369
31037
1923
27837
16226
26923
19606
28212
6957
15988
30454
17312
9091
30949
1425
13639
28769
15890
32503
2444
24688
7312
30652
448
29321
3940
22558
6458
22648
21948
9448
15018
9984
29405
20375
24490
18208
27229
20922
20118
3221
3218
6047
27294
5536
26442
32299
18969
22537
11964
26634
1820
32612
12991
11785
32332
147
13370
28351
28656
1676
11996
371
14155
7261
27405
4154
3112
14445
27684
7520
694
3332
3802
30729
15766
16909
27646
25624
1587
31771
21355
31056
16210
21675
29496
32185
26090
10153
32558
16198
5173
23093
27775
12468
15111
32422
5556
19893
1375
31183
23272
2638
6715
3458
4660
20862
12465
27731
23658
22304
10812
15006
12806
16658
10068
8396
15457
27543
19009
21201
20264
19706
7216
12537
5645
15477
18567
26085
19132
8272
8822
9680
1809
18253
10446
29464
1928
28996
31767
3065
29173
19211
31453
26011
29813
24984
30794
22607
20644
20586
16634
24853
10000
12069
25098
7267
5870
636
26226
24097
1548
13395
32405
2808
9479
22309
17943
5836
958
14500
7151
19591
18950
1952
16573
17177
26784
4394
12125
9149
22120
22777
25532
9597
11726
4365
1002
25080
16010
13457
8049
26467
26508
18950
30950
11214
19762
4254
3517
17832
16318
7398
20577
3462
26119
10408
18565
3360
111
6672
3508
24476
22548
1549
20528
26384
11851
12794
25593
31554
16458
22654
556
30130
13092
13745
13454
16090
31739
7808
8041
16564
6256
10066
7575
25213
11103
7660
25308
29113
20938
23185
6265
7287
17426
11374
10237
24790
5997
25910
10335
5576
13204
18442
8522
28950
20668
24475
6328
11940
4552
32658
7874
15607
3773
30000
19382
4852
25462
11057
25707
4842
5785
17655
6353
7891
27849
29924
4300
16855
31773
4616
15171
4882
5073
12540
4980
13719
19516
17421
20618
6581
21250
1693
13169
25465
18315
14279
26345
6771
15284
26690
9689
1725
11460
24456
7142
24378
2209
23607
13381
11548
4932
13239
19149
2217
16490
5405
29521
4926
21900
29519
19244
21140
26642
23145
2333
20802
3012
13408
16214
10371
17793
16614
975
22330
5683
17549
29408
2611
12802
13102
16399
14764
14280
22924
18727
16404
31941
18997
24458
19986
16533
4521
15303
24521
23902
30142
20335
5979
18510
17475
26917
8363
30277
29924
24309
616
30926
8781
13031
71
26452
7827
26067
29327
26771
9935
27766
14043
28748
31244
31430
7707
1341
22371
6531
31709
9040
10084
14863
15051
3603
21688
15487
6772
10088
6149
7154
31311
7806
15122
13601
22012
2815
5932
23352
22222
18571
21192
12005
7815
9830
8809
27566
12130
16237
4292
8071
5463
3663
4642
164
13466
4601
26375
21900
24933
5714
4625
9071
9463
29993
25890
5817
21469
25451
27074
23015
22896
7834
10430
20121
23711
3706
5397
23785
8686
12046
7701
19708
20159
22210
11458
24278
29136
11498
4215
5235
29958
25707
7888
25107
23657
3768
2758
14549
30319
6913
14108
8071
24957
21927
2043
19901
2731
31730
30681
32032
2504
14342
29599
25865
32414
6419
16906
5199
21366
23501
31313
7517
2271
5916
19977
18567
28332
8468
10822
16542
28220
16423
29700
28097
18942
31897
25541
29303
30259
9781
17531
32507
28406
25151
6567
28375
12154
21929
28867
25780
11924
16265
25054
22641
1145
6091
902
19314
7624
1571
21994
5947
8139
17734
26944
2621
25082
18010
17253
18159
8384
10411
18627
6433
19842
22943
11384
13710
8158
28908
11189
6064
19504
7432
6243
29144
859
13282
30477
25469
8134
15311
13306
27092
9124
199
13209
16034
27769
2513
16931
6479
16345
700
9851
1595
5491
28176
23641
18517
16975
13124
14759
30953
26964
23857
811
22969
21773
7367
13415
3408
7853
25599
32445
10643
18000
11536
17367
22681
8323
16870
3910
31676
15623
6096
21353
1264
10962
4985
28049
31316
15703
18713
13666
22535
14087
3308
7037
17469
32024
26596
7004
18834
14469
17563
1148
2974
2134
26763
24258
10697
10529
3457
28184
17504
13777
12111
6487
22505
26022
25025
14441
25268
27517
17107
3503
2227
23122
23841
28320
10635
13059
3743
24499
7403
32598
18314
10111
2333
7742
13727
7457
2011
9562
12170
13791
3427
31679
29857
5643
17870
4599
5330
10537
23709
23369
5338
1364
25237
27707
8888
7645
17869
25174
28258
2358
4101
31017
31414
24078
24377
28817
31411
27582
19574
10295
3817
20964
13549
5209
30510
15181
6470
28622
3219
16409
1846
20292
6039
13081
16724
31181
22170
24188
6440
10906
18580
29611
12165
8197
4102
12913
3865
7125
561
2911
21827
14526
13959
16751
23844
14632
10847
20199
8441
13106
19692
4480
17832
15861
1904
456
1176
1037
5549
31173
26566
24406
17052
20187
3094
25075
23906
17135
24039
28821
31360
4301
1001
20985
21834
6087
27699
22451
26010
27295
12176
1067
32197
17832
16154
20965
1230
12327
4107
5
8410
19711
14799
2066
26084
7822
14942
8442
23730
16850
21704
29526
30216
25808
15889
25328
15899
31798
3136
4482
25672
31807
7091
32449
27398
6359
24245
27034
5146
20736
19283
22204
23818
18804
23403
24662
8147
14987
21253
13090
11230
30048
16614
23714
27441
17455
28003
20138
26595
10754
11124
15390
17874
17805
16393
13053
1176
23382
21409
6046
7610
19225
8728
25914
21283
29802
23744
22443
16849
20124
29364
25203
3279
14306
13161
6400
13411
16308
32646
27695
28040
28788
31734
24846
3486
23634
31547
9446
24161
29037
4357
8825
28184
22842
1027
31880
12302
26410
4601
4504
326
23175
14867
27894
25963
30623
377
18681
4102
15397
26147
1671
3572
13012
29679
15834
8982
10837
12272
19588
12362
21347
19977
1201
13722
2605
25787
25005
17588
20220
4924
26022
30618
12821
19913
1202
16283
14049
17468
16660
8322
29259
5857
23739
11277
26730
19846
17419
20897
28000
17617
5600
22075
3458
1495
27856
2218
16569
15337
19889
1532
27943
15537
24411
8758
32014
22143
20399
18760
3054
22749
2521
27711
28398
2921
8657
20157
7293
1764
6440
18598
14137
9350
24833
20509
16400
30612
15710
24495
13221
1333
28061
3277
5877
11906
15938
25216
14138
220
26614
21592
8464
24706
24528
23974
4822
16738
31956
8426
28247
25136
5817
7055
28073
15798
496
16854
8022
9835
3297
5905
28090
16454
25208
5649
13740
19668
30176
32225
12385
32137
23438
22197
13452
16468
13186
17181
4810
14965
2249
29054
4414
26003
19015
16835
19064
777
16563
29520
29596
22914
9699
28471
19904
28869
16714
687
18069
16338
11711
7618
3146
301
11391
27205
6317
8570
10614
20237
30612
31818
21690
13152
19579
23349
30041
5802
23406
27433
22868
20593
6442
7169
1771
3211
1663
7769
4891
22415
23288
29601
16742
20361
17086
17521
20690
19698
13242
28956
6708
6111
7674
4232
25518
32120
31574
20797
3447
22956
595
28859
31706
26915
71
15633
25218
30580
7870
21675
21748
15769
6173
6252
16477
1184
8069
1021
12942
24738
32762
24676
4677
6137
14021
1240
11438
2734
3350
6611
15401
11825
29934
4714
19534
29005
11580
20442
7982
7258
28999
9059
30684
437
14155
8793
28205
4717
16999
120
12219
11071
2998
25720
21040
11717
18109
27361
6849
14826
1285
19233
24312
7073
15624
21211
25271
16599
14418
11139
22394
19365
11488
7720
24796
5323
1484
18832
16989
12890
7980
32394
6754
22192
31031
13952
20093
7081
9897
22604
3311
3604
31337
16204
1899
3428
14441
14521
19229
21416
19918
27444
23019
14782
21586
23714
26875
3011
25830
2618
26741
461
32155
18140
14474
12509
32450
21413
12213
2063
850
26304
22080
11796
6283
5247
31499
21218
6361
20138
1417
18858
11771
28183
10507
32523
15972
31354
23873
8069
18914
9343
16381
560
31101
9750
17467
11182
26274
32014
21087
32094
23937
13286
15805
25810
7859
11488
13150
8068
25632
9046
1537
26308
11552
22353
31585
6133
5600
5976
32438
11513
15880
7302
23678
6378
666
27872
27517
23819
3869
14309
18179
27134
2556
24934
32365
8503
24617
11927
24046
2736
29701
18791
13456
4830
13188
3597
15221
25829
22924
22243
611
13576
24223
14968
1408
3939
23738
28640
20569
32476
27261
19791
21033
8279
12683
5351
18265
30249
17460
973
23619
4047
30290
22402
27963
23009
15728
15729
2000
10817
23602
24772
4431
23704
23793
2684
13961
4867
8101
1985
2262
28425
32520
19062
27738
22225
20728
30737
15239
6801
17949
23210
17379
3658
27853
26705
12
27571
23340
21669
13049
4210
17560
24739
18562
27794
32324
23739
7971
13618
14114
4393
7933
12154
26375
130
16925
10196
14602
14477
29185
26968
29997
9557
24152
18823
11583
6780
12554
7229
12544
1746
17272
9185
3463
1574
14597
20959
7137
17757
8917
27480
25339
27841
4309
26136
20673
1179
13307
4552
3720
2051
30159
24932
29865
6647
10538
26864
24943
4267
14397
25447
30516
19232
29654
21749
1478
1272
26591
7525
8976
7305
22823
3805
14070
32560
20582
23753
32384
12263
22139
30485
19003
7194
17911
9631
31708
12983
21983
30700
1831
29061
16814
23834
31247
23734
12954
30741
20511
5311
19992
1038
5400
32359
3490
23849
6876
12574
17336
374
18058
8081
29221
7715
14571
11899
21891
31984
22029
11710
18945
26082
28717
26546
28004
18748
6618
15037
8780
17835
25432
28964
22713
24257
1859
19232
16333
30628
19060
28469
17620
26120
4905
13503
897
12634
31583
31950
2938
21054
25219
3379
7960
1596
16970
8667
20327
2998
19166
10332
6517
23070
2618
22990
26825
10854
8919
9948
9009
25527
21896
10778
8641
16485
25250
5274
15128
16163
1633
18618
17125
13427
5255
5951
8874
4193
30534
21160
28608
11377
5472
11452
8860
13782
25485
4710
21328
2020
9501
31170
8020
2760
8158
22136
7303
27255
18240
10313
32113
14820
8887
22503
19147
22134
29537
22026
22081
8121
23785
12480
19062
22356
5547
4868
31817
15675
25113
25235
24919
15397
24413
28667
20416
14913
24896
27893
27439
25124
26442
7412
25364
30726
27946
29694
26164
3887
6745
6075
28516
13228
5371
30412
20369
23622
31750
27229
6404
14517
19621
5630
20452
12304
14047
31150
1021
9096
9588
27193
14271
18774
32007
25541
14474
13298
22146
27303
19497
22918
14519
28283
22428
12194
5443
25459
25370
12081
3256
1519
8022
21676
15867
31822
20482
28813
9450
19204
16273
23559
19522
20205
8258
26100
22208
12770
32346
3087
9095
3465
10160
21603
4546
12401
11375
23299
10122
14686
23832
26620
8202
31969
27078
8584
9441
26924
1718
11908
14023
23589
14854
23844
2420
8121
14013
8678
22206
115
26892
708
27905
12877
6100
17070
31939
30662
16231
24887
27032
16180
2451
17039
8772
10844
1757
5041
17440
13376
3338
16093
3519
26936
24292
1097
25808
25924
314
2836
29510
3233
24873
32379
8119
12954
12186
2895
25858
8865
5644
20902
19765
16286
10388
7890
5038
11655
14625
911
12928
14641
28677
6784
24344
29286
19889
4829
14880
11319
31168
21350
13987
22419
824
18843
31858
27673
30220
14638
18887
21291
27109
8121
6185
2372
28193
173
2191
27019
30492
11658
23240
22440
12463
24150
29722
15318
23031
11848
14634
1337
3672
20676
16155
9843
8129
4748
6138
16498
26161
31540
15962
28555
10362
8918
25659
28365
581
4104
10545
1423
27478
12811
31682
29516
17425
19269
10767
19889
2877
24561
26039
1267
8457
32022
16120
614
15180
27573
23319
5452
28433
9287
27138
8682
29523
5735
7989
18146
261
6347
12762
27836
29782
5496
10292
29638
4914
17974
29245
29726
7436
5442
6030
17421
2011
30276
31872
14486
3682
19328
657
21583
29621
11088
2057
22640
8185
6610
2781
27690
31339
2782
29395
20026
9380
16443
18151
17597
31515
22546
20973
16198
32491
8098
31353
24366
3286
32310
20988
23083
1418
3156
7983
27428
19236
11064
26549
17732
14323
12417
15612
15694
29310
31273
20580
7472
17096
32442
4771
21978
19666
11711
25192
848
21602
13433
3646
30462
28163
31444
11699
15437
16717
27801
5562
19315
16486
25317
27727
24207
30921
16858
8025
7413
24902
7828
17108
4294
18762
351
6703
6853
19809
6183
20723
22629
29945
27952
9894
12327
23913
30215
4591
30754
5682
3768
7931
27363
4740
13633
3358
24184
21508
6471
28606
29128
13004
21512
22125
9254
26291
23697
16469
2853
13775
3120
24281
6829
27705
18221
27513
13134
272
7605
5366
27349
3265
30999
18359
17181
29829
10547
21868
17192
28459
26158
16369
9838
18199
6763
11125
5749
32139
2231
15323
8866
13093
8900
24928
27215
31145
9177
22655
11550
29441
17351
24850
13708
24962
5663
28857
20937
3441
27042
25727
20167
9158
15353
30139
10640
29231
5543
30261
27358
9304
25147
6026
24805
26218
6346
16850
11124
4306
18588
15743
20028
16707
24102
13448
15727
1278
13368
20168
6286
30801
17784
28065
1916
32605
4623
19172
28118
31773
3490
32501
26759
9636
10628
12842
18838
25766
20266
32117
1603
22842
24287
15939
19283
28126
1720
24995
11176
7100
1483
27307
7444
17452
12188
14359
14191
17273
17368
19764
27111
8424
28230
8701
6808
32758
762
16003
25693
14050
19148
9618
26341
11883
29704
21137
23817
28379
31591
20138
27996
32324
8510
8491
26884
29706
16118
7980
27849
26017
4284
24179
6252
4248
18297
20372
20538
26071
30469
17244
15584
23077
13464
24432
32129
8173
31105
17970
16390
11841
7706
30180
13238
14623
251
8976
2566
32499
11886
4647
31154
3934
7203
13416
30732
28470
19749
3075
7316
15822
29197
7039
25290
16247
22902
25689
15936
28998
17584
14574
13555
2584
29881
26010
29659
3284
872
29986
4545
20464
23788
5199
29777
7735
28021
22748
2928
21705
22321
28563
22224
8803
17530
30130
27073
19424
10830
403
24906
6656
3839
7820
120
21609
10539
16405
26358
28139
27375
28712
5598
17928
19800
15598
14031
9140
28698
10647
22848
19801
24965
9865
6675
25118
8884
21694
26989
22633
15368
6247
25286
17826
30165
16086
27452
21307
2394
15258
2605
1261
24055
16620
12292
13380
9882
14154
24403
25949
29563
22625
27683
22767
3081
28976
17800
32648
9507
3947
32120
12825
18316
7709
732
21429
31385
13714
16872
16534
1837
8820
7848
11873
26343
26676
32220
25002
13210
17067
20486
23739
11006
27394
21185
27537
6821
9167
31828
12584
18480
20608
17799
6649
10690
7165
17846
22464
693
29321
21795
19074
14476
21225
10640
31439
29737
15049
8462
2373
25409
12891
12048
14165
11788
15169
8131
27978
30017
9901
9634
24966
27713
5831
25925
17679
25490
12111
29561
6475
22416
14723
31126
4872
22367
16195
29709
11967
22564
24947
16193
23066
18549
28065
26264
22195
30734
30439
27089
14879
10181
30227
27800
12075
21952
13574
1111
23653
6629
2394
6224
5087
9874
8776
2025
12335
16782
28104
2886
17082
18752
22777
541
30515
6687
28612
9414
20574
26730
8124
19346
8730
25113
8777
16478
27806
11539
20998
20072
32003
5537
28519
1121
30467
291
6303
23747
11264
30978
30913
16484
25415
25061
29221
5964
30615
13096
18445
23491
28125
17034
2952
25519
26946
30757
20375
21533
8295
32420
26767
29470
14319
17328
15038
19412
9791
23723
23633
22732
1153
9121
3701
10382
28911
8315
20925
12403
26190
4726
6596
16823
11448
11732
25619
21711
18335
25042
13893
7933
1295
15065
18281
9761
4659
13560
22695
18130
14619
4754
295
24749
11196
2900
28974
7405
57
26474
28810
829
16993
23283
7217
20682
15992
13746
10021
17819
26938
15110
8858
23589
2333
13852
4443
7962
1239
7779
19050
4483
31520
24640
28390
23822
1977
7684
30514
15017
22957
32027
6996
18767
32471
21381
6811
18210
2212
18827
9861
24763
28186
17322
29919
2750
20249
10452
15662
6577
31969
22744
9550
3086
27605
26398
24921
14998
29311
28055
2763
25321
31187
3060
29411
16468
696
26390
29772
9962
9412
15558
2044
21718
27207
24487
8541
28143
11660
12136
5546
21901
23387
24894
4764
23195
16066
11410
26695
27118
14870
12279
10814
15061
4404
8798
27646
10738
10508
9357
7306
13896
24673
18125
17746
21652
26058
5859
12377
3297
12029
19010
14743
5719
30028
22655
20381
25940
23408
6661
26487
24510
8326
16138
26582
11159
1111
12994
20335
19409
16604
16082
6814
32612
15618
775
11343
5791
23722
5448
15902
12987
4596
24009
7101
9142
5053
898
11670
22623
23910
31968
5810
5293
23511
6330
27098
25172
27588
4998
14844
28570
3375
3277
2512
20583
28719
28892
24250
21916
16111
10941
31475
28326
18681
12901
740
18771
29621
19247
4562
9188
5164
1673
448
1379
5650
24301
27281
20535
5124
32532
7278
25333
17678
2406
6503
15225
25456
29620
21085
20534
28834
19241
11039
5066
31381
29822
2515
22229
17980
15470
30104
31756
843
19562
2153
12937
27967
22413
14404
10853
32158
5074
15244
30601
4992
21381
3245
5825
13390
21239
20734
18707
18890
3702
9963
14670
335
13436
8019
8165
12378
2087
26159
22782
25162
18409
24181
8391
29540
27777
13628
27145
23834
21546
12320
767
6029
11794
15080
31848
13392
14861
30822
1755
5743
12427
23199
14939
27568
26312
1580
31787
19224
834
1248
30435
7345
22128
2987
22724
11915
11185
22462
19529
6913
9859
26352
24318
25661
32757
3937
19093
26879
14431
14941
21559
5785
4432
18051
13848
31807
25544
21798
18254
9085
9895
1779
21987
21001
14694
27604
26409
6331
18181
10773
21069
21466
21828
8390
26927
153
21526
2400
9073
3041
16723
23723
32719
32337
13485
32478
4014
10628
26597
30472
24823
14994
3903
13744
14885
21977
5683
11960
23709
8189
5221
19080
16702
22573
3799
29288
826
26536
22877
15404
27940
2688
11346
30999
23626
30110
17034
11258
28228
7687
4999
10908
11469
1374
32240
28254
11218
12201
30270
22559
19913
9816
3513
27486
8772
11395
26019
17566
4806
2163
25267
20239
20949
1636
13509
32106
16464
6281
1743
2589
15619
14417
27415
680
4729
27881
22435
8775
30481
6914
18161
16337
21332
468
20713
21216
17030
2402
20496
21554
379
17920
26366
32079
16301
21779
31250
11116
1675
30489
29028
27024
11027
2793
22267
26101
32162
20027
9537
22193
11275
1898
22963
4501
2535
31865
8157
23382
13101
23381
10374
12778
15619
30553
296
5685
26835
23
32675
6373
3488
5462
5681
11931
11163
23639
9117
3915
24049
31325
5040
9445
7912
6251
25581
19765
4650
21584
24702
29448
18784
17121
11629
17040
14083
26502
28695
32009
17263
17656
11486
12189
14394
27464
11551
20869
30147
10020
356
3442
9998
13910
29658
14891
26575
9613
32517
18039
4292
15200
7346
7229
7752
5264
301
16106
25894
21901
5813
10515
2475
5436
19757
11612
27903
25848
4628
24216
1205
6615
1207
17201
20640
15150
15013
22474
25320
14935
10340
9508
11870
22449
610
27966
3853
22761
10798
13249
16657
29816
31720
9626
14765
5741
4087
9193
5783
25197
17657
30234
6038
5880
9728
26449
22095
13805
251
21260
12380
5713
16754
25860
6047
17228
25463
4180
15574
19572
4825
476
18543
27471
19098
4584
5533
8722
2211
30989
9131
14255
27063
19540
12689
13583
16806
1179
14277
18332
963
5431
13395
11523
3991
21982
32048
3128
13783
17349
3275
24506
2452
24069
31974
21784
20914
8515
9124
17844
11931
26256
1763
11463
18484
10638
6603
16037
6161
31188
30887
1347
9189
7060
5876
9718
15420
7035
5048
13437
4972
23001
10262
14146
16584
20738
25630
16605
1048
6900
11754
17114
23878
31290
14054
32188
19546
27152
23407
12865
19880
31175
8352
30696
26184
30571
17512
23729
21703
11684
5088
12836
14876
14554
31708
11156
20190
14236
1985
12709
30900
23107
17046
3852
21516
5586
11869
23190
1552
32289
17827
17004
27349
2875
15190
7317
29654
19972
27863
24764
19106
22559
14928
28468
3025
23310
14664
18745
11836
17051
30068
7801
27246
20087
13264
21459
13909
28450
27631
26462
10557
27146
27535
21933
23552
2295
22641
25681
6518
22694
1128
30112
29491
15028
18351
18869
3698
20159
21887
20664
15692
30407
16097
29280
14382
31450
6082
28341
2953
4080
29253
15387
3531
17940
9309
1676
29071
8644
2970
13349
18448
25755
17219
4836
2020
18733
166
5040
27623
13875
2476
13977
15989
11496
31152
3170
25820
30386
18577
28988
16144
22021
18438
25813
12193
16004
2866
9105
24555
22634
27769
25879
5261
21289
9617
25616
9756
19281
11740
4907
29208
18354
21237
9061
22558
4549
16265
16263
5984
27976
25704
8432
8275
29481
30683
24980
11943
5029
32569
12101
16252
945
5813
17458
14291
6553
27514
18605
20290
23783
7162
561
4845
19846
29314
29603
5297
9767
11794
21208
6818
7652
19821
30552
25272
27939
4204
9825
20165
6590
9111
24623
3242
20065
10742
4731
3787
16691
6437
21570
26816
28088
7079
3783
25678
9718
28028
14299
25237
16086
26358
348
23946
23502
10696
8700
7592
7613
9312
6979
30691
14614
24439
8408
10206
14145
18918
1276
6749
26430
30395
20055
15357
16780
396
23287
8227
17225
3339
13462
5170
1178
4059
31259
29441
3661
25506
612
19596
12989
19040
7235
13801
28150
24063
4038
21886
4378
7723
17596
32626
15620
4195
12916
30305
28714
9808
31944
9300
11208
24150
25178
24560
29755
21098
24606
4589
12458
10531
11801
20170
11756
7443
31080
14527
18598
3671
32643
15860
692
21101
28355
1776
1995
13894
12322
10580
25948
26268
32323
29385
31163
12934
28082
24631
24192
23626
19052
5432
21038
27762
28322
26572
25874
15138
30394
21582
28014
9128
30359
28070
1751
5717
5146
7617
8412
31883
10984
19006
24808
8984
23918
12650
23402
7874
14115
4975
26674
24355
17421
31688
5662
25528
16775
16120
503
18228
19521
124
5270
5402
12168
21758
27723
7562
14792
21707
30079
15195
14927
12935
30359
16491
3155
10784
4892
31795
21303
23552
2585
4255
19466
26759
13253
2332
22609
24504
610
26610
9734
22834
2661
7636
6368
18530
21975
8117
22741
24824
1787
3806
10718
8087
3633
10046
28922
19153
30490
26625
2677
82
4349
10852
21866
8795
30314
6855
6279
14707
14365
18435
9232
7769
12068
15615
21798
60
14917
22654
24138
6958
27290
22331
31005
13015
25470
17464
25961
9574
29101
17235
22885
10957
7590
27162
18229
5166
15700
6880
7089
8080
18670
5649
23143
13271
30492
13762
15075
6387
25691
1932
11054
87
18850
14491
23444
29101
1606
2050
14250
28616
283
13137
28816
27098
9436
4458
31860
19687
31692
20368
12119
18809
11934
1217
20756
8598
27282
3910
21662
4847
29410
28808
5257
12634
24924
6949
14540
17794
23120
26435
10693
989
14252
8485
13437
12255
28518
26108
17454
32622
14618
17151
21762
21141
14069
19133
1054
4988
9681
5298
24799
21144
22689
23321
25443
29471
784
11010
11340
31679
5989
23204
29120
24463
15274
14836
15796
21318
6669
12663
24939
683
4230
17236
16953
14924
954
8877
25485
22899
22816
21807
21039
8278
23650
4840
21701
11918
5126
22617
1436
17866
18765
24269
14757
9413
18267
28393
22718
3701
5529
16771
2867
20870
12632
25272
24709
25606
2743
19256
21354
26466
18630
9189
20244
10385
6379
26525
6582
28815
3461
22355
18501
14605
20432
29797
8060
6503
10505
29993
1570
32726
9938
26569
27791
2791
24279
30546
19821
5931
5554
1799
11196
21808
19724
6139
12824
31665
32005
11487
22335
27146
31958
8216
11214
20206
24245
8213
13643
10076
17146
17887
31336
10703
26239
31217
9350
29110
28748
6987
23161
32547
17012
7362
14475
24263
21050
3226
2499
3614
19320
14934
9831
28647
834
28367
7103
25815
32198
27268
284
23694
2934
7729
7705
29386
16746
20899
17953
27867
20735
11466
3377
11095
709
22288
14815
25614
22680
8425
6300
14400
6924
27563
5174
31502
22031
17313
14241
15407
2249
24666
31990
27364
3271
32583
3516
9518
30809
19590
22631
1854
56
19960
7966
3885
7276
1177
25537
26861
29805
14353
21803
13952
22153
8326
8628
10343
16005
25269
21242
31326
12167
4673
5858
10310
25908
11850
6617
28515
8213
19522
22112
28615
4415
25852
32199
526
10547
30726
24120
5452
19971
31033
27128
10564
15542
15502
17386
14555
6638
21556
30037
10444
30152
5343
12518
3740
18180
13410
18169
25553
8550
13952
12052
31071
11099
7167
19124
16227
5856
2047
17741
13587
8608
20362
13708
5365
24668
10092
25567
4432
22928
25669
23095
13537
13140
220
8461
15310
30848
24246
19875
30944
14611
29928
17804
6892
2518
24873
23406
26258
10044
3883
10503
14378
16269
27180
19054
25084
10307
19656
24219
15023
693
8977
28970
28677
5106
29409
12636
29125
21488
15983
6751
2296
30694
29985
28879
28503
31734
26273
14716
31493
28687
27699
3438
12922
3090
15430
28454
23743
20275
7240
1319
25057
11939
25791
23989
4000
5996
2966
8157
5735
18332
10420
19893
21121
17061
10452
31717
13705
25860
8848
8806
25634
23329
446
27274
23529
32630
32000
7741
13736
25588
2455
7306
22477
2722
16760
30561
11546
4488
28578
7831
13213
21963
13998
15406
30691
21017
1448
9687
20585
15431
20253
1973
27987
9785
13941
11364
4192
9731
10115
1594
286
18765
3163
24012
4442
22524
5476
18868
17883
10767
18350
21394
30544
5318
17797
28241
32646
13066
1350
8620
18142
3337
27249
3824
17919
25377
29952
13059
20424
8191
31479
2469
14216
13832
8253
30198
10098
27639
170
5176
15179
23752
16481
22743
13158
11990
30304
8358
21458
17984
9557
5740
17362
30352
14003
4511
397
30623
11270
21103
15879
8627
31364
16135
13648
13547
17636
1551
22268
12253
26483
19061
21202
31101
2660
15469
24009
25153
11879
17334
17200
16514
26494
7967
5676
11302
14860
7499
5991
7548
20015
21169
8967
29543
27984
28902
15069
9407
32249
8991
223
8436
29158
5106
13785
9204
23134
92
4191
335
5828
31752
6
10905
20841
19150
12500
29969
16036
29563
25332
25215
21029
28624
27310
29027
24198
7629
27799
14411
21283
22063
10757
20613
3116
19511
29126
21494
26872
6829
2322
29258
7324
8741
8381
24910
27837
7297
10929
11417
21154
2487
9116
10354
12941
22996
9446
3054
7500
30785
21222
30297
20491
7237
31573
25559
26220
716
30723
21835
29402
30055
10696
12152
28954
17043
8126
5479
18210
2878
16045
16904
18479
2439
31943
9499
28178
13510
1430
18257
15562
26316
23090
14767
1112
26220
16823
5172
29903
31546
7670
18363
14507
28306
30827
18211
2403
7644
23408
19372
29250
527
19375
14500
13682
20596
30173
25156
1882
6317
25766
15317
5162
1013
21219
12566
947
6569
28179
12002
28541
11528
7433
7950
32531
22583
7906
23441
7842
10375
5690
23783
962
24571
21664
10167
29844
28677
31302
15795
1293
4497
15869
5567
16017
7748
29025
24406
26052
3846
5457
5418
21149
17342
4771
8971
3772
30812
27413
8970
11773
2845
30342
30174
5453
30730
102
14983
9148
11715
22891
26929
29140
8058
12677
5466
6953
14402
19989
6967
17970
5002
28762
15444
24151
7908
43
28540
13387
2316
20204
26584
30876
8741
1723
5978
17545
4421
6634
12381
9491
820
18098
27269
23639
13937
805
3821
19738
2166
25957
3969
17574
26685
23572
11688
5845
20995
19211
29735
16491
14412
24655
2114
936
32295
13632
5667
13086
26291
4116
23680
7873
7650
22916
7033
22333
15997
6853
27327
15244
31081
6074
15099
1223
16936
22888
1646
17468
9378
15530
29908
1986
10278
22822
30351
6217
25516
21631
6913
1717
10077
30157
9786
31469
24405
3402
10707
31022
5031
1101
9497
4518
10657
10621
28783
11838
19026
3390
30701
29367
4682
624
2381
25336
28321
5977
14600
17318
19259
6879
8892
26870
30281
507
2257
26559
23827
16746
5980
23764
1526
28582
20035
16016
27560
17172
22179
27826
7620
16511
18286
29291
19074
11717
7513
11958
5573
7376
27125
22248
24924
8904
32283
1928
27265
3975
5006
22368
24742
14670
14812
8404
22898
12470
2693
30067
17926
28905
26719
28620
19844
24593
20025
22403
12498
13329
28863
19364
7067
3956
14238
26422
1687
27298
20968
5140
3853
7514
27065
32760
26518
7260
15131
26585
17955
16230
4647
11639
29505
9058
29805
27444
24220
31966
31126
31269
23746
28348
5960
7785
29226
14635
25674
19897
20341
21718
5865
17473
25331
20059
17050
23470
9065
30206
6368
22665
30738
14239
12656
8643
25059
12009
7572
5777
18963
19405
19149
30330
6619
6958
30908
4013
32635
2014
17986
10137
1149
10186
6631
20920
22845
26993
27000
10411
31145
13723
9460
7564
3910
22855
18602
20864
13428
19429
23195
11659
31986
9669
22309
11433
26532
23248
20707
3098
7572
3446
18383
22013
8760
3559
31657
31264
22771
22918
15773
26903
989
11930
1312
25995
8135
2119
19483
32725
16762
5822
30283
28619
22592
1968
18407
16602
31142
13064
12164
1110
6783
32729
26423
32269
22828
5525
12537
32546
15643
11649
12879
25369
3982
6245
13098
25390
12702
19592
17419
13291
4991
4059
3948
8441
12549
4725
23132
6967
14183
3391
30825
27913
14404
14577
14018
2291
3555
12605
669
9830
21695
6217
20183
8409
7747
3683
31962
19740
16594
20977
19652
14569
26890
7078
6342
2237
20554
2812
24521
26597
15473
14046
25432
16092
11497
13988
23738
9172
22757
14149
3422
14739
25318
28872
11901
28800
25988
4092
1018
24062
15723
26729
5773
7672
13476
646
22816
29373
29462
23085
15737
5903
22604
24907
31770
30326
8824
6876
4965
16347
1720
25111
16900
1617
7833
12773
136
25654
20186
152
15952
21627
2930
986
26029
13888
7379
28899
27459
11940
19057
3312
27827
23771
3710
8688
8823
5249
14072
11136
10509
4653
6118
20505
25943
24138
13023
31368
2114
21026
30667
10143
30118
29500
750
15403
4717
6376
31778
30502
15864
4120
31587
21549
31422
12657
5777
29236
2614
7586
31858
21112
32760
5109
16631
949
4127
5923
16064
3481
7409
21613
12769
12409
18370
232
28647
19780
2325
8473
24854
2485
5125
28353
7925
1228
2275
20730
23565
12158
15137
6787
30957
7596
3694
601
27249
25426
12067
2695
21828
20993
10718
18750
676
10895
9836
18472
4709
5901
18925
28154
3641
249
1074
9801
16942
6069
19562
15262
32376
6968
4350
6092
9841
16132
24249
24193
12510
14679
812
5660
32116
21158
11857
21182
9115
2375
22382
6052
7793
7534
26940
25268
31250
6490
31049
5717
26135
10704
3739
13700
20828
23241
15254
9765
29447
3176
3872
28054
25797
13358
8450
7050
12887
15985
15761
22293
590
9226
29839
16899
15378
2127
3916
9838
20265
29505
12816
8848
32694
31750
11453
18133
23616
30617
16049
23092
16565
32704
20970
14528
2735
26174
29037
122
25333
26698
32488
106
16453
13889
27542
7662
1873
9112
30819
9297
27655
4884
16721
12959
30741
29501
6170
15288
23213
24336
29207
19620
25989
14068
28000
3366
23331
17903
12597
11924
29271
18202
11676
15589
13065
24402
32332
1548
4148
24369
29898
2949
25395
24892
3538
12845
11324
6238
22008
9302
15402
25238
399
6683
11135
29676
15306
31729
17065
11689
28961
4991
14212
30151
6390
16048
25633
8871
17017
22790
23238
20226
26825
20273
31541
10786
21084
4320
27953
6226
32672
21719
9279
14227
27874
25409
20650
7312
11120
23112
25033
23508
5626
8420
32132
13115
9278
31728
4373
26534
8677
31107
24332
10995
19623
9853
11926
7725
7606
16992
32766
17407
16986
25954
27252
30575
2008
19648
1806
15049
16025
16724
3340
29400
22664
19562
864
25180
18108
11984
11118
31161
23127
20012
2320
20205
11438
3218
11229
20932
21162
15958
7595
4175
24430
12831
6738
8082
31289
32573
29875
31869
2958
3645
19705
31006
17811
4026
31775
2580
3000
21878
22707
2119
32152
16809
14553
15062
10532
16536
21906
15697
10238
106
29502
5673
11299
23351
29536
4452
16333
10083
13218
13205
15512
25130
24089
22796
15843
26747
3785
21834
4729
12810
29292
9912
29041
17057
17007
4760
30290
17846
16958
15675
10363
2115
8641
4724
4546
17618
26918
4686
10332
30167
20962
22010
4093
8771
12530
24843
30271
22614
22119
4838
3656
19125
1569
19571
28583
17340
28123
7705
23680
25365
15464
4586
13033
22922
15931
26138
3475
5911
9005
19382
22445
8004
20859
32146
22533
30642
27150
17284
30577
25843
25088
13775
18029
27038
21851
21730
1541
15267
30500
18755
14326
9181
17048
24518
31248
31718
20917
5634
12510
15919
31996
19205
17801
23632
10358
26695
31482
20380
25077
5853
7743
6137
13468
21743
5680
7407
21921
32620
5714
9470
3666
9212
30971
22325
1878
12087
1207
31488
22838
19220
8427
27202
1564
420
15800
27043
16602
30720
29474
23340
9517
21888
7026
32529
17731
11053
27864
14029
12412
28537
22101
32372
22382
25134
9176
4165
28971
27813
11688
26239
17862
21048
5889
3959
531
17657
24578
2022
30895
12965
20167
3975
29760
24019
29650
11234
32510
6001
19887
19810
17267
11377
20439
19118
27262
23488
20694
9782
6814
26744
9129
21004
31853
7254
24682
26102
26731
20078
8239
31681
8701
16925
12335
9688
17334
29248
38
13333
16596
7331
20475
15062
8206
8637
24736
4180
21389
3226
11323
13360
21048
22296
27011
21839
22068
15958
24172
27112
25771
15210
17926
3547
717
29778
19874
6981
15381
14637
27960
12625
24014
25004
7941
7505
3029
7875
14968
23053
4768
5284
30287
6490
6783
20717
22014
3055
8226
28960
1616
23413
22108
3413
27984
2781
21798
15147
29034
12534
14823
15620
15310
16703
7411
12658
31253
22266
81
22252
25383
13953
7105
14278
860
30941
10749
21088
5089
5525
6976
4509
24926
16068
20741
10646
1493
17262
18193
11408
31182
27668
19891
27692
16561
1414
14667
31454
13427
3577
11017
24992
13428
14425
22263
24040
15272
14817
27450
15319
8694
5608
31893
8371
3293
23550
7214
22935
21341
3127
31381
617
22805
5575
15362
6413
9385
9167
25054
20696
13670
11383
28037
14920
23593
30269
8267
4850
7036
1933
31933
20923
21251
13457
27945
17227
14871
16202
13152
19135
28080
15840
1466
6814
5512
15158
32091
31247
25725
17858
14773
27209
30775
24732
23886
16458
23564
2772
18371
1740
13088
20745
12558
15477
19921
7479
2564
16974
11858
14545
17953
3702
16533
13584
29320
30488
18799
11658
15942
10650
20727
6406
22487
8727
3119
7311
17387
14096
2534
5319
4458
3422
9948
18814
3765
2155
3368
32643
25647
2722
17111
23738
14332
6692
3030
21103
16136
15805
8978
490
24395
9750
3805
20292
18252
30508
5268
5753
7908
17920
3966
14013
13637
7825
12024
26644
20538
9735
24527
3869
177
11569
25838
814
8310
18225
25401
31398
23873
14454
25784
4479
29939
20971
5880
7715
1821
3182
18606
18561
8130
30852
27294
5983
24414
22091
6075
26610
25638
27056
26768
940
22674
24289
5598
18517
19225
21254
11911
5725
13115
21804
25770
31089
18373
29569
13840
16204
2641
10439
29639
28880
11276
15875
27916
24917
12220
29813
16751
18497
27905
3021
7729
6360
22746
30876
27377
3158
14188
24329
10631
4667
6911
9669
3377
6887
21578
13633
3309
28774
14320
14110
29989
4493
23882
27109
15505
17222
14951
23800
8282
19496
16721
10440
19323
3659
25234
30537
3437
29530
6391
28835
25603
24297
25236
24619
23699
6921
19208
9617
4182
29466
27395
18010
16401
28897
261
13201
21237
28635
1896
6074
15556
31440
27552
16648
3894
10154
19138
31696
15003
25992
22339
28988
16833
28943
19458
24132
25880
25344
4233
14042
2324
3344
29328
2405
23507
6388
6339
13937
32256
7611
4806
20645
13047
8032
10869
14581
23594
11424
23152
19225
17347
3849
3543
11837
31371
16724
3410
7674
19722
8180
15701
16261
5104
2031
4514
22310
25523
22509
23055
29164
24442
1934
19593
22432
13114
18689
28761
22775
31006
26835
20134
19979
3629
24580
3131
22796
6695
19552
20619
16691
20143
17164
7666
31224
8623
12640
32574
10885
1785
16372
11886
18794
27946
27646
6330
8338
468
19163
25555
19830
220
11243
22635
4496
4896
3234
22008
1811
93
4828
13237
3545
14417
369
13034
1181
30492
23306
26222
8810
2284
10035
13162
1107
28889
3505
20319
17253
30478
15381
24427
9946
25130
18833
7368
18063
24550
3339
8853
12729
24823
6512
18649
28115
27702
21579
12485
25051
11518
23190
26169
445
16597
10191
14986
19984
2127
13135
15491
31744
32560
30680
29097
22923
24529
6509
13507
16881
5573
7526
23962
13925
17339
26819
5630
28425
24742
30913
9
30745
12316
2475
4520
12134
6652
8179
18774
13831
9556
10113
8235
10827
6786
7499
23830
15858
4249
30502
11623
31900
27142
15835
9872
22145
1139
3454
5420
17251
8171
28667
15680
4545
16703
17906
28609
13902
5033
12741
6487
12193
3504
14575
11873
21038
23883
3991
6201
4213
24393
16996
1977
4985
9712
12948
20734
14196
21221
6216
13419
16585
18508
32546
14577
23866
29999
28946
31630
17755
16676
17261
6164
4678
23338
14912
3884
7057
28629
30179
19866
29053
2731
24273
14531
18288
9933
950
25708
25254
13018
7626
21956
24867
3088
12126
30629
27884
13492
28852
9239
12150
18868
32532
26390
6495
31628
540
24213
21084
3686
15192
23490
25971
9605
13331
10636
32106
24035
32108
7266
17791
31769
13996
20286
16985
12672
19926
12771
14143
15510
11904
19555
27528
26787
21218
23523
25682
12444
27437
11426
26231
2375
3870
21816
21693
5792
11730
14108
15949
20604
12252
26729
12647
23148
32661
27362
9811
4836
27571
21555
5787
7580
6173
19322
5239
27959
28926
5
30345
4131
21528
32093
27594
17600
25692
132
3013
6340
15287
12924
14083
6110
28462
27656
23494
19865
6445
26295
29434
7812
24092
32541
18792
15504
7988
27748
26925
15033
20369
4356
14186
1000
8072
18638
6718
14616
29242
22575
15089
15032
20841
24755
14450
24913
21387
32456
24068
10601
10269
29893
12852
22183
15930
1834
29198
21048
14700
28201
19600
18544
10434
102
29279
18869
13347
31484
19897
29337
13281
2752
30379
24390
26257
31433
14212
28191
14619
11312
13705
5540
21773
15124
4586
20886
26933
29921
5877
27484
24686
978
17802
8614
31418
29621
22223
29520
31889
29679
1572
4489
26745
31423
14170
15668
30423
11719
19743
5006
16389
13256
17341
3602
19620
21421
25605
14746
52
1227
8837
26822
4578
21607
32514
26017
1952
17528
30754
26242
26491
1967
26472
18993
4905
16053
22885
24395
482
6836
13869
15080
19570
2328
19977
25210
16267
19607
7787
19705
26719
10094
25383
32573
20334
31470
18399
18347
21917
56
19903
23827
26505
32325
14699
25817
31514
8489
7478
9299
2907
22168
21397
24947
1673
21417
32211
13990
25194
10202
23302
24059
19167
340
2881
14216
7869
1649
4875
3850
11993
26748
13072
25803
29538
5048
26647
15817
11124
8355
10036
16148
6889
27259
10815
6264
23155
28418
24708
604
28136
23423
22460
21226
5340
27397
12605
28272
2421
31223
30573
5894
8571
29388
26492
24434
1455
30736
851
17736
29534
28587
32711
13910
15413
21350
25363
1342
30807
27307
26501
4453
7853
20876
30327
9740
30589
28936
20353
21693
7487
19593
12269
20201
32684
18608
3691
719
7447
20309
16134
32671
26112
29898
4951
25824
32487
608
19193
24847
21598
2605
26685
905
13666
26636
15646
26027
26603
21476
17527
28471
27586
26926
7027
14841
24467
18353
12101
22699
15427
12688
29466
1303
23171
19079
12876
31099
30374
23666
21209
31025
9903
17679
7187
19599
30383
28932
21913
13325
8014
2084
21125
5797
2727
12014
15591
28544
7001
342
13683
16078
27098
10953
7030
502
27663
16235
4367
30447
15130
15011
3995
12013
27508
18137
8305
13377
11067
12926
3536
18298
6861
13901
8213
30673
5013
28881
15153
6852
20773
15144
28763
26368
12421
15110
22530
13956
31179
22013
18438
13316
26604
27131
14887
30603
25298
28436
30398
22117
8111
26241
22443
27196
7056
15081
14222
4993
9269
30176
24890
31502
25376
28334
4966
22281
7916
22097
27814
30475
9952
17605
21402
23425
7364
11138
12133
23635
4339
20807
1121
8900
9394
15126
18706
31386
9920
9855
1880
15998
24111
31010
7656
25509
30577
18800
13820
26800
18358
25777
16714
11217
23158
30283
5171
27696
32073
13377
28734
31373
15871
13562
4804
23846
3821
21060
7149
27355
1413
15768
25051
8592
26410
10656
1060
15315
30786
11510
21382
18878
16780
16943
25046
20767
16307
2328
20026
14551
12580
11583
8600
896
30237
5557
20302
7507
14087
16915
11812
16712
17670
30907
32126
14718
26830
10848
19159
32478
5048
11977
19306
31740
10005
16081
32306
30525
17858
20403
10773
26687
25597
13188
3165
15477
2422
8961
19303
20242
31145
5259
415
6185
13932
1136
29868
22290
4292
4716
19687
15375
15357
6256
24850
21807
5882
7841
27207
17011
8137
20644
13358
30000
17786
22553
7539
32436
3122
16485
31863
12844
14203
18357
15430
7622
28382
16704
17866
7954
4276
27852
2366
5806
10041
26483
15332
32546
13282
6567
7675
27401
17649
18036
23788
11890
2374
8197
26052
14213
22136
1386
15334
23146
21796
19864
10242
5222
18309
17329
21313
2631
7749
14470
8898
17923
20371
19803
26442
30620
9334
23530
13623
15686
28769
8106
30902
14028
26375
1104
6710
26672
1136
15766
18205
12178
15181
3132
12985
21074
23945
21581
25465
25977
29472
26788
24669
5461
29492
12206
21163
4196
4958
1394
28644
6516
8514
32462
16374
1287
6758
29187
5043
9724
30276
26740
16258
28012
22173
23978
28244
16851
4625
28572
8410
20848
19693
25645
11510
25582
5188
10231
20847
28483
12097
10823
12776
29657
6843
14952
20243
25579
25354
18981
20258
6707
20505
14729
10878
9154
6077
4073
4284
24879
2629
17957
6605
17139
27987
1578
6004
9492
30954
955
6909
3585
10951
21106
813
21693
25589
23809
9845
29248
1180
25022
28010
539
31258
6239
29050
13914
29524
25857
29655
17070
12110
15472
16568
716
6650
7586
21185
24592
11086
17540
19135
14950
15513
31226
3993
22634
18455
9504
10884
8910
18115
471
13173
12028
8300
8317
25052
23805
25099
4859
5519
3226
11860
27397
27652
11713
7307
28061
13764
12330
31129
8153
24604
5689
8031
4327
10006
12071
22090
1358
9128
15453
29992
26486
2602
1568
13114
8555
11533
9075
24714
17374
6091
31033
30846
7789
22042
13467
17070
11556
15205
17577
30195
32579
15996
5956
4544
31553
15755
7483
25014
9234
15945
22964
24434
17318
32369
206
26282
7858
26742
27012
28536
5554
16499
22229
17141
22319
7520
23585
24074
1853
652
24791
30339
73
11591
1869
22117
4369
27359
31471
386
23540
2767
27036
22858
15212
16690
11341
13028
20441
3454
25336
4990
6784
31086
1972
1761
18899
17472
15645
17480
6899
20001
23546
5490
29811
22502
1053
13302
7775
27388
13451
4311
15228
32162
11997
14936
26578
10069
10726
21521
8296
31116
6038
21827
22607
20646
542
361
24289
12577
17493
20239
31563
1292
8539
12519
24905
19903
32636
29978
25393
7625
19031
11996
1331
28458
16447
24131
21983
10691
12001
19033
12263
28170
25383
16752
18727
30722
20573
13237
13026
11883
12947
23560
12111
12853
12354
27403
84
571
16178
26745
5009
1838
20634
16058
12192
7119
2186
9396
1691
25954
1158
23011
20959
4191
30067
26796
23312
17770
4280
25326
5726
27269
7325
19675
12806
1157
7158
10758
16155
19650
23814
24764
22406
20243
28574
26520
25932
9210
18053
29010
28431
6939
2076
2776
3544
27123
21058
24480
28691
12998
30070
6204
3547
30681
27451
1839
29304
20194
3009
6143
16166
26813
18113
13451
19224
16736
25513
5279
1213
3089
3321
11206
30786
12247
10989
10591
8024
26670
20828
16115
24119
24062
17632
8390
20963
19662
23351
29868
21422
2101
15081
8990
22014
30098
15915
16013
32336
19965
32004
29942
8317
15486
17070
16311
32572
11388
29247
17825
30185
23672
7817
9038
28549
2299
22846
3509
20221
17356
32088
763
11439
19303
30903
32141
3370
30379
22796
23915
30005
2259
8183
31687
32532
423
8812
7374
21766
15859
30555
13254
13586
31801
14736
11609
25091
6563
8408
13360
9650
6971
13925
9156
18563
22366
10355
7537
8754
21358
300
29645
10192
10696
17609
24631
6920
3062
15099
14003
16039
13605
26505
3061
13404
24793
30266
443
26555
6623
7669
11616
10888
30084
16167
19630
26163
3844
16741
15605
1695
22341
29779
26713
551
3269
30660
7536
8931
28625
28450
1293
29991
1785
1041
10838
32589
1984
31823
18717
9909
14232
26334
22125
26121
22797
9318
30562
14534
31040
20181
23102
24568
12695
17480
9658
25669
12723
22830
29338
31020
9634
30122
900
9615
19542
8762
12050
21871
21078
18327
12326
14584
17588
9692
20606
5309
12351
18153
8584
26436
16633
28682
14199
1989
30156
22228
6806
8751
15480
7504
25308
13420
2512
22876
12737
28902
16934
11085
32337
10826
1540
10201
26495
11404
14109
6453
187
10027
18818
23418
19655
3254
13593
22605
23238
2959
6988
26047
14742
1007
29950
3186
13663
7978
23747
30974
4972
27700
18768
7314
16442
9572
19504
16607
9167
889
10425
4913
4173
16859
22335
27359
32455
14371
18567
20198
3667
11484
32126
32465
31073
17803
18219
732
30027
14318
17123
1880
12333
8322
26300
1873
24822
8775
12868
2671
7615
13255
22386
31258
27740
15701
28636
20961
16689
27795
4651
12061
24647
24887
23500
977
21664
5902
17129
28885
29127
12609
17560
2868
5034
2775
17234
4306
4268
12411
10662
20562
4599
10111
9518
18486
17935
9762
3523
16712
8621
8462
19693
26681
8906
21029
22941
10889
18938
7293
7199
23206
15867
29097
20042
24408
19854
7227
11258
29276
17285
4998
1984
12880
16670
15529
6103
3023
4751
15561
3930
15836
12770
16541
22453
32132
27651
23856
32346
31935
23576
28130
10933
22680
12560
5040
12385
12941
29055
14774
4508
31033
12713
17138
1528
9264
28636
17739
22868
26411
2820
30162
14091
8293
1913
10823
13675
1604
5659
5087
13673
22588
4513
5956
27282
5873
26158
26078
8005
1947
5925
15441
2336
1711
22335
27207
16824
28092
26331
1903
14221
4242
11413
31174
11069
5546
15385
12565
3319
11714
16186
15290
20019
28360
30014
6316
31648
22009
15484
27322
13150
13642
23082
28947
19310
4103
29808
26891
15463
10938
29376
15644
9322
21070
14442
9515
30295
7796
28011
7181
10561
13126
18822
20042
31776
17962
5527
26145
8646
27130
22307
22732
26901
26210
23091
6405
13678
7817
3427
21192
23404
19187
25654
5211
13779
2726
13228
2188
1731
3979
15639
9786
31026
27160
23338
30998
22169
14380
1363
26539
17644
15162
7499
6812
8400
6570
15083
26925
18441
20348
27201
28421
26673
4655
4067
12083
9648
11233
26499
26734
12008
4535
20676
32417
4016
14719
24140
7591
22788
29332
23322
31058
28922
17922
14874
20147
7928
8683
9207
2709
10277
21546
5937
14667
4125
6197
20079
9132
20969
15432
24854
15707
9518
8640
21018
18508
9124
7365
277
20867
25290
30507
12694
27423
21977
6810
7355
18328
3062
9709
16642
6725
7851
29145
25692
24865
25752
18639
31875
31694
15462
22051
29070
13274
1021
4205
28355
6722
4087
9008
13740
24116
14164
7097
10093
281
18287
23882
30804
3027
29744
8312
16818
10563
6276
466
26089
18959
23306
25539
31431
13730
2832
10170
11794
11380
18877
647
22628
32651
21391
28681
12857
16706
32265
2566
24391
29513
15781
18010
17422
21997
18448
24660
22959
15513
9878
29021
29697
2973
19675
31962
11746
17199
1997
29524
28619
15279
22742
28886
17576
30512
4438
14999
28902
11315
16976
16345
32717
28085
21604
8721
15120
5229
23549
2120
16546
19791
32203
16833
10956
29012
30580
31708
32381
2685
8326
3898
21473
10774
30641
10274
27956
29752
4147
20004
12249
1169
29587
3836
13222
4199
19346
20665
23683
27099
26719
3870
12851
18539
30474
2120
27249
31419
31803
7313
22847
26005
26404
26037
15227
29742
20660
18739
4019
23979
15117
2550
28986
25571
25913
7477
10619
28519
1816
18072
27534
11456
2461
16284
28169
3831
3898
28216
22297
23387
24729
28353
11985
8830
4493
29963
19393
19073
29256
18641
28107
3729
8398
24918
31538
6066
20138
25677
5108
4795
3807
3062
28506
26530
16417
14475
14285
30202
26437
12506
22763
31418
3575
22067
29658
832
31147
20356
28124
4502
20182
28611
19748
22003
29789
23436
22505
8581
19277
12812
10680
30317
3790
15645
13070
22796
28754
27826
22310
18045
17426
8566
7184
29794
20923
2736
8451
15844
7524
7018
20212
25077
15556
23250
30567
30424
3234
5088
21894
14052
23180
10297
9584
2693
22220
2644
17875
29571
25240
8923
6077
15751
3721
9556
4271
6107
23887
6144
13044
31857
7842
4867
24624
2087
30331
31430
14908
10313
25733
14746
1585
16727
24526
15518
17859
13065
23235
14306
31441
23953
17243
30156
18745
3104
21394
13755
27377
26795
17945
24043
10836
23791
17228
1177
22201
1203
6756
5223
26442
5453
6894
4097
16404
24167
8828
14593
19802
18435
12954
7696
26927
29117
8963
21582
16196
22352
17429
24565
8958
7772
1411
4153
3019
29031
30026
21106
11191
3105
10982
16508
21562
23788
29381
28254
7508
24475
19964
15147
732
5498
6713
10534
27670
16015
30200
297
20867
14368
13562
17736
29949
9334
30963
14001
24579
16352
17028
29398
7249
1786
3688
27599
23219
4654
21234
16377
31772
19068
29111
13540
12530
23415
29064
22892
8877
1680
5283
4901
23456
15255
7977
6909
24854
6783
25043
11548
13217
16994
23777
28687
10671
4548
3924
22310
22622
15388
18013
1050
32402
22673
277
27635
9796
19969
15470
17193
28701
16455
15210
29962
15683
25278
8075
10843
11123
21505
25994
9026
5968
26357
6732
26724
6394
32010
23569
5962
12003
21949
31727
19977
2782
30562
21375
31266
13689
5408
8918
3751
31629
5693
2742
26015
23059
8859
30470
20652
23609
22659
3456
7403
8118
4002
29866
3612
29530
19793
1799
5379
17385
19994
18062
17677
19241
18551
9307
19767
13626
19676
28837
30764
12326
26360
1776
30637
6585
25657
2691
32566
16275
25486
18205
29151
25979
4720
2532
10112
1526
15139
1694
3352
280
2105
7459
9328
11675
8537
4882
9979
46
1342
5572
20481
15631
17666
6270
4604
26588
1181
25323
15171
26023
25769
25545
19941
1352
14696
7138
3800
25079
13063
13630
4179
21530
23332
6807
15224
25691
2959
8973
7478
29950
16973
9755
31342
5489
30435
3018
28500
13349
21713
11556
7705
8861
32604
6380
12487
8133
17040
4236
12908
23684
21894
20815
890
11924
4579
32208
28014
26002
17569
15283
6576
30289
31762
22930
28602
28788
30497
4410
7805
29244
6620
14872
21760
3742
2863
32750
28235
22937
24562
29130
5251
3782
30503
32057
8022
1585
27516
10680
12698
27495
15896
10347
23088
27344
7827
3090
15407
18751
29766
15672
574
6600
3270
32429
8514
1490
5035
5687
11834
23404
14230
28037
19302
21989
8306
16228
28847
21654
6905
9526
4931
29699
7546
6303
28800
15651
2522
15745
19
24315
20698
2091
20833
9842
23191
5069
22566
10336
22615
15663
27739
20968
25474
21923
350
21256
3567
569
22605
5998
18273
6961
12722
16781
15442
8118
16998
23537
4591
4553
28591
13519
9059
20091
5804
6113
9304
13919
25331
23152
19643
14911
30840
28083
29120
8206
29873
27479
12327
5150
2807
20575
3005
23187
16432
23086
10277
13592
2475
14818
32472
20688
21323
4580
13931
20623
12520
29117
32529
18251
16114
17452
6240
14029
30295
25461
25688
26284
30631
18427
11169
10108
4471
1297
30484
22083
1539
2062
8829
13356
21527
19871
3231
26240
1839
354
2169
13009
21213
15280
29640
19321
32107
20922
5837
16451
24001
27607
12624
26471
28810
22044
22757
21180
18579
16174
3182
9513
24179
22868
8417
23644
881
4560
27468
25279
31650
21104
19478
32168
850
352
32647
27601
17317
13122
22410
18439
31358
17280
17074
1062
22944
18145
17532
4164
24852
3163
17108
557
14538
8233
19674
20752
19843
1309
16101
31095
13549
6198
26568
7548
7440
21109
4949
30010
19178
23789
7712
9091
27734
11034
30342
17105
16691
3955
12013
15998
24513
32322
1356
19511
6222
29364
1007
6574
15379
10796
8052
655
19289
10717
30234
25270
20192
17048
5179
22687
24704
1762
25110
3101
10001
26442
7890
19791
18825
26874
3264
8144
7524
10891
13025
1583
5193
11038
22440
8607
11498
1960
6400
31215
27436
8845
17809
444
7048
26993
23359
10981
26032
11594
20212
7999
29302
16570
416
29066
10474
20637
1662
23204
18115
10974
7832
22269
22529
26510
3469
14411
20944
10295
11154
32639
21678
24941
22711
4855
22992
25255
13676
9461
20418
4173
17475
24144
27215
1042
22775
8553
10656
1924
30894
31073
23720
7393
3963
2441
8895
2605
7975
4378
12428
6785
19249
22311
23593
2470
26131
4815
13442
19939
25543
9143
10238
13330
21898
11960
32354
505
21216
29396
10738
4824
29656
27247
13273
8767
16529
3259
18378
14626
14845
17269
8936
28975
24549
26831
27107
607
22573
25005
10852
20172
7002
10259
2988
24770
19025
23006
29304
3864
4449
8115
7207
15297
15492
54
29982
24734
24802
29564
11884
24214
16279
19138
22186
17129
17846
16479
31269
30401
19854
17399
3648
3339
1324
22258
11283
8836
7713
3372
24152
1047
10885
1518
1672
3942
19259
28958
7489
423
4983
29874
20971
10417
17790
1642
19867
10838
19629
3519
7479
22004
6333
25111
1756
13383
15941
31034
20092
18817
128
23049
11724
15773
10321
10094
861
24304
19588
22415
32008
13057
28503
27463
16784
2458
5433
14806
23939
17951
14545
9431
30561
21279
16450
18547
3840
29737
22446
31701
19503
27105
21753
13789
8346
7250
2255
10777
16622
16262
8424
12785
14653
9812
32650
22049
8355
14202
11344
3181
12330
14572
16939
32143
16619
25963
32422
26485
30070
88
22126
28585
4724
23499
13073
31249
19083
1248
15878
22488
386
2641
23790
25260
19110
4426
17177
22570
9836
11384
15436
2454
17239
10596
5313
13264
17948
18431
17008
4995
23813
4221
13197
2464
8851
15207
26194
25611
4967
24556
11774
7828
7010
23673
18718
12328
32268
11657
11531
14408
7730
9917
10932
8379
26836
16943
20637
1920
26430
31236
11816
1287
15476
24640
23572
8865
4563
26846
28227
5428
14070
6689
12992
4147
30935
5925
25088
17613
29750
14521
9320
24933
26431
10353
4368
9539
18023
12790
2503
23689
6295
16033
6231
22632
24204
12104
12554
14227
2430
2136
32364
4852
17663
9252
6739
25247
6183
24445
22557
12036
8686
29827
1081
25192
29913
30650
15593
20118
21977
11105
18501
15057
25200
7423
2948
3598
25109
16702
1911
26976
18138
508
32342
18100
8524
29344
9919
28606
2970
7850
4092
24883
20474
9871
7045
28217
20041
7875
12229
14364
25841
25879
2081
20034
24848
24645
17975
2657
14807
24009
10339
31983
6960
499
2440
32218
931
32315
3597
13690
31098
468
8741
12740
6947
6276
11604
23488
3799
27570
7983
24893
5497
6593
14691
26307
17601
6044
15096
5577
11417
20626
20695
23336
27591
30821
28554
27088
30669
17309
31300
21945
7181
31266
23329
23325
29745
6154
28846
9701
26058
28848
29868
11617
23863
2054
16401
30779
20937
5676
4176
23726
21797
26945
12762
4339
12777
6521
13285
8188
23954
17263
2412
5733
16797
15549
15223
31656
8172
30411
4252
27536
5740
996
19910
25584
1525
29327
29749
6804
24689
29468
8390
28536
8769
31613
28789
20280
31452
23895
3616
6600
26809
601
19854
24933
19568
17101
30639
5579
14108
2668
11301
28585
30723
16247
31748
12370
11641
8195
8662
2485
23809
2453
31459
17039
22198
24302
9647
27359
26601
40
27075
13467
8460
2306
19632
17569
13006
18809
30802
4080
9864
11416
22098
6424
30168
400
1262
8687
17803
23307
2301
9606
18369
30910
24877
11867
2379
28477
24208
23760
11864
532
26199
12764
25169
25619
221
29185
32513
20969
23015
13438
12025
15093
5674
29381
3891
27736
8717
11311
5109
29263
23985
29167
13560
9152
18990
28485
9418
3090
7200
16884
6001
10050
22371
14069
23633
9267
22554
16237
20304
8518
27894
12765
25911
5931
26293
11160
22363
26103
16616
9851
12926
14454
18426
5848
19696
12738
24686
9651
26617
6420
21352
23345
124
30683
17519
19789
4820
24075
13425
9933
22018
16568
13831
6772
12810
9955
14075
5754
30106
6292
776
19513
3821
1065
25568
24617
19439
3565
628
22030
26018
32236
28015
3440
23232
16390
26883
25164
23970
10819
27625
17929
22880
32102
28067
25773
21050
21445
27141
10833
9526
29271
15859
15571
27403
12303
16748
15818
574
26472
17096
26815
1163
9794
18237
24986
11142
4076
13480
18266
26754
9602
18570
24329
13234
26745
81
27375
22158
2936
22234
519
13688
9577
31539
31663
23712
6865
25765
17315
21541
12636
26610
10796
32637
445
12763
1173
3094
15284
19173
12767
13117
28784
2141
22454
21312
22296
3738
27555
9167
16293
18562
23682
2472
10226
30800
28727
19828
10006
17812
10653
14827
8945
27770
19135
25919
1029
29264
18251
10680
23431
835
15171
4507
12214
23913
14838
14929
25196
27909
2351
29381
26099
32262
7340
6414
13337
9936
26065
31566
15239
20543
19358
16346
14158
32489
24287
6299
9411
16804
7842
17844
19341
26953
24814
11108
3068
28087
13234
32558
26525
9242
18940
20536
30731
10861
18795
28402
18439
11325
3047
30711
17099
25776
10639
1592
11676
455
24307
20567
24479
19680
9092
13649
11245
15487
1097
31840
12777
21325
5843
19488
2002
28769
6258
7408
29588
29887
3497
10907
9700
25118
30176
10552
11147
22255
26457
16718
2306
2970
10085
5948
13376
13579
4824
25048
24784
28781
27322
21591
21030
7221
22847
24429
10291
16995
17145
3508
23095
30724
14413
32594
21463
22012
6948
18647
26735
28418
19682
14692
4265
26348
30876
19474
9807
3885
19846
18577
4701
11420
15786
22288
8539
19063
5344
2909
29161
16039
31738
11086
12700
17221
15423
13407
7176
18782
22299
25756
28702
26867
17940
19138
20409
4676
30464
8609
15731
25679
22645
31428
11453
19603
2690
31828
22575
21529
1948
13882
21020
15797
23003
21124
874
22922
12391
9482
3232
12748
26925
24145
15681
29898
25302
26031
5465
16427
11001
7856
1365
12663
23695
7609
24599
24538
17064
4075
13130
8997
4957
23114
31219
19478
22278
13343
23881
12761
20397
16539
30663
14542
29890
27580
20095
13965
22287
3701
29873
22312
239
7689
3484
26544
9915
27320
8340
10746
15238
12701
29525
5538
15882
1495
24215
10833
20961
21735
20707
14140
30969
2649
29604
15341
322
5799
9857
17990
31401
23898
17642
29123
18762
20082
27121
27647
10209
12040
9820
8826
11906
21810
23800
32153
12683
23335
14640
19694
3286
3491
29661
18618
12083
6541
23136
19632
31253
15576
19439
12284
18827
32423
8492
24196
14450
12980
12796
5998
29930
19442
28054
29922
14598
17009
14554
8465
15304
4226
1765
23670
11852
2845
24546
14683
6467
6527
18978
12448
11939
4119
18800
29624
25501
12963
26782
8180
26320
8599
356
14084
18108
14014
13931
187
23673
5411
21412
14866
20136
28722
2270
13680
16555
19995
12952
20520
529
18807
9491
24899
21076
5678
11692
1409
3271
19864
15977
27802
20682
17890
30674
3017
31296
30900
1282
22923
32323
15632
32253
30373
22
22654
17476
26724
12890
11110
3495
18472
22661
31933
4443
3108
31889
10467
2892
19807
11505
14284
2484
12030
22217
7775
14573
19142
4190
12059
8580
18141
26572
32256
3214
30928
2551
15277
575
14810
21955
19398
5816
20580
12168
6808
31009
4808
10432
30208
30968
10074
20483
28040
30120
1449
15670
32212
27742
7426
11775
2877
6168
17462
18043
28603
22527
22173
18996
8200
20470
8795
24909
11266
30579
3042
15872
7762
2701
2745
13899
32587
4439
25467
9701
32532
29037
17186
11383
2826
15820
8069
7177
21088
14567
288
11194
32264
15607
6676
17077
8151
32402
20078
28512
7396
23935
4524
24279
5937
14281
15742
26776
6797
29458
17865
640
4280
12330
28145
12534
16585
23776
25432
18278
24013
6168
24866
3313
26801
7198
16700
6498
26978
9018
7836
32356
17202
31365
27850
4339
10366
14074
10399
26385
29069
16592
1612
23994
23228
10504
16543
15129
28120
32066
28034
16636
6860
3540
31685
17286
17276
23069
15901
6179
16112
5911
10092
28865
6069
1068
7234
30526
2432
587
32164
15644
533
8506
20749
21372
10599
5934
10675
8010
13569
22169
14091
15797
2724
13891
7311
3298
30258
24476
30399
11489
30410
30545
12646
3296
26421
13341
4894
22686
1409
22498
8726
23075
7659
16120
17939
9135
23811
31172
19381
5616
3338
9357
11516
5751
17055
29068
17162
2669
15515
6466
17707
27010
31545
9487
14610
32039
21114
18431
14438
8189
31687
14823
12157
4493
27352
18609
31079
12857
27094
5108
32046
15218
16572
9928
12380
18476
27651
25560
8894
16783
9854
30648
30568
1008
19075
17785
28409
20479
20043
379
26400
23618
24475
28291
29535
6850
25252
28941
29455
1796
22569
27876
18597
4154
28383
8431
5683
29627
17433
30030
9010
7089
6052
28582
20350
22033
30448
16824
14242
30673
9073
9785
28246
16469
14405
32733
28486
4394
21271
28342
12053
19958
17475
20412
27810
30895
2619
23213
10122
24076
7209
21015
24558
26169
18390
31154
886
24015
9930
18164
11157
19203
28341
32736
4367
8990
8461
15391
22713
29741
24057
31825
7552
22265
24174
19365
23469
15673
22935
8103
8552
28679
22907
27226
10362
21137
17114
4743
15703
15633
5207
18004
5979
1023
8413
23576
1620
32644
18747
13678
6465
10035
30993
22665
8793
5620
27376
13255
15439
2624
30653
16264
13525
13972
30038
29248
95
30239
26744
15051
6953
14782
3553
29953
31611
16683
32433
3211
31020
29810
29718
16885
20069
29092
28200
17923
5543
8910
16914
8009
26895
28716
21363
3574
1753
25243
32004
25073
7972
19021
27770
30503
12020
15808
30126
19491
3197
1265
8443
26335
2207
17613
30951
31705
18861
32488
23302
2922
17266
14705
20508
26963
28790
25446
12162
25241
12413
18692
4555
30100
28753
11394
22182
20546
32449
22270
16902
2273
13034
13752
29825
17596
18357
22398
17142
16709
4257
24167
12659
29540
27587
14788
5462
12559
5387
15444
8882
6427
16072
25271
26868
11601
4974
24101
710
21189
1175
14176
32051
11363
2889
7655
14860
971
15735
14189
20875
13407
23754
905
14135
19609
17057
10159
9735
22947
19798
14175
6090
4385
12995
19612
19398
19793
23556
1184
8352
3927
11903
13518
17788
31698
26146
27624
1636
1459
25836
4994
14318
15183
7087
17847
1561
27059
28692
11034
10873
2615
17375
29935
19860
11862
372
18332
6027
23996
20890
10586
13309
6817
24192
18736
19752
86
18430
12834
16977
12317
11548
16038
7526
62
28376
24663
3043
8535
4132
4077
24306
11764
22319
31085
22230
22623
5093
14493
15753
10938
12217
14779
5284
3402
27298
4718
23168
1814
26979
26365
10907
27825
30992
12223
15677
29012
11214
29395
2651
20015
13018
17936
5051
29697
6605
11583
6745
31463
18206
10376
17162
17521
26088
1835
28255
1019
7405
21105
18380
8507
14044
25825
20489
10518
8143
438
26297
16568
23576
145
5962
20195
23613
24940
11548
20359
21057
23759
21221
1428
27685
17478
16724
32524
6063
18194
16628
8028
13162
28447
852
9196
20718
27190
5989
22261
27745
29556
32035
25747
15678
28923
7287
1563
1109
6631
9052
30638
31508
14468
3906
27662
18436
23742
26031
29361
7318
4824
24620
1044
24608
29281
3935
10322
3107
6500
14709
27637
7631
26592
30659
5900
16585
3959
22444
23166
5931
19306
709
26525
17101
21701
12855
9726
5059
26327
29029
31625
38
26597
29647
23244
18712
2592
566
2964
28930
30931
17154
25023
26400
26081
25056
22092
3136
2927
23215
14004
29894
30174
27549
24189
3060
10748
29325
12044
31848
31611
14781
14779
486
10146
30629
20523
2136
2114
1570
28380
15379
29420
5331
13818
28508
6241
23235
25722
31019
30794
2889
2406
28975
15657
4653
24437
27921
5264
23308
1759
8957
22417
10238
4463
5471
6005
15221
5338
11242
25264
22889
14159
24031
22037
25522
27215
20876
20039
5557
18367
5395
19824
9026
17724
21612
26933
16061
12718
12461
21737
19068
12576
7305
23552
14705
10959
25111
24775
25353
23936
13781
13139
20051
3607
31469
21687
14437
1126
7351
31355
23036
19011
8574
26185
12386
24797
23175
26088
19861
24656
21839
3951
29605
13686
29205
3506
32606
29184
17304
4353
26151
25286
7202
14354
19242
24668
27589
1339
28597
3558
21477
13284
736
31277
5111
573
5233
22258
13191
17196
12028
14978
3456
19594
23887
8074
8360
5518
7949
5933
18794
6537
4248
24916
18648
21204
18996
24389
15600
25095
14954
5240
28190
13676
32683
10661
5635
17588
1334
9762
885
13544
26428
21356
16327
30882
25153
32516
6474
16508
20933
3708
14099
20425
548
6609
6655
2435
22971
32763
12021
18821
7500
10691
22123
24058
21411
28373
1324
13590
3194
20758
25176
4868
3739
567
1708
25631
12612
26507
16643
32612
25807
4117
1053
27943
11922
20710
24992
1542
7173
31654
13916
32284
28962
25456
27603
12407
5650
9187
29433
16075
2053
24181
23608
22887
20834
25099
12471
17257
19744
28871
28892
26414
14707
6177
23568
3853
23980
20282
26050
5701
18266
20332
31662
9779
25270
23334
351
21449
29246
26359
9458
12603
10655
22760
28958
10235
28632
21007
16497
12008
3229
13921
30172
12483
17657
26312
7794
14050
11064
24950
24685
11304
9732
15480
23410
19508
29390
11918
24086
4825
10096
6714
5280
16334
30480
20247
5392
17063
15943
30060
27745
8964
6786
22529
4364
14601
4265
49
24269
18958
1791
22593
32681
23959
5706
18416
26160
24198
30259
32591
15616
23695
2287
25555
28554
493
18975
21417
12313
4435
9461
13129
7952
38
30105
31054
30578
233
14795
11397
25768
4601
13513
2116
25983
25722
2675
15101
24689
12177
5549
29458
19749
17363
32261
11755
5945
29438
20630
32071
7742
8167
8235
14031
30468
2740
28840
16881
21016
11595
29094
30699
11148
15371
19550
18982
10230
7865
2248
8902
17083
30141
19972
13183
12686
32654
504
9898
8499
29291
3131
26264
12169
7756
16433
28454
18119
27416
12920
23953
15878
1816
32131
12940
25344
22956
14725
31376
20759
3644
11153
20596
14745
19314
28671
28221
322
27302
9233
16439
22274
17306
21207
11845
10241
24680
10575
3957
5345
11704
13777
31703
19523
31542
13994
28816
28300
24644
15368
31274
24297
22763
8470
22830
9616
12056
8295
21749
18249
1029
1944
12475
13869
3573
20017
30453
16302
24100
5069
3812
7128
17150
18811
20587
471
6799
2659
2590
26040
10555
26541
11675
17268
18607
11166
5661
6954
791
22532
7502
684
28305
25557
29277
28733
23778
31763
26449
8857
13161
19442
10397
18998
32593
4157
4852
22474
6666
31222
7006
5133
29177
9277
32140
25792
19310
8562
9320
25326
3543
25502
241
9842
28980
1039
17222
27321
8139
11843
10752
28873
8221
12808
23493
17026
6936
224
32539
15140
21134
6826
1145
30994
23526
11647
22180
7382
29458
27867
25913
31076
31169
25597
15749
6563
30421
18320
9629
16169
10775
2698
28075
15942
2089
14933
27527
23365
12989
26157
21639
3310
16645
5577
27031
18512
27754
4925
10636
14781
30081
3103
32181
3861
21819
19944
5299
14152
3676
8606
24459
15126
13102
2736
25850
4889
29558
27938
24329
7942
18087
24297
22240
8752
1622
10393
13023
26957
3310
14653
27371
32125
11429
4486
22278
2184
4782
27177
19491
20071
27312
6530
31544
24583
22136
31869
18068
27465
3563
26294
371
19533
15166
24031
19920
17392
26473
9315
3194
30611
2776
22344
4970
7711
5732
9050
7764
32325
2179
21894
11644
8715
25275
19076
18123
25476
4957
441
19746
14046
10095
22363
25070
21923
22762
10710
1277
12088
19750
28270
26256
17066
6034
31014
8113
17833
21672
31713
17606
15573
28960
200
1639
26937
29028
25579
21613
12053
19781
4139
14155
23009
13292
855
21410
24974
19475
23957
19471
5391
17525
4
30024
19992
18562
32415
4199
4646
11608
26981
32645
17599
27375
12471
10379
20219
13715
10497
31301
24643
19352
29084
18360
11353
19273
17139
28086
19096
9505
26597
30383
6782
32318
26219
12490
20839
5906
7035
27188
5531
2652
20012
18360
19083
30806
32282
27025
29272
29232
28940
21116
18581
14782
17364
17681
31310
10606
631
2898
8009
22652
2958
23685
22667
20329
17132
21823
14366
24745
22401
13762
22034
31132
8318
23176
14018
32703
21946
8992
26201
3620
10069
15161
28052
10015
30875
31229
969
11843
16939
19360
8744
16012
24408
22840
23617
12510
19151
25295
8646
26286
3706
32694
19858
11519
27301
14621
9707
19345
30816
13025
12804
5205
19236
22181
2246
1827
21945
13604
31952
23983
5718
4549
18877
5050
19979
19569
9893
16261
18268
7585
25062
20107
28719
22715
27172
31343
19176
10398
26766
2612
31442
31355
20579
13228
28609
2792
1973
12595
29941
18735
3438
24477
10050
1260
16528
30828
5742
6615
11457
15430
5595
3550
6
8615
101
21879
3535
23508
29582
12852
820
19984
17881
24471
12414
16145
15475
553
3049
24757
17432
3270
20904
32754
12597
4155
25898
28939
19274
10515
22428
3082
10131
32685
14255
19818
5863
3730
3739
28436
10976
8966
11876
3469
5692
19421
13659
11629
27779
10896
27369
13587
1258
23184
22920
11927
1144
25306
18962
26112
21351
26060
1086
14263
461
823
30823
9020
24444
8373
13968
30232
19238
3133
22182
8979
31941
11508
13828
6566
20281
13894
11837
12723
19763
4406
10517
32628
1363
28658
13776
9138
27021
16299
944
27703
15825
27811
26041
22661
23019
11400
17335
22216
17064
17152
7298
19722
24122
29829
32129
17062
18397
7027
4973
15871
1723
4959
14423
10865
11277
28331
8941
23176
7300
10839
6905
31344
2279
21530
22314
1709
23037
22194
26647
6924
5037
24696
21633
11738
29540
6199
19160
2899
19895
5182
3073
9565
28490
18356
29527
2935
1264
23084
16368
7916
20243
7545
801
22348
9303
5572
22596
11036
1914
18396
18872
28877
21631
16844
1834
19435
18699
4531
20755
31383
27663
7888
15746
5943
6311
6365
14876
8812
12354
29086
28513
26949
14340
5305
26929
7090
25960
20936
10382
10043
24106
11437
675
10737
12132
2085
28933
4517
16375
24225
14138
15193
16940
32081
376
9972
26779
30081
24750
4922
25164
14376
18377
5626
25117
4030
28208
1161
13667
27727
15248
16496
11732
13774
8415
15458
25253
6315
667
19825
3311
167
6227
7297
855
13800
25961
19452
6382
20552
12054
9671
25430
29939
5038
25973
11303
4657
10022
29371
4496
3456
14547
8228
6722
6118
9844
16902
16521
7301
24691
12725
14524
32112
872
4342
30424
4797
10975
25015
14184
8156
24923
17917
4008
13095
20891
31773
18665
9145
7451
27439
2871
8580
31710
21440
6970
2974
2411
30919
12122
220
25366
21722
8230
24226
31616
12194
30711
8697
18273
10125
9680
24290
10117
962
22409
16875
13333
25178
16173
20479
19736
5837
18336
22658
5177
19626
31877
19870
13259
17036
10590
30423
5898
12617
29685
12774
30628
13164
30204
13764
25720
16614
6640
3077
9629
4864
16195
13415
8614
1172
27065
9899
10276
17021
19
9891
17773
24652
24043
7821
924
9532
15583
29599
15577
9577
14577
2275
25307
31548
29742
25669
24490
13610
7566
10731
29610
19358
24348
25028
13525
13107
30550
15204
4936
24359
471
17423
1793
18445
13107
17171
19175
19137
3107
12379
18698
29601
18402
31042
7213
2554
2518
1957
19074
28609
3699
16188
7604
10628
25437
25898
15402
8863
27340
9682
26507
435
11829
11501
1149
8532
17447
985
20403
258
19827
10804
25638
16987
19855
7338
30370
1678
25148
15883
27269
16403
7783
22177
9156
19610
3149
7616
14894
27457
6883
414
29173
25353
31349
8549
7530
28043
11405
11655
19464
14823
19222
8786
27316
7166
19137
4292
14659
15329
15528
27040
14653
22920
21298
32449
31200
30920
11830
11951
25960
2431
12899
28272
29582
24594
28639
9633
25935
4633
23598
4293
28142
2904
25430
7644
27964
28402
5184
30520
7959
6361
27746
12428
25649
21385
1691
19014
2067
5622
12638
32542
10337
24002
12307
4079
8543
31156
11194
454
9140
22630
5842
569
22382
12093
2169
26107
12359
3486
21204
30125
22310
12383
22705
31990
19689
10620
26219
20437
10850
12300
4622
14902
8607
11379
26300
3524
9327
21720
24400
16895
21537
28122
29760
23182
7823
894
16584
2006
11356
11884
837
13771
1145
14684
31967
32006
2286
15051
29802
10777
12503
30450
24718
20255
9132
7672
32038
5015
6598
14951
20455
13938
9759
25565
24642
30314
19802
2564
9867
21654
3587
27587
30298
25915
15895
3766
26674
8934
25031
19164
1632
30647
24441
16016
16678
28928
13584
16059
28185
20751
4717
5959
22216
29511
32053
12247
6814
13942
25045
26805
26634
24930
13764
17419
20700
13733
3848
12119
15859
9403
21756
281
17941
23386
28240
32462
27678
5889
4177
32546
2141
31188
4971
31842
24891
20647
28908
11056
14109
32601
19978
27002
18316
1891
14376
6573
2964
23728
30293
15909
13673
31920
5142
26857
12625
31656
2405
21397
11709
31820
9209
13207
28345
17807
5576
7838
28807
27322
19659
4944
7559
14779
30721
31292
7003
25536
23990
13071
29511
5125
26373
522
6622
26858
1180
29107
6619
841
20671
31947
26189
8198
4752
5249
6135
28648
1677
22245
6646
8615
4186
2463
2468
21062
14785
11489
19901
22434
8951
15002
10432
6476
18464
26093
19096
27540
16406
28385
9596
8422
22630
24154
2580
17754
12956
15944
20189
14470
18113
8734
1742
6551
28449
4998
2876
14752
24914
14162
23803
2097
14449
16054
8390
11820
29871
30901
15072
19156
5132
6106
19964
1831
10339
40
8539
29550
3751
12627
12852
25362
11116
8497
29784
15025
20649
6763
1558
25713
12476
29560
23388
24212
686
12748
9248
6221
15289
27980
29182
4306
519
2054
24867
27827
15549
3615
18537
30058
25912
21004
13507
14131
32150
6405
13276
12574
20601
27575
12795
19298
24071
24378
28458
2036
6710
27202
20375
8536
24646
6809
2874
3000
16271
16077
184
3123
1404
22566
12168
23159
10456
26842
7508
146
31304
29316
10914
27909
15897
14547
6835
27418
4924
7295
21163
30072
19343
8834
5107
5877
6495
31620
13788
19883
13866
8087
8837
9294
26281
21028
6910
30141
13
8741
1709
3798
21130
14997
20977
8847
7442
5925
8198
17474
28259
28977
21545
23625
5955
30962
13820
19147
4618
12021
13611
11477
866
29132
4176
30637
14411
5123
25364
24163
17762
3670
24471
13736
11106
8736
14099
18915
9451
23
30140
23426
386
18231
21994
13710
12762
28668
20089
4739
26961
30676
24688
17246
30910
24788
26594
19703
18026
22954
29714
28561
1884
8659
27354
19632
7642
32270
31566
7979
16684
20752
9116
14721
21155
11385
20023
15984
986
28167
18996
18372
12860
15625
8948
28526
7110
31767
6915
28373
20750
769
20032
18545
2181
13573
16190
12181
14073
18245
21483
8844
4446
19320
1391
27368
23501
21215
18263
30743
10701
15738
27123
18487
29650
2429
31740
21291
9731
14078
28538
11247
3136
5104
1509
19496
16228
1108
18315
15872
30663
6830
2609
6192
26888
5302
19197
94
2825
4177
24468
10154
29754
3263
17023
30084
10523
3094
32467
21696
1276
26863
32529
22252
8199
13407
17227
8673
22145
12329
17032
23448
21837
14641
31594
2111
20402
13876
30734
3724
16990
24247
18740
22098
26538
28221
15520
13650
16671
6077
21184
7763
23097
19795
14222
18037
10348
12342
17080
13506
11365
15594
17150
28678
14482
1975
6364
16096
228
7513
25706
11802
22484
23545
19072
20790
15524
22620
5405
29001
7911
9051
13066
7693
31555
915
23226
21809
13686
30557
21621
13299
21399
4865
12214
26353
32414
3878
26577
19516
27687
7053
15320
31663
5491
18943
15808
10623
24496
9604
23744
5906
6522
18902
28410
1557
29089
3861
32349
25033
19245
7612
23754
4765
4767
32468
17269
12290
30842
31848
399
1147
13570
26168
32290
6131
14660
3761
4412
13396
29014
5149
30799
6229
31712
18968
27096
19604
31451
22339
3135
20196
24985
23356
21502
2024
25606
12493
3334
16097
27437
8291
4958
32708
13054
5826
32526
10128
30030
13304
18235
2782
17951
18063
8339
27321
1314
1799
6892
11185
2170
10116
16935
811
25795
3011
18011
3835
30291
15698
28464
2869
4031
28673
24200
6719
29089
10900
26213
21291
28569
26554
30215
2628
26258
17219
25172
2023
26695
1933
3453
8597
16389
12095
12767
26949
13490
12090
21543
26367
11278
7373
8378
4262
4921
1064
14420
29718
12406
788
12270
18287
16942
31713
18406
21423
3896
29855
7770
28039
19543
30353
24788
28775
31492
478
16685
28636
9582
27018
12715
4891
7104
11173
11373
20190
5794
6594
2569
29038
25346
26027
11123
13569
31508
26195
31521
19527
12439
10508
2412
7488
19547
8954
18490
7760
18176
5832
10714
2453
32512
665
10031
23160
4080
10818
28945
18818
12034
4534
20720
14962
12495
31681
31930
20620
7251
16634
25087
7475
28473
4851
11348
7354
30553
32690
2805
30072
25984
18789
31150
11546
32111
26193
4347
18493
1830
15628
8558
2109
25954
28908
7761
15175
30052
21183
7053
21174
7156
18876
25290
13212
9126
18618
25560
30110
20572
9120
1101
1030
19468
22813
4720
21779
20675
9369
24406
11155
13290
27755
17483
5812
14025
24652
6004
9240
16457
23563
21426
30759
25598
25219
30664
16553
23140
17611
24769
13716
20073
18860
9100
7202
9260
26968
10730
39
7429
29016
5770
6050
31941
9415
13425
1170
5183
11454
30112
26891
21767
27919
17649
392
21113
4406
12099
14723
21501
25996
10198
28227
23690
20670
27640
21494
19305
382
18914
12543
31292
9336
20189
25489
31806
13960
8361
25981
25292
18218
1566
16968
11045
16178
25364
13185
14702
32701
11137
22353
1273
28007
4577
13652
22982
15294
29915
1447
21322
3319
20513
28227
29808
14816
13464
10889
222
22038
3001
20765
31609
17528
10807
11256
28203
28635
30177
22201
24292
31744
8907
5948
5598
707
19368
9326
6438
12692
27003
20320
344
23339
28271
17050
2985
20856
2050
19377
3371
7129
19561
25372
11085
23952
22320
26179
32161
116
6434
14297
31971
30694
24424
14956
25398
12295
22005
22842
25008
32041
2337
4935
20249
8067
10899
15532
13296
12072
7525
27186
22447
1082
3459
15135
13137
28506
5716
30032
27920
22116
15517
10120
16755
2393
16290
17928
32136
25501
1422
30048
28270
3427
10004
30596
27159
29029
24151
28450
21836
15064
23815
27955
19186
28575
19917
31953
18571
31423
1258
8520
1024
15123
9243
31343
20125
27201
13759
825
10589
28652
827
7815
28264
29995
10910
26176
13274
19514
14209
28836
19398
112
17202
32733
1403
8817
24593
20439
5125
9381
21561
30290
15863
23529
26467
2358
14952
30852
18440
32550
24380
2908
19398
32343
1189
27498
3845
3491
16872
3947
14298
23513
26469
12248
24620
4440
22994
17689
27413
24540
12999
13814
18826
17559
19071
19022
29247
12420
3805
13835
4293
2808
19373
20565
12277
17018
18477
19206
25490
24532
24011
32350
13610
20330
27697
7417
22589
21707
20095
25597
27042
23686
13783
7064
15909
8255
3359
31658
1141
20737
18946
18622
15934
15318
20280
15679
21650
7317
17416
4841
19341
4860
1291
16509
22841
28158
4658
16313
25519
16734
7690
28551
10879
31101
8767
26229
8018
24945
7520
18789
12750
20310
24033
31365
4794
27369
32358
13442
12899
16979
30527
26105
32318
8514
26926
24879
8654
24126
1393
13313
20168
4667
14076
15390
20598
28266
28935
19315
28249
9301
18120
28903
25106
5163
12418
14665
25731
13656
8638
31878
5681
27993
21720
2848
18156
18639
28606
20443
24755
19154
26101
14778
31186
18055
15325
553
21069
30453
3893
9084
16513
18708
2273
5016
20745
3111
7147
5872
7647
31820
13769
16308
8387
23378
17374
27972
1249
3018
12867
24555
15278
25185
18374
13514
22803
8557
819
24082
31437
21189
24019
27511
16148
29654
5939
14049
3706
10227
28198
18788
15639
25837
27405
3186
18147
19940
8022
6991
11107
12380
32323
18630
11400
22419
13037
11547
29908
10771
6024
20544
26814
17795
12776
17483
10072
3266
22852
17448
32303
23607
26939
10891
21618
22626
9748
21801
20823
2743
13898
18472
16827
16557
21832
9684
265
24850
9073
20115
26972
11169
14179
15643
3816
5846
21629
29410
19094
16385
27295
2262
22510
8602
17200
14415
2618
980
32614
28738
23784
23412
19393
19127
25393
2788
27865
30333
23288
14723
2394
26908
26357
13632
21837
27915
13330
4711
665
24611
3605
32186
6857
13908
10112
29892
9743
5271
6325
22634
17289
6179
23134
3523
5828
7652
16140
8490
11903
7721
12318
8081
18609
28829
12773
6680
6093
3192
29446
2014
27972
6390
27423
31254
27979
25097
19629
22110
12256
1354
20013
2893
29447
27446
3713
29515
16986
24727
6294
22950
14272
25664
19012
21986
14717
31997
8821
29008
22891
11210
14986
19170
14726
20035
28410
11581
6574
1372
31548
19216
29353
29778
3304
5540
17000
27618
4633
25013
28043
21944
18197
20097
23079
29738
18224
8990
10182
18982
9453
5648
10415
16233
19815
13083
104
21746
15087
21334
2938
32183
15095
23425
29812
28566
19247
13464
6706
142
20973
12968
11103
25647
13778
24034
6969
23887
6315
20974
21396
14335
14741
10114
18466
8126
16997
7218
20209
9708
1094
27786
25141
3201
26532
5210
12104
10494
4937
26961
5871
29604
3782
17357
735
5860
25621
10738
13440
4888
1148
12538
28912
19056
29876
2251
11851
2351
1099
26063
9770
24087
5191
15616
29033
22305
12556
1602
4398
30322
896
30966
2342
29579
23916
30412
28434
7360
25894
6360
4995
27883
9325
4841
10209
10593
32404
24854
1458
7205
20963
29593
31513
15964
18490
19681
16541
26369
6903
17890
31788
20954
19994
27824
30048
4779
9895
12620
24321
18601
24652
21693
22986
9777
26180
20067
5232
8378
4987
7049
11488
23817
15859
11577
14024
11172
4454
26708
2906
10632
32045
27618
17997
22814
14688
4518
5156
18284
10047
23797
13746
4488
4304
19401
23774
24147
3018
15890
18084
8291
946
26444
13916
13377
12100
32342
13887
11989
29972
8066
16679
28702
885
5353
14742
20007
8090
30977
20986
27702
28667
26481
18991
4678
17914
12323
9798
6327
10951
16539
17029
15429
13185
14216
26798
28215
24734
22169
19077
29912
3212
18066
1420
28715
11672
24991
5137
5851
28432
30696
20330
16241
26020
16997
26496
2505
25362
30708
29578
15559
11523
14505
27
11334
6959
17253
15967
15185
24776
10666
14497
20118
1302
30125
12305
17175
20319
30381
1989
15651
10761
10116
24829
25477
16642
25468
19627
23291
24416
23907
13875
5610
20549
3298
27503
19535
18182
1546
26102
12281
4748
28464
14750
12534
8186
2299
19519
26187
4239
31931
15034
28392
26319
25852
3898
24282
3805
17500
11450
3267
17964
24217
5064
21383
9814
10222
25736
7241
22348
16032
16891
17558
11440
8916
31361
13535
12927
8355
6557
15149
27891
8304
18169
32272
20392
20857
5802
7128
12285
25261
11956
18952
14013
15806
26065
2312
5375
30838
16238
16410
74
28750
26871
21903
14845
17469
7252
5947
9710
8398
2996
1830
13394
4725
14985
24708
8925
21027
26579
26856
22826
16408
28066
25012
25692
249
14806
11732
22022
28962
17450
32684
2632
25149
9585
9038
6459
22291
13343
14577
30607
12707
18954
29599
2675
1905
6002
12333
12981
4129
10047
30832
4907
25156
30859
18094
5713
29298
20832
7507
30515
2201
11971
18149
20878
8084
30193
21050
32050
25344
19176
7913
14506
16203
12329
3582
26399
14349
21437
10994
25978
30876
11638
24794
15049
21211
21111
4062
10212
8274
8694
5869
23120
14724
12097
9647
18019
30588
3327
27323
27817
29610
23993
29195
3719
31213
19865
18348
5662
24817
22897
12986
13682
15547
1790
7308
204
8066
29295
30764
2141
23745
21793
15882
13603
650
27053
20465
27921
32029
20772
22841
17002
6329
23961
32575
12910
21938
26080
30226
14136
17092
1686
19823
12519
20903
29793
2544
27132
23011
17273
24192
15107
15846
18536
6674
4470
26196
30222
7571
24030
1950
23783
28188
11579
26070
12177
14189
29094
2754
28808
21143
15925
8751
11573
9464
31263
28807
27175
27500
20256
6054
9376
17858
22303
7658
3411
5741
19727
27529
24684
2684
17683
12840
32465
24013
12261
29353
11431
12157
11640
5444
6425
31394
29404
18393
4948
1853
18275
5764
4310
26474
23810
29299
26857
21722
2041
6900
26986
643
6582
7378
10447
13974
25335
23522
14697
16562
8496
23257
8677
8279
23340
13664
16153
28573
28918
107
29438
26150
25338
1222
17656
2129
5224
2032
22366
22192
3289
5933
22070
4541
32053
2263
17216
26056
3028
10229
17207
4916
11235
15887
20563
26339
1034
28480
30226
5871
10315
7308
31288
22427
11054
16500
5908
15497
18971
31176
11014
14893
14599
14525
318
23425
20819
16959
6086
32762
10224
32136
1731
13755
20168
16370
27896
1034
17753
2825
1419
14848
23715
28901
19212
5508
4677
4791
19379
22138
9955
28065
4841
4663
29642
27083
19466
23352
17367
24499
618
4372
13205
1988
8854
27824
23717
2091
8412
7346
20579
5350
26893
1592
9670
22045
31617
32201
7816
2230
23388
3212
10119
3364
12816
5559
14444
22655
19491
28747
22154
31706
21299
18687
16137
13777
26935
24697
31811
16993
2311
31172
27246
23805
20511
3327
28540
10461
5535
4690
27199
29594
29335
31015
7377
1528
8066
8086
5683
30466
19216
24096
24372
13661
20009
31649
28308
15062
24878
7552
10346
7741
13954
2089
27843
30582
7753
17341
31116
18893
5999
30983
9138
26762
29164
6835
11143
2501
26183
11962
12392
31612
18009
19489
1949
12003
11092
8419
31360
3579
17668
5164
12257
20326
11860
22727
17578
15482
27411
986
22463
7572
29432
31697
3368
16559
28132
21400
19570
20021
1384
26125
15954
24596
28551
17845
19852
3861
5821
21677
12051
27242
832
6372
13682
3461
27013
8328
29546
18481
518
2750
29149
3291
3651
2198
31979
6448
12038
27198
19546
3310
28652
3190
2875
25331
11297
14915
714
155
12395
22248
27799
20296
15978
25618
12259
5186
21790
14419
3661
31426
25257
31185
942
1097
17238
12608
23873
21302
12763
2317
19463
920
3291
3292
30313
1601
5551
32053
19744
12828
3174
2938
10066
32704
19722
4637
27133
9028
21029
7439
16025
30805
16516
22140
7417
29831
24635
11189
11379
5097
9962
15982
16448
29660
14142
30249
29477
4133
31162
17906
9811
22080
12983
31309
26509
759
14761
9069
648
32308
13733
28582
16791
10516
800
2597
8584
21052
9978
20959
31944
17520
29371
31943
29134
9058
15900
31556
2231
2759
22985
12258
23598
9136
8037
20296
18831
9240
17102
31850
27724
27833
18595
29951
26767
14629
17924
25142
18721
5649
19865
8612
29834
4596
11734
6785
32122
23505
25725
29461
21095
17488
27492
14957
4216
21780
17016
23122
32162
29257
23298
25980
28177
14972
18473
5634
6345
6320
22712
4117
8077
15534
32290
15598
19967
28060
9412
20997
21514
27345
24937
22660
32637
20200
6163
18683
14584
10515
32761
3925
18444
16562
10444
2827
8862
14117
25918
24471
19340
31710
16069
10540
1172
18106
22172
27044
22385
3217
22540
16826
14918
8716
24553
19065
21312
182
32095
8948
8055
25174
12271
1592
278
9853
1716
32127
30908
13915
17643
678
3618
23254
12210
9953
11261
14558
26896
4526
29478
26618
31798
27655
18680
22311
32516
3036
9465
29667
27855
29632
25021
18309
7778
31459
5384
32463
834
12608
13107
4038
55
21527
465
29121
5895
26270
7570
7105
15237
17140
5991
15616
31178
14166
27878
25549
20931
917
24561
1686
27628
19143
29074
9031
2906
19773
1066
26835
24831
32438
26827
7951
9258
19666
23522
16583
5197
10698
13593
31756
18435
12125
20091
3275
27985
28174
26329
9636
24364
15500
877
23288
13372
7026
5310
17476
10976
304
25283
18350
5746
8777
1099
17374
12748
2496
26013
3087
31499
5580
8795
27238
31891
11475
13996
7298
10067
16022
19353
32340
8778
26026
8888
22321
13129
15655
25864
32037
9467
16036
22813
17035
20004
15458
17533
25050
7718
19399
31817
23490
21193
13326
26912
31608
15163
13630
576
30030
11350
15192
1006
21382
2594
20949
25881
9576
2715
27471
20538
9362
5556
20863
9086
17552
26267
20839
15399
24748
21055
30672
4399
31751
22288
29175
24879
18409
23045
26244
30592
25686
13540
23227
19616
3810
31166
30710
1495
13254
4024
17747
6170
5426
3346
10666
4655
31973
29281
18882
21010
11260
11039
5828
10648
32007
30566
8431
13906
27746
8953
654
28852
31427
11652
30503
13942
7695
18469
29430
21563
13426
19498
20121
21105
11694
3869
23309
2424
24243
14334
29145
16646
13169
31183
21897
24266
13034
22358
30302
26703
2443
21534
28484
23588
3516
14015
20228
9786
29366
16479
443
13197
7572
32121
28299
26886
20653
5085
7568
416
8482
12792
31254
6091
27315
854
1289
24078
13783
20069
2988
19183
17419
8060
13966
15383
13930
9499
1211
21682
638
8565
1839
6933
10582
5419
28816
6563
25816
1883
19740
1777
16217
3801
30432
14632
18795
188
6698
26795
25078
26653
24130
1530
17547
11035
1621
9943
20980
290
7858
20135
18192
7790
2617
5658
21982
14538
1039
30222
21719
18846
27031
14769
30849
12584
24734
23526
19265
7946
11734
21483
22384
25605
20358
5432
14258
4356
12415
18090
387
1884
1874
29920
15891
24146
13760
17382
25940
16862
15474
25616
3921
11950
5867
20009
20417
12142
5050
2765
28636
32583
31988
2324
31341
13733
9441
18545
20009
24382
10998
23001
10815
10320
3331
31783
26928
31785
22702
22463
24033
15853
4384
7537
1775
32404
7422
3233
3138
21554
20635
9381
15077
13947
26732
1391
29460
1158
1980
17260
15511
6097
4000
12971
30031
2182
25134
27970
19983
1788
26090
6382
2477
28289
23937
12281
12888
30039
26554
20833
14635
7676
15273
23606
13315
19886
29990
23108
11662
11311
1405
32242
15269
12486
7271
14186
20444
134
7481
9466
30295
466
29788
25274
30431
18721
24829
32112
3124
17151
1797
3248
9637
16213
23884
14408
26335
16873
19465
11483
23043
15400
3982
17355
2043
5156
13106
25180
27405
7385
14478
21527
28592
25524
16108
9325
30623
30550
16124
15261
4909
2965
11977
17112
25816
7875
8684
5026
25376
1075
14847
13947
27802
30714
31573
13503
25152
8179
23016
16843
15371
7686
4755
32609
19396
6057
9346
24910
8727
22182
32486
29769
18921
26399
14061
3103
19947
22224
23025
7437
15471
31125
12272
17517
7547
22316
572
17558
3868
9787
14963
30717
31741
30869
28082
32672
8248
31929
10246
12452
20588
30876
3107
1340
14096
25000
7001
5326
31751
13828
14787
22353
2676
31510
17090
14330
26831
1350
16809
15127
22329
27909
8890
15163
10252
21774
28754
411
1719
26092
28768
15800
8393
8893
13851
8254
25931
31541
31733
7468
20051
16102
22986
6454
26838
21950
11102
1640
3774
25041
15110
13323
1852
11864
1189
21964
352
4090
9434
1563
7399
6731
18552
18386
30036
20115
12343
19223
25410
10192
7337
31107
26616
10238
13935
3460
30526
19093
18092
14591
4975
84
21434
7994
28624
6205
30236
9722
3360
14817
31156
25064
1136
21725
7990
8761
29749
10661
4573
24462
17308
20352
25949
4633
12317
23508
12312
13058
22867
3748
5524
27913
16139
10327
21805
16492
26011
19643
12551
7691
5237
5961
16711
15818
25339
17579
1923
13367
1941
5499
22134
2925
7425
20046
25081
25400
20971
30961
2863
23673
14014
19186
15615
21452
7609
21858
27847
12137
16709
25050
4942
17480
9350
8380
12795
5769
25136
3259
14405
30994
23964
10142
23915
20602
2587
29760
16997
32038
15498
20956
28698
12465
15142
7303
1491
12945
32674
14078
11248
22520
24439
24994
7898
13049
3708
705
26168
15596
12214
17431
3174
19
26737
10645
27170
1150
10639
1377
23177
1067
8993
27933
27459
10866
5684
5228
23802
25248
30957
12466
2064
31203
8409
18972
31121
6246
26494
7649
23654
21948
32054
30151
716
27778
24125
6376
9221
20800
7688
14774
8781
12433
31960
1341
27920
6276
31632
14248
21338
20801
25027
23047
23183
10480
27154
3407
27996
14038
2229
1698
30445
22977
87
8401
15969
30119
14631
10016
5755
13450
3628
15689
13722
20126
1240
2243
18923
7598
8929
32579
7645
32700
22092
32388
24789
19688
9163
4420
26660
25747
3912
1423
31798
5571
29378
14399
1547
26313
14168
14788
12523
34
9379
12321
21590
16028
14921
6711
14907
12473
18383
22598
5482
856
13999
7601
15434
8594
15019
12289
31695
3043
23648
5933
5799
10890
4638
8985
17588
7986
23287
27228
18111
22993
4118
9798
25195
29905
24659
4130
23143
7278
10756
9144
14056
1375
10005
27414
29271
14008
8027
14224
24134
11023
5413
27654
21673
3293
8212
15461
2371
4648
27181
1648
3934
15199
813
10177
26559
31110
32284
29962
10969
32658
3365
13985
9025
17175
4005
20028
27746
28704
18050
27129
26994
21598
8894
26785
10405
1414
25164
21293
1696
18164
28450
3977
9776
29332
13455
12441
4156
26882
24271
1914
4088
19696
14557
23050
8028
3529
7304
25258
30677
1427
10441
32066
6970
11802
12884
9606
26881
12619
8813
10872
5043
22750
14333
15150
2717
8504
24293
12502
11209
29583
4498
14839
21036
19279
30929
19194
5153
19132
15845
30696
17942
729
17112
7029
5509
29321
13582
28478
20519
245
11808
31055
11108
30509
22247
29416
8205
15634
16598
3201
11853
23923
27021
13067
7645
5494
7340
14969
3704
29498
10213
4479
27791
18362
5462
25241
7741
28661
24597
18000
31869
14668
22284
27321
27803
25899
8711
21566
11752
4075
7435
7072
12210
32503
32234
19773
883
6702
30740
19855
16201
5257
21168
26358
25766
2046
9451
25783
8009
2212
11408
24388
28781
29463
29402
7614
6720
31262
13190
12472
24470
14219
14891
10814
27615
17507
10702
5909
30550
7231
25265
7493
31612
20466
31341
25557
3013
19308
31296
10198
9873
13023
22440
8867
4701
6944
23345
9574
6971
8527
27019
3550
17535
9658
25311
30816
17084
11775
3171
21276
20975
12913
14381
13986
15353
23229
8005
10149
9043
28110
8701
9726
26109
30957
25221
11507
11447
29229
28090
2234
31348
23046
26175
9529
20492
8256
26063
14864
14385
20498
2257
30681
20388
18316
22573
6830
7592
32306
1375
1516
20664
7914
11466
19767
13173
31000
4686
20159
28130
3335
3100
17089
26323
14219
4041
25680
22947
16612
5538
5973
29734
21222
17984
12245
4318
6743
9820
15986
24946
6041
13540
1589
7515
25224
12109
32650
2273
26022
28716
3212
26694
21622
7168
17027
13121
24869
4178
27819
7342
30063
18689
11320
17027
29377
12247
22934
6662
15771
2655
2805
27709
6201
31227
25605
30374
4210
16945
4862
1065
1248
18758
7908
4683
1345
1806
27401
22180
4637
22018
5075
14483
32682
23187
2239
4912
32748
29886
1958
21378
6176
28641
23872
18163
1371
25805
3814
11776
21615
540
20892
26421
12558
11973
29262
18009
12338
15085
4954
27622
6587
4864
25423
12476
30042
10497
12532
31253
24239
2078
141
2492
25774
18056
1625
7802
30791
18817
10847
30929
11846
4023
31083
6125
22648
30160
10067
17112
14863
10566
1662
12781
23367
15733
6311
27791
16458
5874
7391
12059
1873
8479
16081
27930
12813
508
19274
17340
7749
16448
3577
28802
29120
4009
15475
8250
32101
14224
4729
10800
23457
18368
894
2979
19977
3976
9572
14198
7745
2831
14471
3624
1564
15080
28924
4614
25348
6630
25883
11167
14493
9522
17722
4729
18085
10906
16572
11778
13855
20780
15435
713
8624
4100
15713
32750
32073
1890
12045
16600
8454
28672
25588
5925
31574
5282
31126
28903
11869
2542
210
28429
7318
6270
4012
16415
10429
3380
8271
4911
11500
25549
24910
14092
27908
32697
23343
14776
2126
26410
3882
7196
11874
13420
29486
28155
6984
12660
28453
26149
7902
20923
16249
19181
13177
32333
24791
16092
26575
26652
26931
17831
8213
21659
29196
5471
29284
6280
30705
2024
8801
13577
21316
16556
29
19195
11838
23184
11834
22663
7219
12840
4944
29942
13847
8230
31374
32454
24642
14361
10149
28669
7536
24404
25057
19645
4876
20523
15001
24601
8878
23910
4810
15143
15586
2543
9215
10838
20779
18638
4212
5378
32583
31063
15994
31558
28085
29602
797
1554
26997
14652
24581
23933
13071
7708
22682
14684
7382
32217
8812
24595
24174
20762
13521
1963
16780
14157
31696
19749
3069
18588
12861
13838
19178
17436
10022
28756
25434
28232
29294
17496
3064
13231
23736
27972
5143
25577
32390
19359
7155
6351
23202
9759
8761
7660
30654
27838
2762
27694
15703
12815
700
3553
6111
20179
26018
32478
10266
25544
2062
23808
457
11713
2900
31960
15750
24571
7824
13986
25071
30895
20714
32631
26630
17380
22808
8900
24280
135
30245
12282
29277
23485
19825
28807
22944
13944
27130
31238
28703
26953
16601
12466
32373
31349
24336
20001
30262
31306
9346
16431
9499
31155
12355
29752
9055
20235
25106
25226
360
7471
5412
28185
30890
20695
30756
27765
9161
2086
9847
27130
509
6271
26308
32326
18875
9883
12980
17649
20114
1240
27638
20088
32339
19412
25223
7545
14708
24891
4144
1062
2742
24797
11600
30196
518
7172
731
8595
13985
8964
7587
26403
13436
3347
18134
32421
22755
29275
26056
25263
25184
19534
12019
21348
14302
12346
17469
1444
11022
6173
10873
21120
14858
11706
14383
31473
5177
19436
24992
21449
26226
10811
1541
28137
12900
26285
8728
3765
13621
25054
3029
3269
8553
8531
7042
25821
12294
11276
26093
6944
19701
5464
27637
15488
25260
10734
25419
5241
2314
29496
31866
27391
7042
1266
18981
24245
31356
18676
11664
12127
31736
15692
27747
3226
20341
22672
21418
15563
22801
2163
3103
12373
18417
32405
940
21775
27619
16288
4140
15861
3650
10384
12146
29469
21019
24146
2188
32237
24461
23441
4680
1420
24182
4301
760
3990
1100
19117
28019
14612
14664
21142
12124
31659
6346
32124
5287
21267
20729
7416
21592
22219
9641
1691
19086
7179
6787
9603
5057
29691
2143
18987
27976
23074
8693
11399
32542
10017
11189
21585
29413
23457
27379
23454
31787
6026
4167
16308
13805
4469
8500
13343
31065
8805
9479
11266
4568
14769
6402
3500
29260
19781
28602
17515
20374
6667
8126
9381
17500
18595
1401
22052
25097
19034
7258
14514
21269
602
21298
30438
29318
3870
32733
15165
31927
18473
13860
15212
15704
17400
1506
3573
24246
31285
25702
32249
15932
22061
17689
20813
27194
19844
9568
13520
11494
20263
4036
17147
18593
7811
23121
22713
18811
28405
9275
11385
4088
21377
22216
23426
30997
22214
11625
24967
18310
20273
2346
11900
12866
17266
4941
20136
15425
29484
29490
22778
14724
22513
7035
6048
9559
12909
29293
7894
11731
30689
22936
17916
6310
13268
22714
14060
25879
12805
28641
1930
20292
1187
21712
4509
6318
15040
8100
31965
14840
23300
10935
12108
25068
30366
10693
6090
26047
26752
15437
1764
1686
5324
32570
2542
12360
15497
25027
31825
5478
14747
16784
17189
19577
14066
4638
26371
21130
14593
4964
20
5864
2674
23479
10350
29733
24856
14571
26785
14946
20261
11451
21132
11980
21661
2154
15990
9319
9482
27563
24154
4619
30066
10943
7041
18860
26246
24541
29270
13534
24348
11222
16503
14999
27359
27129
14600
12855
28997
23348
29516
1991
22722
3197
18294
30078
27196
31856
28092
30346
2238
17466
5038
22285
4464
18357
23494
1381
30663
12500
31552
2224
29177
14914
27179
16527
18868
3398
22977
21035
9487
14058
25844
26230
23489
30812
12105
7604
11408
30356
26089
23609
26381
3383
22262
21620
23935
18620
4891
29228
13085
19405
19815
2826
23168
9200
27995
30808
22615
20838
1857
32264
7773
1619
11968
8952
4744
24864
22446
24180
5763
9758
14629
16125
9055
15468
26329
28232
19846
29210
5288
13962
17648
19342
14451
27891
9625
25127
32301
25976
11314
5665
16945
21462
8982
6073
1497
15828
7041
2961
4684
25288
18172
20053
15767
15452
1308
7071
1536
31890
31084
7192
30614
11526
15784
7905
4109
21364
1068
561
5321
16249
16043
3903
3897
26014
7460
19810
25446
27538
30994
4214
13516
18871
228
18051
3432
9696
14252
18585
31506
19290
7451
13054
5901
25641
4525
2188
11229
22419
19233
9556
27992
29155
27948
17543
30464
14695
6766
7575
1168
5307
4517
23705
6357
9801
11041
31214
1727
273
19064
13602
4280
6822
6266
14100
4660
7801
6503
8023
26506
1626
29536
217
2050
7228
31004
4546
1583
18745
19676
4767
27263
21974
12193
12480
7184
32647
20636
26590
19397
1910
12518
9986
5530
7808
28529
15521
19508
21120
4415
19980
8893
24785
6609
24072
10478
4622
2019
9912
19821
796
2646
19140
23130
32619
366
8628
8228
20600
8253
9117
17058
9879
16991
14336
23647
32495
18920
27631
27701
10950
6555
21361
16669
23551
32605
6696
22597
23264
8937
1841
24931
18713
19652
30796
23882
5634
6516
6205
2746
2085
27885
21618
5501
32764
14924
21989
15279
22524
29639
324
23902
1490
14052
16976
10835
24812
2282
9859
25134
12859
14229
2805
23225
28983
12814
24960
16502
21028
28186
20770
17786
2452
11666
13732
12926
26926
14355
17017
3636
14765
23798
19689
20183
30252
20867
367
18950
19616
16225
2143
22226
1958
5969
24011
22038
17791
31773
24744
5383
8280
22986
23853
15883
11215
32021
5756
19407
27572
16158
4996
12947
10252
6494
13094
13257
16988
13790
19350
4063
28708
20395
22789
2649
32425
30597
32637
29730
1015
4311
25612
12324
8487
6892
8484
26134
14814
6751
23106
22421
17686
14035
13006
2935
6945
24805
11330
17244
25834
5215
12175
28549
4223
2734
17853
5354
28364
29079
17361
22918
24233
31269
28147
10998
10520
21478
21968
13122
29383
26711
30782
4091
26333
27292
24094
32646
32499
3956
17543
30903
3167
365
4129
24738
26297
25940
4046
21165
25496
752
21136
12010
31645
26096
5287
25252
16563
2849
2041
7992
2452
28132
31671
29478
30352
2528
10046
31080
13194
9460
7227
4867
6979
30063
9235
24283
8155
30852
3202
25547
7316
3320
10114
8437
29914
9758
622
30807
9344
11013
6247
10144
9549
22000
1015
17217
19895
10246
29684
26566
3310
17739
26535
5479
10268
19663
30254
27098
23787
294
9503
11372
3401
21783
4718
24656
22632
12440
30097
20791
17672
507
15329
20001
24824
28514
17476
1650
31194
15480
32265
15688
21288
14435
28435
18188
32116
18420
25914
1351
13044
24609
22254
21687
23869
1206
14109
8611
10319
8007
16471
5739
18130
17001
31537
6243
19359
11554
999
1761
15490
8861
21317
28821
16958
27170
3783
13081
6610
2886
9215
14537
11003
6751
13111
18645
26618
10555
3416
7573
23191
12306
18698
13596
614
696
13085
4111
26697
9751
7720
21176
2870
6621
21871
31830
2619
27250
14090
10423
12223
7981
14660
4105
16906
22727
24386
14574
15624
13328
24805
4302
22857
17632
2544
24177
1101
15697
5230
17101
11775
5419
590
15388
3967
17824
14929
24370
20260
27962
27686
15118
9666
28689
32723
6831
26920
26689
5206
6441
8173
31387
20876
15351
621
25499
4435
1939
3342
20634
9195
16964
1992
22853
13219
22839
9956
11598
2993
7122
10499
19042
18017
16709
5731
20058
9842
27746
1374
14773
8124
8622
2099
13894
21271
25528
10249
13866
377
27049
4401
32509
14942
9245
21676
30029
18797
1073
25325
15439
10072
14557
9183
32209
29188
22149
20522
28272
12266
7370
28595
25099
25277
20134
8545
1144
11596
20664
4135
2677
4267
476
14655
28385
1165
511
26547
4140
28405
23346
2338
16908
16142
16636
16321
10097
12118
23029
21920
26812
29442
18320
29999
6699
21151
24633
19200
26264
31733
20384
29902
21092
2352
4436
25023
10926
834
31123
2022
29896
25475
16481
4876
29163
22682
17111
28848
2857
21153
28350
23884
14756
6788
3164
22234
16126
30890
23182
6295
16912
11992
12567
1031
9183
18770
7480
6969
8395
2883
11393
28748
4618
31326
23014
11826
25429
19910
20757
7860
4321
17451
31751
20918
16785
9526
3797
18877
20842
29224
1486
20910
24647
2494
18886
24537
14542
17239
28336
10805
9122
17752
16496
20461
31450
6864
4586
15388
4531
19544
607
9685
17537
62
11513
20839
17644
26082
30372
30431
30296
28767
28192
29134
28325
9326
29268
7756
28441
32136
4838
1852
27034
11851
24328
18898
26145
16415
5781
21075
23659
22041
29020
22044
22002
5920
28860
12006
27675
846
28529
31560
30385
14488
25517
10365
32402
27314
1898
18792
18600
4653
23295
24277
3355
5859
13810
29954
11973
31124
23054
14942
1767
16593
15541
29584
6426
11545
31351
28859
17288
30787
10467
26625
16219
9243
31388
22854
1398
7248
27056
24374
27491
12174
23590
4489
3213
9191
30422
23685
21424
27255
4734
29125
14477
13896
1809
13882
1506
31347
16722
20847
15257
5000
22178
16913
24896
8240
2838
7086
23737
19729
32205
20925
8499
6130
28545
13279
19033
20000
22363
32612
30664
18960
14860
10769
31943
13381
30489
18976
14386
19316
118
16265
10424
30695
12375
640
4423
11807
12611
15167
16835
25789
11370
1797
22526
8611
12856
3679
3301
25174
4394
20646
25079
25510
3809
18633
17148
3218
14197
20300
28659
102
14091
23953
17228
7206
29098
5719
10327
25391
19786
14208
22013
7964
25134
22807
8622
14055
1396
7569
32410
336
25067
14163
32036
5763
4900
26485
24211
25845
30412
22982
4363
3471
10296
528
10173
19214
23106
24221
9050
26794
852
17401
7885
3061
4034
5626
13353
22023
3677
4606
11744
8152
2885
3700
22583
21997
3326
21406
1782
14135
26566
29076
9060
31544
23334
14221
22130
9063
11720
12378
9015
31702
15240
18483
1436
3858
10701
32694
26969
4426
13850
20525
3360
1716
21216
9488
9751
10541
1687
3787
22412
20768
16652
4800
21221
26024
6909
15504
13269
6137
13283
21654
27862
28156
8719
24501
22483
24633
10488
19540
16164
3834
10708
28838
29376
21165
613
15919
15790
11147
19990
20100
20413
21623
15686
11602
28533
32041
30436
929
2125
28555
14396
2138
26911
9315
10000
23047
18136
2867
2539
9691
22388
2397
23218
16370
6442
29835
26492
4313
6627
3150
30115
31825
21233
14086
6940
9552
27902
1537
16899
13129
66
17639
2682
31917
9466
6229
32436
15026
26645
28616
19789
10835
30768
20157
32221
16024
7876
12566
21452
18455
22942
3776
21352
13755
10384
17043
7476
21188
25447
22649
4995
9743
11292
1747
32326
22168
20815
22296
8483
14653
13552
16831
30663
27589
2880
16736
3196
8480
1528
8470
7422
752
16327
2599
394
19529
31746
5351
2617
437
3736
24793
18060
27260
68
30744
27464
12066
17158
501
19076
16688
2771
2274
4608
28728
7820
22415
17336
20499
13613
12626
7353
21613
13127
27084
24116
17796
23728
8138
11473
29228
20088
8041
31301
17175
21792
12158
11559
4947
29447
20020
31487
29204
11045
8439
10401
12724
25595
7057
9401
26616
30410
8851
12454
17301
16132
11511
2956
23282
15872
10499
21412
22576
9969
10353
4567
9832
26393
6092
9100
1075
32314
1309
30398
8048
15182
14791
19537
7745
12663
11184
29862
14679
31033
2465
14957
19312
4583
26352
28602
31261
30555
19036
20827
23497
16362
9272
13418
16119
22168
28620
12830
30411
9607
1016
17894
20684
17590
22298
4537
6120
232
14898
15527
18617
20193
20292
8117
23302
32472
16126
13543
17549
17450
29083
31902
6399
25932
20231
19748
27469
10243
19012
16518
21538
19927
15372
13474
16816
13509
20664
4480
29872
28724
3424
18918
20132
28202
12356
18982
21856
31936
28778
18747
4040
17363
24713
12308
8155
1789
31014
2864
15857
17347
3581
14955
31040
16
12962
21272
24997
23779
21096
26703
32418
16708
32642
11656
14243
12668
15720
10089
4485
9861
19069
24285
25944
31168
11502
19046
29796
14566
1757
25012
32107
30273
30143
3958
14126
26908
258
30064
21554
29304
23539
14030
29636
23040
32480
15544
9275
22335
23417
10534
23165
15121
12412
27638
709
19799
16530
11836
3747
13039
28788
2009
9284
28644
4177
13135
21235
23009
21620
13267
28896
3820
16674
8612
1568
17488
3521
4252
26870
475
17216
17668
28497
7498
6578
10925
22933
2562
22844
16956
23198
20737
16946
30918
24835
17683
16509
7581
1431
18249
28224
27241
17206
12199
10683
20858
23486
11805
17007
1628
3675
14265
386
29868
776
21530
4454
6443
3922
24360
2230
28945
14431
4866
7264
29604
5680
28216
15625
18952
31779
19003
9133
14681
2748
13841
4486
29431
3748
26957
18224
16161
20722
25407
30474
13766
15530
2664
14047
31127
32131
24624
13510
10593
31726
7388
13126
31642
23123
18362
4286
14394
22430
8094
24068
1228
15098
26514
18509
14020
11484
27594
23117
8211
8516
21206
22687
2553
14144
3867
15718
21018
12721
1156
5941
24021
27985
13941
20268
22481
30709
4609
6756
27608
11536
10332
6798
29929
31609
28051
29142
20872
14446
20346
19982
21081
9176
14566
12040
30445
464
21789
27715
27868
28003
10123
15818
1300
18578
19383
19546
4976
28061
29045
3267
27789
1410
26972
27280
30169
10176
21882
1514
31724
10080
21063
2234
17180
12598
11224
22286
1611
8037
29525
7870
22532
9761
2221
2639
6599
15801
27784
6935
32160
28116
28286
28322
17918
24058
2950
29525
14275
20311
4273
20561
29336
25532
22040
1179
9091
21991
9746
377
17851
1796
9387
17439
26043
1396
19282
12938
6805
28876
19666
16301
10633
24353
30084
6859
2006
10115
23490
28196
11984
13767
29854
28883
30259
19338
24788
20471
26807
21106
1534
13073
18148
9143
18439
24493
11304
26850
30434
16453
2599
31189
17532
21090
28242
23564
22255
16388
17851
18210
19192
10308
4903
21143
15019
23352
19301
12496
7269
3351
19423
7007
3587
17565
8047
21637
24657
2225
1396
25077
30405
4422
28452
25819
20334
32639
26404
13085
18215
24854
5974
5601
28176
766
24818
20815
63
22343
15064
22936
22194
29251
18980
22839
25736
25319
26883
27767
5233
27251
4038
13877
6756
22358
21557
12775
3472
1867
29478
26333
24212
21705
6222
24775
32242
29594
22614
4472
18113
201
4401
32745
419
18882
9390
26753
5111
3765
16713
12947
12112
17467
11591
24361
5413
6204
18434
21760
17098
15888
13697
11731
6558
17892
26699
26844
22407
864
32125
9881
29595
18311
7963
20940
13088
29150
24740
22981
2743
7376
18921
25059
8148
26961
1054
2649
32369
11714
23858
13870
22276
3092
5468
29320
22702
13105
10999
25385
31669
20375
6287
22586
20532
28486
14652
28999
9489
23773
18222
29068
6960
13824
10378
10607
30950
16636
32373
6477
20913
17838
10861
12665
22054
28065
15840
21378
24618
28534
2039
30901
3941
2441
13747
8675
2548
4049
14396
29797
13662
4360
25974
10332
31690
22284
1748
11325
29039
18054
19057
8590
28235
25033
19037
5866
28696
29437
7732
9035
22652
8572
10998
18057
23424
30332
9490
13085
12867
5359
30916
25899
26096
10407
3233
10944
18157
20670
4721
344
25685
2357
23100
27811
6057
22491
23464
10888
30914
16496
27010
26731
19978
17419
17306
23979
19692
28601
31444
28527
16009
15975
23420
16803
23725
20994
20954
22845
31489
18396
32006
13253
20610
11346
25598
30740
30001
20908
246
9308
26636
3652
5871
23912
12606
9707
1419
17189
29843
25224
3872
28258
2094
8194
17675
31700
25470
20320
3655
18525
31342
13615
31806
17037
22748
26404
25054
30058
4685
19715
24816
12396
23007
10431
24997
28876
22143
27107
10354
28671
1883
20528
32286
31613
19610
8584
7706
31174
26699
30475
24336
16551
2972
25983
18878
8377
17485
1269
4613
18988
24164
7081
9789
28354
3617
28715
18636
17694
30260
1724
26615
20799
24110
19963
10232
5704
11574
32449
21328
5506
31997
13129
9566
16035
22772
31124
9009
13649
32188
25867
30363
4066
11485
25447
32646
29542
26812
22734
3979
12519
11463
18238
961
18415
30195
1327
12499
29259
12136
18292
21846
7439
22394
611
1625
29402
28892
26165
19005
23387
5136
31408
21959
5140
13602
7683
8051
18014
29078
27377
15627
16046
31391
18993
16249
10518
28562
13077
218
30479
15513
24427
6355
21109
20908
30369
27432
16851
17853
29740
1162
25057
14899
19753
14769
22603
4762
6469
15531
25524
21657
17115
7284
11515
17444
605
25286
15805
4082
10485
17458
16411
8754
32364
5744
27581
27002
13898
244
17430
11776
16447
7105
3050
18188
30657
28802
4622
17581
30455
4567
15216
25004
4310
15597
28247
20926
13962
14673
17131
16381
19479
27398
7415
4505
12352
19157
4846
16587
31656
14564
17964
25611
15159
23946
4223
13699
10687
3170
10982
11971
11487
23966
12696
3254
6440
29086
10568
20437
383
4802
27048
3226
5570
10620
4396
8248
21679
13993
26128
7561
5377
18465
18588
1608
10715
7052
6823
9344
9834
25464
16474
6212
1223
25257
7734
28065
13338
20912
14424
20177
20997
17088
22268
9905
4928
30652
21569
18294
8064
24212
30508
27035
25758
10194
32750
5917
9461
11120
18794
22251
17676
4077
9202
11416
7285
26528
19793
16468
19956
14411
10767
17178
27364
8435
9200
25387
26071
4591
20926
25786
6269
19264
19528
13033
24775
5408
21675
31988
6475
26333
12240
13228
28907
28648
23350
31528
26033
14121
32498
25783
26366
17558
16628
1304
25316
2308
23947
15086
17104
30781
10540
14702
7020
2386
24431
11099
5059
4403
25434
564
18343
11132
21730
17836
10575
9618
8111
30554
9797
8175
26400
24242
4992
22970
29583
20788
9420
23195
1238
19171
29555
28365
11793
27385
22550
10613
7846
10457
7132
24882
31875
21829
17615
23285
13223
15313
386
5907
24292
30871
30711
29848
11747
22061
31681
7903
27752
18388
28518
31071
3799
21490
21767
32200
26616
707
21059
16463
27639
9547
11096
3653
9391
2191
31115
23279
15143
26884
8395
28306
14941
14920
18577
3021
28483
5904
23562
32555
2568
28002
21880
19705
25752
15108
22742
29013
4710
28212
25018
26248
7529
16025
2176
26006
5220
4730
8869
5395
20075
17454
17009
6711
1955
23507
23001
16437
15177
4419
1187
10697
24310
10820
15819
16656
25377
2303
1062
22941
7397
32436
12869
14537
32004
13995
3484
30794
14381
19822
20707
30472
17530
26677
13757
19500
20541
24738
16792
28793
5628
22702
22996
4575
12730
19172
25383
17741
23416
27341
28736
2760
11004
27051
17322
22458
18641
29545
10484
7052
12431
30675
26895
29302
26717
5123
24055
31382
20915
12315
27029
32576
30565
9530
21477
28310
31965
32680
21588
19800
4775
12628
19052
7421
5172
18561
27058
26626
13015
32444
23759
26754
21012
13329
9199
32007
31002
10878
12903
24480
32142
5544
3994
21299
19338
21197
32541
15125
28390
23802
29721
20696
16822
20862
21489
27748
25619
6302
19493
4681
24863
1674
16247
15444
9539
2192
3660
4193
10683
12944
15956
31087
31061
16560
17773
22266
29301
24912
31685
13957
27229
23361
31039
19318
5547
25649
25113
6438
23075
15210
26315
825
28079
23741
31538
14379
26276
24504
2285
10796
8519
22304
8456
2606
7824
17563
28887
31036
16430
29868
32293
25613
1482
22244
28303
15577
12176
9815
24106
1899
27116
30286
2412
27512
26257
30523
20041
16687
1728
2034
18588
19473
31431
26389
3529
6147
31432
6352
19360
11425
31931
21703
20101
2774
2998
4173
13006
10409
9324
30935
17773
24410
15093
29360
22479
32686
19917
28654
2820
135
10782
13220
22047
31671
17730
21849
19424
27926
20355
6329
25488
26579
25638
28043
18733
13831
31401
11235
30919
5776
32072
24729
10538
3356
10438
15865
18877
30852
6505
1212
6058
25436
10567
31032
3647
17096
960
14547
13973
6032
4684
957
6767
9591
9847
20191
24164
13513
1321
12814
18241
4660
14123
1669
11945
16600
17127
18834
11006
4769
13167
6031
28293
6869
4289
21268
8644
12009
11594
19563
15663
27033
27816
32068
9732
25656
26548
11434
4724
6724
4544
3894
30979
11069
17181
14211
3889
28343
19681
27361
7002
3759
31206
11854
7643
7195
8470
8098
5494
20932
11494
28425
25336
31064
15393
3254
4120
9915
16359
24278
32163
15775
15093
5059
15574
30036
1575
25723
6155
20193
15930
23376
3737
12627
16087
29409
18421
8277
20173
8520
16925
16641
24991
9109
16182
8438
4670
7548
13939
29611
15127
24906
19514
14851
20304
29725
5506
2081
22863
8789
10880
23933
17021
14406
19586
17207
18505
13103
8987
9388
17007
32368
21632
5704
7802
4343
32050
32411
13447
32508
19165
21934
22861
21486
16000
28311
20826
18605
22991
32587
2463
10745
15318
23220
14639
811
28894
4355
20548
24866
31124
27208
22659
16769
19816
28479
10881
536
23604
29805
7301
25759
21278
23404
3728
31402
10431
32388
30618
3545
13445
31355
22559
22607
21845
19117
13786
8550
27509
27487
1233
4769
10666
30288
8593
22755
413
28049
16571
26078
12163
10391
30655
26061
10493
6031
17128
15718
29501
20721
11417
9226
9323
7512
31190
11840
5191
30097
5
23649
15
9969
2038
405
9635
4588
25122
5885
6631
14052
4144
20274
24169
1343
10174
32239
31300
8380
21085
10250
6724
4359
3805
20393
31818
3979
6092
20658
10738
26503
4921
24963
18036
7268
28605
3044
29640
19014
4797
12857
4878
29921
15337
29949
25644
14478
16904
3179
18617
4509
3320
27262
11802
11757
28912
14620
25322
31931
20233
2190
23456
28856
7933
16948
10859
10334
17966
13175
11873
28803
24554
17662
15833
21807
23277
12837
20501
13483
4135
21675
27173
2266
14016
22698
21255
23244
22874
27853
21267
5265
12438
17085
663
9547
1753
29660
27582
11143
2384
7734
950
6606
10801
19893
16145
2422
30788
1428
17772
12222
4003
32277
2127
10523
1982
27255
16725
3788
673
23330
7053
2740
16762
4134
3103
23913
25173
20451
7731
2697
11051
5641
13838
8013
1563
11972
3966
18272
4855
4656
31609
9201
29186
5139
8449
6407
11256
15307
17738
1300
23375
22661
24351
5838
31421
9648
31106
13626
31994
5042
10643
11785
4551
2265
7091
7720
15407
11924
31720
18579
7693
7907
15747
20330
7374
1548
1537
838
17272
3216
16176
15565
1515
7517
5267
29828
18792
23621
24582
3301
22095
24751
18853
690
5933
2188
7915
30600
18677
30605
9495
19127
142
5779
27348
13393
10638
10088
23832
5761
25158
16556
9037
31006
22782
17938
1711
25472
3713
12492
26869
2195
8669
15427
3635
31017
2404
19212
15871
20629
23798
6167
32723
3957
5507
2090
30386
6351
26059
12174
8206
1376
4200
24585
31210
16688
24335
21260
21564
10090
7955
17452
20885
4203
18218
4054
23299
1561
10868
10815
2871
4726
23737
667
21731
23669
11251
9871
26726
1804
21260
14824
7339
1674
18920
5773
24398
24619
22182
10418
28673
2025
17443
23375
27439
20630
25024
10449
26591
8744
12390
9231
11482
27220
24775
3455
16656
31582
1766
18602
23352
19759
9945
17885
29879
21672
32461
13346
963
25910
12876
3950
8392
20646
15035
24348
6922
14651
16679
14490
16525
18942
17729
23139
23858
18774
13734
29485
13602
14808
23908
26979
32367
32096
19130
14037
7673
11873
4896
11439
11151
9081
6279
13223
343
20809
13282
23675
23152
32387
26853
21659
17621
32324
1805
4898
27269
25765
23520
21003
30177
27021
23158
10146
5461
28105
23608
21560
25146
22110
24296
6171
12027
12829
25570
9670
119
23929
21665
1108
13991
6294
4228
30267
10369
17314
2002
14390
14108
13672
2045
11395
7188
24610
7459
17999
30512
14479
11482
18799
24386
4934
11821
12880
31311
27722
8930
23089
24816
19678
13823
11151
20728
17307
9100
31457
29527
8895
19865
22406
14655
30920
8835
26876
5253
30530
14452
11346
3913
15325
16937
9696
1753
12226
16632
23349
3539
28967
6161
10577
14730
31521
25860
19221
24235
32698
16771
9207
289
10308
21097
8954
31541
12269
18428
20958
8186
3219
13167
25747
23784
6617
21932
23796
7879
31354
19280
5810
32207
9181
14838
20366
29965
18410
25272
32716
10504
4381
15859
5860
421
25816
1099
28794
6984
8190
18671
5520
21308
445
2334
7675
29525
14507
21739
17939
16595
17941
30013
3247
29322
11155
13081
27985
21056
5856
9252
2717
3415
32745
8291
23824
30892
27940
17734
14830
19390
21027
10725
18044
5907
15465
10377
11120
31191
17020
24942
7334
23239
26940
23239
2324
10317
29554
25091
1792
25580
20396
4687
20592
31967
6217
9308
25571
15869
22992
27490
7486
21216
4998
9061
23305
10310
9791
29879
987
11191
9588
20670
19
11881
16022
3063
31689
28512
10914
22843
1285
4313
24054
2625
23086
31977
27235
14693
31941
32098
18307
16551
23635
2806
30028
8695
11679
6047
11494
17584
16933
22590
5050
11362
29636
20866
9420
3284
30903
11275
17482
24393
13254
5071
12645
23811
21693
9917
19039
774
23838
13985
22245
798
23827
25160
19616
17955
31910
18916
16903
25468
9524
25265
887
12770
24351
11737
32389
21862
14276
22166
30611
28342
17325
31638
15777
20380
4359
10147
20582
22727
7766
15747
11423
25806
10599
23325
12968
25714
27270
30686
23369
4132
4082
16987
11986
21191
3470
312
12906
20918
5337
31560
16292
13833
18720
10997
31315
6932
1011
16611
22688
17969
15829
14800
29017
3008
28471
3007
1164
1387
32168
11861
29269
32175
2374
643
5108
13463
11896
23909
11042
25035
4063
14954
23462
6090
15497
22710
25379
27764
18024
18372
820
2763
7427
10064
20922
4602
108
7796
25461
26007
8306
19985
1234
21285
15383
17008
29956
12509
21829
10281
22358
22958
19644
18500
20160
10882
31311
3999
30648
25795
5456
9615
13386
6685
329
21962
32363
1414
21228
20869
13451
30076
8525
3033
5225
11150
30543
13675
22571
21790
31068
6988
10670
357
4954
27934
24603
14520
17114
11897
15291
6409
20882
22413
5132
7088
5133
26888
11284
26732
161
30522
8437
22948
12962
28790
9922
5619
11733
8892
1937
25316
30247
17558
6353
5370
20383
1344
6878
16628
14994
26635
14035
4686
22
28419
3744
27403
25272
22736
4956
12466
18290
30170
5596
27287
27351
22705
17796
5467
30353
26027
4445
20406
2829
1487
8040
17524
4469
241
20018
30142
27103
17183
29865
19867
18884
4412
21550
6071
24243
28907
28907
18530
2374
18351
17511
13531
17494
30032
32343
8399
3179
28032
18360
17693
23414
5310
15386
13276
3267
25723
3391
15775
15657
6779
1252
15351
31620
30591
22751
25914
23909
20769
1386
3459
19463
31487
8639
30970
7557
19227
25317
9046
20043
15746
16585
8352
28362
31532
29072
31545
6513
18468
12076
13086
1240
7400
31533
17003
1598
28435
21722
19230
6197
27961
5505
21022
14748
12819
26379
11132
14542
13020
2259
31736
16153
27898
22201
29639
12402
5857
18034
9875
13158
22581
20258
9412
30036
19758
28460
14846
32474
22849
17480
29930
11405
3325
27095
23610
8173
9011
4468
29927
15512
22873
2508
32189
1469
10032
10159
1050
28628
6565
17767
13811
31372
21749
19528
5399
9989
533
31880
28600
7744
11089
26449
16935
7124
19507
20245
26079
28898
6310
25122
12741
13130
16219
886
28590
27935
11116
5588
19234
24665
2368
32023
7520
13002
4782
18887
15009
5716
26213
17130
9377
16728
28299
16924
18012
19313
6820
5602
7445
16995
28854
24124
29341
2894
14762
6009
3282
25640
19702
18255
30310
6505
16249
43
17634
17416
31142
11974
32746
9127
30949
26105
3522
26891
16438
7378
18705
1230
15384
4839
9189
20056
7593
20202
31736
5899
28942
27518
1074
32190
29461
9801
26478
5741
27161
25931
2177
14894
1575
9838
888
4967
3166
3422
21538
14911
20892
922
17871
30034
18519
7884
4182
29353
9672
16726
18013
3305
25167
10541
30932
28874
6419
24810
13251
14027
2793
18206
14406
17701
18551
8166
6101
3581
18329
25792
5321
32221
26627
18077
27676
11877
11048
5688
27761
12606
9051
1701
32340
1872
24116
32301
450
6197
20022
26969
9452
15853
30638
17485
6200
14547
25822
20055
17289
8143
9563
7112
24768
8398
23732
31235
8067
9583
9300
22995
13885
12287
17578
13314
1125
1192
2439
7207
10756
29413
13767
30143
14449
21305
23091
32639
24671
3361
5030
10473
16666
14663
29807
26142
15630
13304
7415
30195
30601
13272
18340
20038
24514
14549
19452
8851
27929
26457
23822
14530
28832
9156
1805
67
8155
537
12351
8029
15556
24055
8469
27331
32530
11980
22428
31593
8891
27717
10772
22165
16312
5897
31965
23609
20232
14758
3995
28544
247
30155
9618
3495
18592
29113
3410
18190
16561
14836
19353
20111
19822
27454
28021
4878
8185
14533
17833
5969
32464
8860
6482
31762
30615
28776
32714
28755
24088
17500
31181
31730
15496
23143
986
22653
6411
18347
10204
19527
13435
20018
21002
15292
9829
6364
27916
25841
31317
29596
2399
31104
12884
21476
5114
2706
21166
17758
24626
31549
23289
3805
2267
27921
20562
9107
27824
23277
15594
13444
18933
22039
18626
30266
15706
6540
20402
28347
10275
26517
6320
24504
16774
26011
4687
8455
22356
27196
14470
32596
476
29087
1971
29459
20237
11268
8415
17336
10458
23199
836
27435
31459
28326
32524
19830
23377
7849
17756
6337
15105
26146
14737
24961
24806
9037
26570
20204
13480
18233
17574
27568
7313
19487
6735
28388
29354
26100
18103
4415
21793
8506
12065
17032
21998
25627
3300
21325
19894
1464
30571
26328
22000
28607
20353
16735
11846
32315
28619
18043
4414
4529
18070
15323
15385
1896
15572
9274
11772
3080
3680
18062
25165
31847
30602
13699
2656
18591
23503
27431
2643
3428
18920
19687
15670
22420
263
11194
17519
17936
23389
5276
26205
32203
16863
1342
16444
9248
3402
22780
20297
21353
30820
527
5414
15821
1925
25348
23423
29273
2391
23660
23278
30802
5338
25302
18716
13514
10411
12538
4650
20082
20357
27191
16719
943
28168
16704
23746
9968
7609
30482
14554
13630
14667
17961
1651
15125
32285
3571
8341
31602
26371
21125
23888
3373
9289
25741
26090
25225
21749
17799
23101
28426
25933
7220
17242
24454
13977
19784
6514
6271
29738
3171
24823
28336
14747
31043
8958
19942
28247
7480
17640
16913
31323
23768
833
5787
14398
12787
5096
32760
18542
16842
13168
895
10684
9083
8647
4472
15131
27328
21013
1398
2724
19161
20967
231
5598
26055
11149
21481
24381
7099
18368
26719
31976
28366
4745
25412
1215
20210
26462
28736
31133
25129
2189
27513
7642
7413
9694
23980
20245
16143
13939
32380
20272
2139
10740
12554
7835
14876
13545
11973
19414
14437
15463
21636
23601
24528
9455
17874
12759
25457
2195
23176
4874
18189
6234
2722
14000
18824
11494
19531
31247
21405
19028
6202
9173
16082
7012
2113
22619
2218
10202
17443
9002
17948
18980
12455
14783
27460
10300
5354
23435
15193
13264
10745
29502
29919
30113
18591
23877
3613
10281
10620
30609
5586
25984
27479
24219
3108
27776
21430
31653
18393
16680
32171
18498
15305
11326
27376
27416
12435
24120
11062
4581
18064
14685
3515
11456
21509
1832
4379
28322
29597
7405
1384
14116
22294
13246
5244
18826
12858
30608
9358
29953
21009
4506
18692
4645
13397
12798
13704
31174
13094
23723
26462
22764
6399
32130
30965
1560
12521
1976
21436
15309
9966
9339
13366
23631
19665
13528
13393
8875
5884
10972
20468
25847
26042
32249
6103
19419
28326
16044
1687
9041
23140
3421
11274
10408
27278
30855
8912
31183
15345
1560
1066
2512
30970
27675
19983
16027
4203
15508
28541
7173
17490
2219
28430
8208
9532
16141
24523
13421
19878
18832
6212
22847
29108
11798
24545
27938
5926
14003
1651
13932
2439
25874
6670
4531
24231
13588
12059
27023
8012
29371
28329
23456
26661
10055
24324
11987
5887
24990
6793
32482
22587
24049
26808
16666
10368
20637
28043
1633
7853
22607
25350
7799
4626
23404
4368
124
28895
21680
30593
7347
23260
21269
24188
31621
21595
12534
16639
19913
9580
18036
17848
21058
14671
6937
14875
13417
4655
23227
17329
18541
9485
4515
15283
18553
12794
29679
26839
30517
27785
13365
2922
19343
2180
11625
28575
2491
32478
25601
31271
28024
7913
8790
25345
18838
16329
13390
4756
16565
9769
1592
21755
31567
29228
10999
22432
32505
10662
3427
9484
2789
12941
20716
4861
7596
20906
9601
22201
2122
404
4784
13219
12906
13791
32270
30732
29669
24209
28889
15435
10117
16341
24796
6160
23310
29172
147
16885
16511
7552
23184
19798
17557
18387
15389
31331
28305
17336
13091
19571
27963
6759
9034
23196
29991
183
13922
3712
21559
11407
11266
17769
24161
7837
19566
1945
6066
13387
702
18907
16275
5615
25149
27998
8524
21826
6928
29123
19910
20500
8728
3445
8853
11070
4121
8249
16949
31191
31771
13318
24980
25771
21776
22
3793
26088
32440
8765
21828
27931
13762
634
25278
32603
32564
5324
4626
10180
9996
27974
32468
19496
4647
23142
1632
14848
26467
31139
23070
32681
21505
31301
1797
26061
28493
633
5726
7455
384
27301
11211
29771
12773
17145
17543
10796
24635
22343
31727
12352
11611
9492
31042
29018
30490
30703
27301
28823
19313
8193
12650
21651
5851
30438
9105
13021
4607
9915
1679
12200
12943
26488
10063
17859
9072
9856
13175
19147
2075
19575
14316
927
3907
5460
26776
23828
6328
11959
5483
7402
29323
4220
28831
7935
29043
17296
2625
29379
26735
2819
9453
27884
17325
9055
18393
363
19115
3129
12820
31134
19868
4101
4880
23239
16909
32303
11359
4285
4808
19303
16570
12513
9976
3132
29767
26964
25743
32236
540
28775
12773
4474
27391
2131
15009
11522
367
27435
31709
5962
30441
13070
23429
16793
20068
4769
20224
25548
22558
29116
21779
7846
6810
16996
18178
6248
19689
8698
17656
18337
17962
6833
16808
24648
1613
6470
28981
5896
15388
27371
8015
11995
27771
22404
12448
1242
7918
11285
21350
3668
13149
18811
9057
32029
17684
2907
17647
32296
16142
7001
15222
18008
1395
1162
32514
24980
22623
6955
5423
30746
21477
3219
12618
32277
12628
11110
8115
369
11704
19468
133
2542
14756
17761
5497
16243
22063
27054
9992
19110
17213
3033
17616
9145
25344
25816
25913
17286
30398
28011
10328
27359
6356
11
16916
29727
6139
22301
20359
25349
6090
15212
7079
9923
6780
30422
5925
16977
22516
24390
1941
20231
1534
3554
12752
3435
30168
5765
918
30792
10993
21359
120
3584
20208
6459
30197
17442
9976
26386
15076
22847
28202
26399
32274
30970
14700
21314
26667
26207
18537
4617
5342
8310
26585
8156
10044
13591
18691
6263
32097
13823
29312
29854
18263
1060
11841
20491
1335
25926
6356
19372
12433
6087
13794
24587
5390
22716
11773
13326
7252
4164
6552
19424
4394
6169
32087
9263
7645
20580
23434
3480
2530
30422
32500
23647
31420
29684
25296
16484
15393
4786
23574
22866
21336
22084
26618
23322
25061
25137
17333
22176
7016
10409
12681
31411
21187
21272
3839
24899
25211
6395
8308
15566
29793
30963
13779
31260
27761
2071
3236
10796
31482
19343
4934
18542
6655
20575
29048
12595
31197
30080
31263
23649
8495
7221
27203
12395
17391
12956
6490
384
5598
19587
32457
4355
7205
15998
12456
8508
16956
28470
16325
29005
13835
21252
5356
13671
20303
17855
13158
24381
1600
14034
1216
19129
15729
23441
4558
8942
25335
23501
19694
4943
11469
11429
20881
6430
29815
3488
15608
2343
30182
23545
1084
7597
30108
12346
27537
8357
4624
31244
715
1570
17492
3662
19234
2833
21493
23396
27186
11302
16931
14290
3654
2326
28689
32521
26581
2055
1183
28800
23629
19780
21815
1287
22032
23350
22004
11865
21948
28304
21770
13552
10416
27337
1378
10269
26828
27343
7300
5207
10615
18938
1978
29652
30183
14654
31858
3414
1181
13478
26597
13640
17454
27901
502
9481
9545
31182
1885
23688
17910
26512
24324
16913
25116
30234
11953
29798
11590
7005
8934
786
31142
7761
28166
250
20571
24112
17080
9525
24303
6627
19856
28189
24100
19385
29165
31398
22000
27999
19997
3567
25286
14349
19144
28951
24599
13565
14731
10066
7193
12833
18147
10300
30919
28437
17229
5229
7721
5715
1963
6221
8661
22182
30954
28969
18358
12513
28386
18567
16396
19920
637
22967
1716
28783
1820
5547
18346
22618
13110
14601
27852
10373
15426
2173
14560
9773
27096
10068
5081
25614
25619
15431
27734
11735
16697
22676
21100
18395
5790
21844
12197
22281
4293
6920
16456
1310
22217
1909
12763
13593
15611
26034
2791
23535
2765
11391
16379
20865
22511
30424
6643
11723
17591
27338
20858
1630
4550
646
974
8208
23273
27572
25796
26866
31037
28937
21003
20098
20631
8732
11188
17442
3106
11637
5618
3529
3658
8423
2079
8953
6105
1057
19712
15857
27232
383
22602
27427
27097
4390
5477
11496
394
23119
4975
1907
20525
16099
12932
2307
24397
17737
13885
8797
27123
21627
24950
25466
30338
30304
32597
28797
18400
5206
32136
17128
27094
25101
31693
2830
23738
27292
29880
17868
9291
29646
25521
23156
15836
11197
3132
21770
16821
21667
18045
4275
13238
25324
29947
26218
18237
16784
1956
13301
6730
12447
12305
20247
11233
29214
11020
14600
4528
14609
17231
9762
12530
3801
29071
11741
32403
8896
15801
14077
2709
14291
17788
29706
23218
9456
3079
1025
22595
6943
30484
2889
21856
9765
7461
22760
27977
6999
18701
27639
17412
27309
22195
27987
26952
1559
19731
29078
25242
21268
22917
5958
8374
23168
4162
21836
25648
10925
5668
3495
21851
8118
6061
14433
21354
1552
12619
15042
16085
19298
11482
16069
17151
12695
14443
7880
25365
14385
31300
14727
20025
12256
9768
16971
16096
11347
30680
24927
27000
18510
14041
14532
15951
28669
10104
8485
688
9608
3340
13069
1359
29671
8571
28760
29158
1016
9727
8680
2081
1998
28970
15769
14776
28748
7720
26742
29658
8435
16709
26925
6098
5625
17838
7872
26341
12443
22652
20350
25977
7604
1262
25650
31101
2701
26102
25498
18436
7159
4344
16922
5683
23447
7630
22962
12638
3970
28687
7726
8814
12298
9617
24988
12422
28631
20012
15619
30438
2617
20673
29010
4623
19388
8571
21655
10279
2301
11605
8049
20640
30653
7901
11976
7957
7732
24631
3515
21876
19623
32356
23514
354
21821
20933
25494
2267
30223
4058
29941
27161
10622
10832
22667
12984
20681
7995
28325
29207
27871
7840
20167
11009
22897
10550
31577
2189
15948
3181
32157
23106
10982
24496
32228
7039
4150
26343
11266
2586
3273
32321
3071
4168
16147
29488
31503
1469
4611
28341
196
3092
14298
21725
16515
2672
18236
15756
7989
3172
11911
27257
28990
2064
29029
24186
17587
20365
25757
31234
7111
12684
23599
16615
11143
3385
32671
11625
29384
23910
14481
13425
15709
32485
28566
24342
26509
13877
2886
7525
30148
14434
25999
13922
21640
15142
11084
31050
21679
20564
23065
5147
14287
4214
20582
13142
24823
22709
9163
20228
32156
8186
12699
18679
15062
10067
7612
16466
23245
2456
13238
15948
15981
28238
24073
8240
14178
25547
10180
25256
13888
9371
31827
12860
10497
19491
6553
25878
7605
16004
26687
16904
32117
18371
11851
14544
29593
13862
20468
28570
21803
29665
4788
18886
7323
25585
5792
19436
19891
1609
31221
285
21966
10028
23283
17772
15429
7642
11246
6573
14123
24174
3490
25725
30778
25351
9159
17539
17932
12326
6117
22517
13711
30807
15978
7517
6067
8980
4602
20893
28517
15078
30982
28464
961
1741
2464
12980
25219
21218
16269
18597
26303
11323
22684
2156
6099
5135
19255
24728
29849
28186
2872
22635
32481
11843
4350
19096
6942
2429
22207
15691
6239
11755
16415
31594
29825
17991
8194
21274
12451
19588
20639
7558
18907
28594
4567
29660
10791
4387
8644
13719
9639
7372
17300
17412
22537
16621
10392
5887
30276
18677
28568
3838
26761
8096
11882
10322
16502
15458
14786
29609
24462
8
8012
30678
25062
17565
1528
24789
8480
9354
26774
8201
25501
15618
24226
25033
3055
28573
26465
31771
23693
26435
27437
15039
9163
25676
26380
11376
25609
5093
30344
21862
19498
30390
12219
27423
5192
6850
1450
32095
4773
11406
9428
12406
7397
9093
32266
27841
2427
3483
29568
10099
25954
15921
23589
10389
12813
25656
20784
29260
16288
19354
31227
11611
30560
19925
18965
16104
10856
13801
26003
27523
14495
7029
8102
11108
9190
31005
18291
5108
25494
558
14110
31376
3113
31621
22824
13449
7991
7085
6140
6255
6053
13895
27588
9359
1561
13999
31361
28346
20912
11740
32347
16712
28916
30600
26165
2397
12040
14993
25733
31339
20774
18592
24675
2808
12364
8456
31968
11938
6961
6897
10904
29024
5246
31413
30603
22538
16699
30346
4392
10780
7047
28258
11435
2231
15757
23311
18857
30440
22707
14507
745
14125
11540
28727
24950
8757
5425
1154
26098
23272
31203
1612
15405
935
17045
5036
19703
22741
5551
26287
8754
21654
32085
14146
20779
16342
17490
29778
24362
21646
8015
6193
21575
21826
30281
7228
28800
15823
25154
20411
14089
29027
13110
5640
17379
2509
4688
20468
8112
11255
5214
29798
1478
1456
20611
7237
20610
22703
20267
1432
32734
14037
25924
20972
3654
21427
20396
1014
1960
3916
8933
122
5835
7708
25360
5740
31969
29273
22553
21076
10079
19064
29231
8439
22540
2291
21111
1331
4952
14666
19457
25899
18672
26184
28923
12964
27279
9607
36
29359
25879
31798
18052
26761
12256
282
18779
26559
26192
24531
19543
4501
8108
8545
2057
425
31021
24038
9370
11732
1623
15277
19642
32081
7046
24428
27866
23329
9930
12742
29339
18349
2804
7700
8326
11694
12529
11877
18941
32330
17239
10435
2929
22655
18494
4537
21206
16325
3409
14354
19540
9711
6693
11746
1856
19539
7369
21195
26442
16426
1182
21369
13816
30266
16232
17007
26707
18866
19622
11782
27872
25173
6943
22450
5585
17882
25790
28808
29565
6291
31903
32509
13070
20814
17258
20977
21881
25721
13792
9452
21172
10889
18867
22951
32035
1436
3227
27342
14675
2652
14758
31748
24042
12327
14544
11048
20446
19566
15571
1750
12006
23899
29504
20017
9774
26551
31439
24032
13647
27658
5107
28247
1406
14084
16306
1880
7939
4379
16564
19641
4846
4470
12954
2151
27909
6154
11153
5547
512
13059
7206
4524
28153
29541
24924
30006
22302
29939
15611
31673
18601
7504
10284
31637
14866
22116
13379
5012
5762
18433
28124
20920
22668
21702
30249
14136
3608
24132
18058
15813
22687
5216
21086
16913
15774
21496
31514
30610
23364
22730
2712
18820
21870
18065
10161
19757
3798
19824
30989
10596
647
28052
27194
5972
20885
7702
18172
24702
22794
23326
8420
32253
25635
24398
13092
15630
20157
3166
14498
3279
11274
18179
26699
22855
17800
18966
2986
6055
1588
13554
25529
26575
9723
22814
20471
28436
10609
2860
27578
20545
2501
31456
5575
25819
6389
22165
5664
7082
30270
15837
22045
8308
9943
18280
24254
12556
9950
7719
4416
17292
1683
31152
19950
25054
26564
30181
32058
24193
28552
3536
12044
18057
48
15826
17498
13544
20347
4349
22265
27373
11529
7614
21427
21002
3346
13759
31385
19162
11096
19723
14746
28002
23130
23668
5461
7832
21195
17202
5164
7969
5954
27596
24474
30559
16435
14396
4038
25771
17438
31054
21848
11231
4102
30025
30091
29976
1061
16849
19587
5306
10462
29964
18914
26036
12275
29188
7062
6405
5624
21580
31476
7807
30728
16103
20491
2762
29110
4709
7986
7853
5958
20047
29924
21385
24606
8645
17358
4390
5495
28518
26917
28850
6488
18544
19261
12551
6597
9000
18008
16429
1076
20605
23484
32288
19776
29928
22280
7379
24737
2198
24007
16756
19804
8905
7494
19186
567
5244
2723
25021
11888
5702
26919
13517
6830
3456
2773
2021
3640
11434
32579
30489
5221
29451
9385
5006
13908
20376
20280
15745
31964
27415
31405
24458
20166
23940
14885
28450
32570
21172
23091
22116
8312
25144
26928
11024
28361
7812
6610
22229
26548
8017
13312
5328
24948
2879
2021
26704
13994
25791
5956
28892
23120
7728
26891
16247
26606
14664
15146
4386
1040
30134
1701
4771
8439
21253
2536
4485
31631
27076
19804
15968
25761
24548
22071
25690
10826
31841
31640
14830
13740
7717
4563
12012
12515
6697
24585
23489
18746
17629
5117
30201
24991
10954
10274
28162
18773
15477
28665
6707
19177
29063
16025
4876
10087
10028
23439
9408
20941
15801
14825
31216
32448
14737
9614
25530
23678
27465
23249
25330
1812
25354
15429
22191
3281
13111
6866
29706
5882
18000
17416
27426
2751
19479
19124
23908
13934
497
15793
2313
24295
23182
16641
19935
16720
18636
15644
28493
23818
12761
6280
14225
6627
19096
12202
24653
7821
25671
32476
25666
27471
27742
12992
7771
3322
9146
4819
23021
31775
20730
31301
14397
31871
29226
21256
3907
4291
12703
18215
9645
22125
8737
7257
28711
24079
1616
28118
13274
21434
10048
14441
12850
3002
32359
27846
16869
18304
14009
31775
31025
18144
18705
4850
19813
31101
14291
30245
19362
25729
11727
13908
20195
4241
1129
11626
22331
5120
29943
31342
26206
3394
31083
28576
1379
8612
8242
9925
22472
21563
22364
12223
24503
18714
29436
3424
22407
18632
29394
29824
17542
6130
19239
333
9974
30556
13561
22243
27477
24605
18776
23837
226
20492
27664
4266
14684
14966
18824
6499
22029
28946
27626
6875
26119
6454
11140
29496
22958
330
32367
23618
28534
27262
27502
8890
24046
6840
9240
26605
24318
19152
2618
8585
108
17664
9335
19374
23973
18326
17969
328
9915
32748
28333
28317
6314
12698
9073
21026
19167
24042
18929
32659
30203
32653
17515
6466
6100
11916
22032
29616
6332
16513
4708
22362
22023
14598
23527
5333
13767
7790
13813
7965
10202
1715
28139
8235
14375
28848
24459
15301
5668
15760
22690
29850
13724
24199
24551
26510
27823
2752
25383
20819
13082
4502
4255
4665
26296
7430
24490
9287
14665
30820
3228
14218
11123
12110
3053
26797
14598
6367
14490
17866
6788
8996
16840
5504
16353
29396
7082
5190
26759
11067
30630
7166
31901
29304
1971
27086
2953
1512
4358
30251
5043
29410
4589
4918
30604
18341
32507
17740
17360
20622
23397
2520
11016
13711
12460
108
23122
3036
10620
10769
2916
12263
21461
13019
30671
31631
20072
31168
4481
11412
25924
19113
9358
3919
25009
32458
17968
16800
4444
30511
13580
8743
18613
9624
3766
16311
25750
6023
32376
23815
3877
14231
18767
23723
19451
14607
23351
10563
3974
25015
14760
28147
26027
9707
32609
13075
27568
19181
17764
13095
8538
896
7490
31761
21842
15026
152
12421
12493
249
23002
32190
9836
20353
2639
6511
18529
5573
4445
23549
18900
17757
14599
19179
12165
20502
27572
10134
29618
19528
5938
22050
8507
13156
16634
12468
10756
28365
12214
6881
31899
9961
19968
26983
7451
2167
10861
29211
17744
29731
14538
22563
20507
19543
14501
26725
29720
21845
25872
6719
4479
23427
20897
2169
5960
5125
6333
30328
17299
27537
16150
13748
17222
14207
28787
32620
29944
32032
31152
5784
21262
17233
9221
17951
18723
8784
21899
3914
30894
1486
6907
7288
12510
21829
32441
19476
7625
30347
20754
26565
29382
24232
17858
23524
5143
9445
2746
819
972
19493
15392
23244
5603
13944
22934
12887
12212
30446
8383
11392
5773
30121
28927
9129
4505
6710
7299
18139
25350
28702
19074
771
23654
31159
20162
3163
4694
9536
6749
7206
29534
6189
10693
13984
17945
17600
5126
3381
21142
32217
8011
20721
15101
32015
32420
2360
18294
3839
7430
17079
10566
23012
6548
10906
31035
29289
22812
27135
30027
12987
20709
21931
16760
2017
28328
17916
12279
10576
16860
11039
21648
28346
18998
12675
26440
14376
3953
2702
14910
7240
26187
11662
18131
20744
1744
9458
5645
611
22490
15290
2110
2939
5081
7980
16352
17897
10960
18633
13252
25425
1440
17535
11372
1337
3721
10016
12469
1819
8942
18707
9656
11960
21080
6474
9715
14000
3774
7283
21412
26448
12804
27763
10870
12715
31937
19472
5215
236
29253
8941
17865
13802
13787
30140
9456
253
19787
11951
16523
3601
27811
18991
6574
14072
12087
15313
17647
12293
25063
8070
9928
25302
17056
2834
20284
27505
22822
5055
14525
27539
19728
23634
28238
10308
23828
16190
23781
9647
23428
26904
21523
13617
21529
30539
31206
10672
16112
28429
13839
9774
25810
8337
22592
15005
22712
19070
32216
17141
10894
4513
31426
15493
14136
8414
18842
1414
14803
1389
18194
15094
573
6979
15509
10404
29911
7629
32298
32647
14217
12516
8090
18003
12295
30206
1237
14414
14163
417
20882
1632
9860
17694
31798
11882
8389
16507
2039
23769
16032
4273
10817
3195
32381
11800
24408
22673
7781
28447
12864
13605
17164
9024
15322
414
4111
23091
7503
10641
5498
11106
31153
18394
13965
4510
13024
32748
28096
12048
28075
357
4612
3442
8504
27110
332
11903
13734
31009
21580
167
30192
19251
32640
3080
22805
3381
1393
27546
26230
24589
7732
26281
14719
23946
30771
16009
26761
29617
30256
1157
21247
2641
3718
3096
6848
9950
12210
19808
19653
635
19987
19407
32004
18009
32494
21796
22932
25152
17589
11417
30993
12651
28809
30302
26690
24985
15613
30535
15097
20577
1565
31938
9275
21190
17071
267
22945
6923
8888
24483
17918
12489
30530
11774
20290
12094
18269
3195
13215
15848
13924
922
16874
30546
8065
16746
28995
12847
2675
19264
7160
24741
23951
30638
24999
31211
28933
17587
29859
8726
26469
24112
22169
1072
28514
26779
18548
4747
21205
25591
29053
8532
30469
15108
455
3947
12837
21171
21450
29042
6686
11740
20814
29477
12431
31027
8075
25321
4114
4985
22158
7079
32450
26095
18398
16602
2554
8464
6240
231
3935
12671
12664
20910
22304
319
19825
23390
9084
22818
8991
1421
22917
30340
29890
23176
10020
10552
1582
13543
19038
3523
15913
27493
24021
14280
30485
28399
20114
24772
17103
3835
24321
28412
9686
22555
23357
26803
3504
16594
25230
10143
1673
6310
27185
24734
29726
28022
23895
21414
20953
23310
32367
14330
15933
30969
28072
14500
21893
23190
30898
5407
8072
21871
6085
14932
5344
453
15333
26568
32587
10608
21092
13587
14673
6374
8616
2964
4392
1689
25391
26723
21204
1158
16079
31367
15762
12298
2883
29033
26743
5112
30691
3977
23125
28906
947
21872
22750
24532
26015
22758
13068
735
18949
7268
2752
14452
2420
31436
25001
1174
15540
31576
28007
9334
20998
8656
30448
65
1964
3841
18739
28477
28588
1386
29436
532
24786
9784
24600
18288
30964
31349
3513
16071
5241
7292
24092
28025
24348
5552
20328
18968
25070
17517
6618
29190
12954
24127
31007
23878
10221
25170
9473
1164
14230
4138
15686
11670
24874
13972
11477
20927
19051
28381
18459
21202
28873
6209
10925
29212
5161
10150
6191
15813
16102
8075
25716
26720
3861
17467
9958
16064
9486
24646
15657
12301
23336
11569
24827
7192
10947
13421
21855
23532
25228
15494
28410
14502
4604
5789
31677
17542
20002
24600
19908
19013
13219
3224
28030
18089
18943
19499
14095
8280
11285
8644
26354
4586
6634
15848
23011
31297
22438
29097
1020
1821
32223
19928
25374
28139
7962
17015
28818
9950
26255
21101
22000
24129
5165
12157
26944
4108
31198
21113
13408
437
24076
25523
2982
3656
26468
1973
30661
30906
30170
25650
30453
14459
3309
28988
22862
29770
13100
27318
15477
8013
27385
30221
27259
27745
10381
20515
8194
2991
26940
6028
32162
26240
20474
1789
10379
19794
27423
13313
24171
19498
1895
9710
146
6445
13373
22808
23124
20842
23865
580
9902
30715
7399
9824
6445
27468
11466
23153
28172
17594
5792
16332
17820
22112
2792
4233
20201
15149
162
20533
1435
11578
598
29895
1818
5723
19543
7125
17142
3829
8265
8200
2693
16143
29153
8910
17358
21931
20716
24142
17317
2646
13459
21409
4888
23806
3037
10559
9226
2052
14197
19895
14622
22674
20654
12964
1239
24879
25028
13276
17405
14992
29541
32490
22338
18097
4975
3775
8229
10789
14588
4004
9495
28587
10652
16243
16604
2561
17377
7687
24885
10237
21281
497
6332
3801
20599
25964
2063
28367
13579
32660
25136
26085
16787
32210
4140
9483
24346
29083
14331
27491
32000
18010
10920
19424
4163
21418
32178
28946
6140
24521
21425
21312
19245
9801
6204
5304
21433
14089
13067
30819
15028
16740
30297
9884
27101
8104
19596
13378
26217
14026
26904
8204
10499
32344
161
14877
14096
17582
19552
10713
24887
877
23751
1526
19233
22569
32616
13014
8317
30050
15379
31508
6984
8118
11582
5725
16203
2900
14250
4737
28389
11700
25924
21193
15626
22406
26442
6540
8332
10984
942
20477
27801
16859
29119
71
12934
6392
27142
13788
28874
4703
28014
14345
13134
9457
1961
21199
2276
3007
4302
8686
29204
2497
12871
4674
11551
5580
13034
3410
830
702
20070
807
31531
30716
7137
18010
5346
19998
18399
28273
29353
9192
9574
13420
4942
16252
23136
32154
432
4047
11072
2225
7552
25178
10728
28958
24905
8466
19402
31898
18862
11417
11086
26366
16884
9910
30836
8280
14784
16643
23739
12606
18465
25573
22081
14690
32720
16833
20011
15463
22711
10861
28231
12531
21169
13029
31216
1542
13713
1344
11827
4746
4709
27874
27952
9003
27132
29426
14530
6760
7333
7951
16482
22250
1850
12350
1608
21525
29021
25127
24532
14558
12546
4738
21805
18652
10030
23244
9256
27553
31229
29246
27243
15946
12266
27647
15058
25429
4171
9625
8721
1203
27931
31146
24219
15390
14844
2780
20419
21933
5244
15126
24609
8358
8600
8948
28472
17043
25727
7541
32341
16536
29336
15348
9402
13059
10437
13914
3836
22309
17898
11153
3498
29537
3753
17980
30511
16770
24176
6565
24826
21329
18870
19190
29660
9576
13697
23213
24497
21569
2092
8778
12866
10130
22375
23114
5482
26589
14207
15449
14456
12866
4064
5572
26837
16025
6360
24109
7655
19389
26269
9858
31796
9770
9618
29744
5067
31947
27590
23699
24032
30733
17341
29873
15798
18232
21620
26921
2242
6143
19103
21094
23053
11350
26421
6424
13530
643
22318
32485
14985
17272
14476
8027
30651
27488
28824
32042
3255
24696
14190
28560
13580
27680
31931
1044
29304
18994
2502
10359
24329
17042
1197
12520
27266
262
14577
3703
1792
8008
18741
18892
2269
5466
11843
5657
15829
1050
10064
4173
32615
3606
32641
32395
17534
12961
19630
9178
30289
24359
2917
31774
3208
10941
15410
29767
13472
28668
26141
29384
2192
14608
8821
17482
6317
12812
5580
16546
19659
5504
31299
15361
24741
18254
7944
6251
32639
4537
284
2923
17161
14527
24922
27652
6535
22441
31669
7402
22319
15584
17345
26355
30418
14338
19061
22472
19903
3637
12591
30944
14053
2236
19960
29359
31031
20936
25865
28698
27989
5008
7055
22063
9832
3491
1964
9235
8781
5245
446
3899
17655
12121
6883
12255
8974
18503
23741
20908
24540
8830
13938
15546
8810
2803
15095
2749
26086
30507
5263
23679
10568
1613
20878
910
16950
6267
28259
29745
22308
28770
16597
5025
17599
4880
10381
13942
29324
23046
10453
25440
23244
27535
20383
11799
18852
3408
3529
16021
6010
1311
25759
22658
25250
31769
3234
30448
3130
6126
31112
20552
31826
16000
24451
22148
29009
14253
7622
1951
24211
8552
12870
8778
7767
27151
6845
4833
31449
17656
18165
11421
21179
19790
67
779
23721
19227
27217
30653
20029
20133
289
20543
27168
5630
14415
26700
14707
28887
8087
21570
29805
5781
12438
2004
24133
8871
10709
21759
6226
11030
6915
22335
12401
9565
1666
7938
28327
3452
15398
12637
9735
840
20793
12286
3286
20997
22978
15714
24558
5686
18182
29000
21856
30132
3920
29029
8797
7678
750
601
6231
31952
29308
9442
7523
26359
2661
4943
994
8547
1958
13112
1376
126
10709
20333
25788
4540
1634
11820
31625
883
8478
22423
14005
16110
28153
8292
18024
26813
8208
19671
1327
15182
27111
24557
23130
28610
4850
27355
7075
10489
1627
28854
12816
5359
16127
12916
1562
14412
13498
30483
30478
6198
12004
9240
25012
13930
8219
14907
31279
5003
28483
2657
32036
11193
20940
14026
31774
8550
6963
21644
18737
2661
9676
16704
17886
4932
14526
251
6455
27868
3919
14464
4419
14374
25954
6067
13220
25681
11581
18513
16759
13073
21136
13535
12924
22329
11955
15328
27511
24972
4656
9035
13270
28624
1921
24636
11923
21029
13083
1770
23132
6805
29867
30425
23794
19180
11679
5969
7631
5322
20712
14350
29707
24566
8190
27193
27520
2805
14629
26007
25901
6620
23280
19969
5848
18274
259
27924
11767
11321
15900
13353
6609
28831
30549
6791
16609
15408
25763
11224
9595
22526
31395
23258
15794
14051
8598
27735
632
22550
23977
3671
31239
14333
19579
28564
16768
17218
7129
27438
22994
41
24012
7328
15326
25121
24021
28659
30681
31641
23415
562
25585
532
19958
26141
7731
22656
5471
8481
26028
5059
15560
29832
3790
11672
12761
18158
5910
22937
5515
16884
7148
12444
2608
30776
14539
9795
8884
10116
4257
31951
22306
27461
1657
11061
8809
29503
26967
26996
11617
4736
5987
22309
11017
14994
23626
28756
18963
14069
3810
17550
24482
15564
12813
9275
12114
8919
7391
14383
29817
21921
28163
14203
4268
23547
20058
12169
901
32680
18150
4712
4004
28250
11751
32612
12532
26334
28483
31194
18479
18067
13355
586
8101
2848
11772
17838
11577
7270
2147
22282
13740
29364
18117
10053
13598
27962
4318
12087
12497
27841
12968
3
22065
1689
21374
11687
2833
25554
10369
18385
21304
8367
9787
21749
12060
16471
30082
924
22509
2254
12191
1535
31957
23332
9648
19412
25983
23532
14155
3688
7638
32752
31844
25326
3855
20771
18033
18198
10729
32727
15563
23522
1587
5168
6232
17078
7055
21465
16999
20654
30583
12277
23259
3123
5245
20313
27020
10449
14039
2296
16106
30019
29210
25246
18404
28624
15430
26594
22792
29915
12803
27990
13547
15285
28714
5120
20939
5557
9863
8462
8819
9099
18398
32197
26207
29905
31531
29627
17697
17891
12846
31046
14595
20465
2343
8756
3310
24402
21471
2236
29066
9243
31719
17077
28071
28913
5156
14086
11740
23579
17804
26462
30573
30427
31018
549
17010
3839
25448
20658
16182
11955
21645
21950
19166
20121
29317
12312
5963
28188
16353
5531
2625
1537
5150
31326
6088
2366
26922
14378
7122
26640
8740
18993
30495
18760
12131
28924
29534
28133
13243
21158
12949
29416
3835
27464
11714
25956
29114
25012
1731
23765
24148
5222
12659
4018
15151
29367
14358
5702
23107
30292
7927
20411
6617
20719
11087
7544
658
8756
4457
26797
1708
18943
19972
9771
18049
10956
12025
19578
32336
28783
20253
28709
320
12037
2409
31321
26018
28202
10072
11694
18039
29804
20113
27973
15922
26368
29126
31251
32447
4532
18652
6780
10947
27429
5196
24612
21542
10546
12233
2
17359
31152
14371
28854
28334
13151
18539
17180
15360
4893
4696
26913
206
22874
21993
24277
21687
23500
31820
27074
9200
24420
23039
25213
8841
20096
23605
15482
1266
8034
9595
16420
8637
32481
23963
11053
24741
4958
14528
11043
6864
27642
31196
26181
20561
28678
29767
1684
22257
25276
20649
31533
26159
20268
6425
25557
9349
28792
20614
23254
6637
27204
6486
4362
11172
25961
12110
28725
1326
25833
14514
14231
4762
26408
12973
18114
28679
10073
31986
2730
29287
4918
18596
16635
11651
18676
28276
1455
6976
12662
28681
24287
18464
2753
10404
15065
10507
30384
28932
5236
32336
25064
14983
12704
26599
22287
26003
12353
3833
4665
22324
21822
2209
26787
4614
20948
22005
22692
22102
29489
9536
21984
3460
28734
14482
9663
1195
18876
5499
24606
14980
28818
25107
26692
17544
9829
4925
29207
3925
19562
20525
26511
32339
5240
12072
17004
11927
18530
12171
11812
24840
7043
5391
1568
20416
15002
2123
1063
29365
3545
8315
13083
30616
24888
14975
31203
28925
26383
16679
21160
189
18660
19117
580
408
14977
12163
25591
29727
17226
32335
7516
13010
12750
28981
20124
12677
28060
18516
4834
19464
7000
11667
25871
26630
18190
1437
15534
28206
2245
21034
30506
24209
22360
2433
24894
1099
32129
1850
29870
3174
25911
31305
7733
1019
11578
29752
8126
410
15596
32180
25303
32236
19042
21579
20322
8087
1723
13684
31373
32354
25776
23248
16901
8602
11629
2991
10087
15796
22431
26582
32760
30003
21711
20352
19605
8397
18670
3234
19949
25289
24625
8563
10477
2475
14111
24620
12156
1555
2280
12300
8553
30691
6136
9120
31137
5792
1228
17473
7078
31003
1796
14046
30012
80
15546
7676
26726
27022
1043
23802
4496
19416
4883
8346
15886
1164
16822
20669
9925
22338
14908
20334
17192
17655
964
10530
18535
24171
6940
6718
10466
5575
3544
3546
10212
21379
19361
31173
21902
21127
8656
15305
1809
1936
5436
23600
7969
6102
3663
22918
15014
8940
2912
24993
5556
25575
19772
7135
15549
28098
12806
26799
24069
1793
12866
14931
20311
26773
13356
27364
7159
25600
10574
13206
11991
13497
10833
10557
27917
210
1300
25104
21637
19672
28923
10413
29427
26363
23946
24670
18700
3438
3890
32411
28150
21521
32362
15824
1789
3406
11522
28000
26503
14912
26036
745
27978
17947
6653
20682
27836
4296
21035
1506
16843
3279
25526
23195
22735
29818
25043
3879
17341
23096
31815
7946
12189
6207
16505
19929
20030
25461
28876
28993
2088
1425
26155
7242
2770
637
12262
4061
1813
11519
26044
5253
13281
28313
24633
8562
26927
18094
19266
29891
26422
17637
18158
261
7650
723
2711
21494
2178
24788
15921
23183
29121
2617
32219
9794
13271
1193
15284
6017
18688
20161
29680
4479
16429
20990
26411
6970
27130
11229
20220
4537
20961
4672
16590
20370
22445
22292
13035
28080
32049
20273
22490
339
15417
8321
17387
31576
30913
15205
4368
3259
25445
852
29934
13402
24601
27334
32052
23036
17690
1616
26156
6801
1573
23312
16272
10684
8166
27723
21406
27790
22451
19541
1134
12693
9082
13489
4996
10773
19960
27002
1954
2197
11052
27649
9439
26781
28940
16568
11005
25535
2166
19535
19960
30676
27241
3100
7387
8840
23925
11712
19159
22041
10096
18952
3734
11099
1899
18193
3021
29952
3044
9648
31505
6166
6462
15888
1003
19921
13422
12189
32046
12939
26102
2081
1928
17929
18711
26157
13912
16640
6978
6843
15039
25559
24529
3601
17658
8879
27636
27625
4079
21153
28398
23246
19205
15430
19073
17097
22073
14205
20390
26429
1135
13416
13186
22544
22533
21944
20630
32267
28078
43
2102
18052
2430
850
22588
12858
31297
16280
30973
19328
18193
28032
6012
18334
23336
27182
32734
22388
9202
11561
19486
27488
21862
19295
27394
28258
18583
11114
4942
15486
10374
20241
30519
22626
24891
22034
19482
9289
1300
7711
31342
8735
7260
9254
2552
32486
4895
2773
7741
27992
14653
27230
5949
5070
2238
19831
10846
4448
9829
32677
1959
24142
20616
4283
24366
2975
12319
12701
23252
9735
16410
20042
24623
16398
16120
2330
11976
26479
24213
31556
11911
2494
9795
24226
619
3150
15133
1209
13182
6994
664
16116
2057
29762
21339
7216
23300
12161
10321
8061
2000
19772
2556
21539
15913
2453
8716
25316
21078
15361
11568
3201
23970
17902
16172
11648
17168
21674
3372
12075
27723
31360
12887
2524
21212
25380
8872
15480
10655
10065
16377
23866
14968
944
17761
10162
19522
30460
31936
11277
9480
2916
29336
918
31864
20272
7199
11901
29332
16552
9106
32471
24235
12593
20171
13543
2696
25530
13334
12444
11753
27222
12609
23642
15923
1834
22770
13566
26211
5258
19005
4892
15176
14431
9846
6538
32752
26316
6468
27939
3680
30737
9975
6597
14471
21935
13596
18588
13685
717
334
11171
28361
986
31311
16999
17000
26996
12119
23567
3189
648
18859
31385
3453
31163
17522
31590
241
25097
22212
10489
30682
30380
17413
6652
19400
4672
1649
387
15883
8484
2039
21653
5926
4899
23883
26857
23169
4180
14135
28909
25182
30014
32306
30988
30734
23104
19507
18993
15461
10801
14535
21895
29803
3139
11106
3460
3668
9517
10226
20517
29363
29577
18874
18043
30186
19322
24670
23910
32229
13715
25402
15265
12296
13556
12024
22782
15205
14518
16738
6899
4915
15498
26484
6742
11643
23708
4534
30309
6677
24766
17097
22793
1491
706
19519
4188
32252
29735
19888
24936
2044
26361
10761
30770
24921
7666
26408
6391
31721
18405
11174
30389
2627
10845
20212
21229
12403
24449
12202
19111
11506
11066
17435
29880
3541
11160
6445
13632
17988
26738
13160
27254
14382
1613
1612
22184
1595
8319
30184
27517
16898
3733
5800
23166
19069
6385
8047
3796
28345
24760
16869
29779
10450
32491
23827
12216
1311
7891
15917
11311
2474
6051
25518
8729
12771
18777
30378
31499
21141
16613
28256
14106
31256
26509
4624
14166
8393
16784
19724
4500
15799
9
2320
20849
5023
27159
726
19091
18971
24891
19686
24626
10006
1281
29868
26071
31875
14819
32204
32100
7758
5994
10170
5717
29843
406
12677
29253
32271
29056
4083
21172
22228
12606
18899
13319
5952
3847
28303
14800
7983
19351
23297
12368
8560
18389
16519
18235
886
13748
8794
27066
25936
20567
15643
22454
26076
24440
3247
25684
30519
2570
25677
32188
22391
15389
19669
25119
413
9219
7524
9720
10949
2737
549
28562
8096
2919
25962
3018
5668
28308
28411
16406
18306
11252
3501
32198
26201
22523
16183
23178
17705
118
2626
29237
16650
15472
24255
5568
17566
29522
20605
27538
30532
8015
24571
25854
27790
3839
17787
11534
26614
27210
29271
29823
2252
32392
15512
16140
29299
5606
26821
5616
17613
24076
1529
17318
30964
8701
20536
31987
30251
23358
3331
6950
29460
24122
5674
19359
30499
9701
1762
22670
4178
672
16151
28413
4374
12381
12548
1553
27282
6147
11520
19340
30475
16404
8091
14743
18589
12429
30185
14783
20524
19981
7198
31037
28829
28730
19035
21114
21061
14176
5064
28626
2721
25948
27619
2968
27720
15801
5656
29019
4895
12568
13201
9320
204
22485
25423
20368
23917
32743
10362
25132
12425
21000
2805
32350
9798
21015
9782
7321
13533
16058
6741
2147
13900
5191
4962
6745
19019
14053
23292
21364
5248
2030
10271
15756
10998
27288
8510
13594
18636
31701
17554
66
6442
375
10929
22289
11897
21656
22370
16643
31188
19257
3248
27592
22201
25897
21565
24391
32517
16425
13017
13028
31519
5965
14931
10238
25203
20901
28047
19900
34
25629
10969
4618
12279
2722
4217
25566
1950
7302
3976
19136
8208
38
8450
6025
4946
458
20764
4715
607
4556
5335
18993
14179
11773
7637
26824
14377
31300
8299
12543
23767
19592
16377
2443
16089
12240
5494
14670
5147
8873
1103
14553
19067
5321
20850
15663
30590
26609
12453
24523
28737
30744
15389
2021
7603
28357
2636
30962
24834
26045
22010
10858
7251
7390
27799
19661
13238
18251
22224
8168
6745
13257
28512
32341
16380
21609
23593
16961
29348
26984
7555
26481
2196
21331
10196
3719
26233
20590
15201
17794
13797
10583
28259
14725
24574
4327
7518
13785
8312
15193
13742
5172
17600
28846
3682
572
27514
7759
17230
16455
22574
11253
18012
15717
12094
6086
6947
13472
11804
7617
28859
12162
13241
28251
3535
4568
11585
14442
17139
4790
15109
2627
22328
18107
8633
19999
8958
8086
23519
26052
19722
1225
24451
10593
24025
27053
27689
19897
7475
1207
29956
30083
28163
3065
31592
29201
7269
6892
28034
30513
20993
9580
23879
18001
9368
7172
9130
5350
29404
9580
17426
12814
901
4432
9227
12147
6817
26707
27451
4467
31019
15700
8089
19071
31456
9200
20953
1473
17998
28744
28202
1282
17198
9220
1316
5578
19187
11416
8444
25033
18339
22213
31483
7797
13542
7011
9518
24565
14173
10591
31838
4926
15924
20736
30274
25468
25339
13422
8180
3763
31665
24948
24738
28070
4898
14469
21638
13048
15220
17661
21528
9617
28412
27306
31618
23107
29526
3211
18004
12461
29364
4311
4985
5984
16246
26177
9578
23361
30203
28283
29345
1583
28855
29177
23121
4325
17030
247
4436
27681
11072
26045
23396
9478
14990
3106
25743
10430
5372
591
20197
27493
3919
30405
18548
30242
5144
22434
15734
8343
1929
30495
31432
31100
7560
22878
21662
8838
22018
3939
9590
9102
4994
17248
14666
30959
2
23093
30986
24880
13313
20023
27209
11747
21461
10032
22327
7116
5955
13224
13007
30278
28493
26467
3409
2531
15947
811
11507
10835
22077
27088
7891
20359
12640
18028
21553
3605
6399
26603
8155
28383
11916
30155
10216
27120
2799
25121
8105
2214
26654
15581
24029
29462
2286
19534
8996
27820
21289
3817
9399
1042
20448
2630
12117
31315
1538
2923
30337
9537
25390
15437
25578
20756
9926
12948
31531
25939
837
23455
9652
20728
27090
27080
31496
463
13333
9961
22826
27423
8265
20511
24913
24460
21394
24269
11491
16956
22161
25316
20129
21305
16438
21090
29727
6934
726
29209
15224
14806
3966
15282
4415
7433
17286
25841
10937
24888
21609
27707
28745
25219
11732
20053
27691
16521
30204
18798
4453
22920
11317
20832
28411
197
5569
6451
9059
29743
27877
21986
9272
21823
1602
7778
11827
10530
24675
3297
29014
9242
20883
1356
19818
17442
18417
17683
12972
32465
20422
8240
31428
1664
21525
3942
19958
27311
19828
29638
26780
6053
21275
13176
21716
31063
16955
5048
27766
17803
28561
29727
14153
12605
5946
20260
31094
5442
32457
9186
1596
17963
32151
11548
10982
9068
24410
2430
17914
8638
21753
14629
24244
21697
26527
5218
20658
15334
8719
8123
24561
22156
25655
24883
18680
17257
5383
6860
8531
28460
9859
3657
7235
5728
8215
11832
1972
7828
9003
24624
5487
2745
7672
13400
17553
3787
8346
13864
32572
1716
2150
14964
16524
21613
30077
20134
22221
26982
16033
11595
5611
32552
22344
23505
3625
17209
23535
21902
6934
31295
14513
26629
24254
24169
7704
9317
32029
15627
14387
2643
11225
6024
23529
20457
27184
19317
7820
27391
29998
1531
2994
16297
19492
1661
27968
6144
22871
29819
22983
18726
4853
19639
32020
10628
10317
10646
20226
15446
3902
27336
11411
13930
1520
43
1855
16420
23747
23533
7820
6342
7301
20466
30687
32494
23784
23157
2194
609
24371
9713
17990
8966
16695
16450
4475
24886
23685
19719
11870
9011
9694
14156
16353
5109
8427
9830
30993
24365
15406
14877
30885
28292
10553
21009
722
3107
1310
25686
3431
3705
25894
10082
21013
28984
7110
4905
23310
32673
18894
32134
15827
29698
4068
21981
30790
12413
29745
17407
9223
29962
20570
11853
29693
14015
23474
27425
12339
31824
9646
8553
9190
25554
5273
7317
12764
13764
15496
6068
759
10575
8849
17369
777
15821
16440
3524
8170
19849
23338
26302
32456
15813
1326
5317
7103
28674
22616
19945
1961
22651
17279
8950
14392
24051
31474
32083
7746
26288
24935
13354
30299
14024
32052
31945
1961
923
19906
14921
17652
24737
5438
28781
1021
26982
27281
24012
16145
19666
10131
307
5341
7598
1915
3653
31364
3172
2459
5476
21487
28166
27722
25301
26213
13458
21537
22814
22875
15477
29546
19123
14733
4941
17877
5842
12877
7155
13421
3500
28955
13241
13771
24517
26487
15600
16009
7325
24307
12974
5626
1168
5004
10702
25368
12795
18490
25399
1470
23968
2502
21346
4120
16972
5084
17174
29783
25527
3169
28022
15017
15531
2310
16190
21352
6248
4894
6986
22929
6984
7597
18520
22905
16031
8641
27662
28603
17381
21765
14143
21621
25367
11923
10090
9908
14426
11786
387
3116
13538
6368
27126
31021
5906
8698
15850
13522
11748
12154
4546
28028
27532
13017
30954
29054
2904
18229
31440
24602
20187
2540
22832
26285
5706
24937
2965
24102
22566
9790
5149
23740
15387
25203
4476
4065
23849
6942
12867
29297
30465
22580
28003
13104
690
24223
9196
24435
1668
20625
4123
9757
7460
10263
9620
18125
30722
16369
18156
342
24824
24225
29802
6512
32556
30658
22543
17069
25399
6043
21203
2222
7815
11508
28466
1942
27137
9512
23783
2239
8171
3708
23032
22444
3338
13487
11506
25407
23815
27603
5238
32556
9752
32091
20468
22958
22492
27508
9655
31097
4486
32409
2594
22511
9021
20833
19513
27542
16067
20124
27491
14026
6997
21919
31341
11951
4307
30940
13267
3690
28193
2742
9019
27281
3789
27795
2115
6367
29682
21554
22140
16429
25692
31551
30390
9373
22508
27940
11647
1049
12862
26403
19174
5884
4234
32417
1925
2318
11976
453
12990
32438
10264
17986
5700
31339
5728
23153
13021
13932
21815
19619
14951
18097
27650
31925
27417
5921
25436
11237
12300
6661
2492
16099
11002
15037
27473
26156
2885
26801
305
8339
22075
20107
23475
19488
1176
2468
19481
14622
6476
30139
20851
29552
5503
24813
19648
13860
28115
15329
16469
15691
25833
6724
7811
27143
28454
6005
27508
27877
951
29569
13910
27245
32466
31825
11707
19960
31039
5922
21312
16066
14616
32310
4717
27456
8141
1737
16093
7860
14698
839
15775
21758
20765
5564
24027
16565
12019
1676
9401
30582
25314
29540
4222
14460
16652
27248
5881
369
29506
17871
25373
25988
17351
23364
5615
23228
1367
21550
3747
29068
15464
16826
32257
10919
28080
16727
18702
24341
13799
17770
32489
28295
3790
22083
26099
10216
25968
24400
25650
8244
26024
23697
18168
27533
7907
31820
11711
27788
26151
2306
7256
11733
6485
12193
30789
31214
10155
30203
30051
9553
908
30071
13772
16063
24964
11783
8443
6616
26759
1370
13873
26601
14201
18002
24088
21253
25588
13496
32678
20311
22085
2351
23621
5814
9911
26982
30513
634
24597
12434
3105
14222
19306
7196
22825
22727
10507
12438
16351
13172
31447
27380
445
6711
17342
4601
7110
25107
24704
15343
1388
13765
23991
23707
22194
13144
28440
28528
6542
2036
27638
4611
19089
32247
29959
8895
19657
12614
10091
14298
21735
24038
234
647
3997
31942
22910
29294
1866
8927
5649
11609
3289
22143
30855
12080
10214
20194
12543
9767
21027
20995
5206
24374
507
9393
7149
22218
18549
16613
4781
16826
1626
18003
4936
8828
31898
22847
15297
16025
15340
25490
14894
2142
14261
27693
5821
20692
43
30845
24309
22003
26554
11344
5694
275
6055
7143
4004
27043
22515
1100
5336
28701
3714
24038
32375
1337
14716
32074
8591
29026
26868
13908
13920
12390
31687
13687
7263
13681
9159
849
8065
11068
29977
26242
8885
1154
1244
6079
21426
28852
23307
31778
19444
2285
15269
22980
17153
18728
2827
14990
13809
10673
20905
29004
10285
27865
8920
29955
24951
29934
27395
1669
19755
13930
26889
21570
24260
6763
22243
4193
8097
25955
1415
11536
18954
30225
28684
13080
5486
28848
2574
26292
6126
10862
19796
11939
24864
26911
19120
29052
12812
19251
16935
23874
30331
27621
1618
19768
25458
6070
12036
16886
24313
9498
24366
8125
5408
17777
8703
9992
24132
25144
9039
23395
23183
23169
18237
19584
26302
13472
25879
30088
20007
6184
10619
9903
24058
9238
25532
11531
15815
30027
17031
11430
12608
28992
17351
24786
10049
10485
23493
14012
14861
26666
6036
30276
1243
17618
16044
27916
29329
17093
14293
20431
27087
24501
13639
17909
31279
7011
27663
21348
28363
20498
23220
5272
27136
28476
25371
246
28274
30341
15272
10077
31056
12525
31654
6399
4570
6217
18153
30319
29216
27380
23729
21242
11532
18882
3538
25147
30114
29237
24082
9194
27527
26868
21715
501
4288
10360
16626
5330
19645
10249
29678
531
8342
20201
14413
10555
28820
10191
1851
4816
1779
26774
16757
21937
13286
8759
28517
26282
11996
11509
19598
1606
7426
9431
8747
16612
24841
2651
13587
13581
6185
23401
19168
5125
26726
14470
2640
4256
1042
27210
15084
12375
1683
23316
10215
12955
3686
22780
10824
618
14436
13321
7756
26143
24644
3237
18437
24974
19042
26189
27464
32336
6846
21133
6854
28252
15688
18476
633
15575
9051
31396
12610
302
31367
17876
9680
18529
16531
505
8899
10402
22722
21467
3601
13086
1622
19780
24489
14363
28755
29110
25431
4419
4741
29533
20968
26175
16324
15427
1422
8072
6519
6083
19846
31610
8279
4160
9463
31147
17014
21783
20766
4218
2687
15569
10920
24811
21567
14238
5727
23730
10852
17919
28937
4749
12677
18370
29325
5335
17507
14131
19544
11867
9583
9361
1791
22886
27020
1471
25382
11552
21
11836
16800
13595
31778
853
22232
26413
775
16537
11631
11131
1054
24718
15398
10967
7623
32162
4863
22348
21420
16228
25503
25334
31306
10228
26871
6423
31661
21944
29219
19816
22906
3409
5266
21933
4147
8142
18792
16780
16311
287
31264
17567
15624
8908
16502
1736
29009
26343
23940
20165
10792
16191
11307
15108
16144
19670
4788
31928
12354
5013
14263
18732
8877
5695
32316
30039
23867
28324
3361
28594
11094
13847
26044
3142
18603
21025
19904
22281
14893
31095
4197
24682
14429
1322
23235
14379
3785
25118
14207
2671
5331
14013
28074
4884
9140
4332
18150
23362
11713
12350
203
30020
23276
16488
28041
10903
20109
6134
1998
20545
31331
20284
32234
13668
8917
17294
30769
24595
30846
23220
7840
3172
27369
6808
8644
8647
6297
26946
19160
4758
77
2310
22318
23021
22402
9468
8912
3003
10808
433
26214
11033
10233
9756
3162
15067
16920
4308
24891
15461
32567
19840
9055
4289
10251
32398
13773
28654
12644
12072
31321
27258
1895
355
5905
10579
7710
3258
10968
24538
27444
188
13649
9273
11513
24577
13823
8694
8876
26466
18090
23241
6650
30057
13572
27051
30146
1543
24460
31792
4635
5765
22963
30230
10648
1469
6973
29470
8139
17546
16107
6938
21767
27261
5207
31816
26474
722
2335
24542
1307
9634
11589
19686
13265
12634
22230
11596
12693
14443
10442
18742
21192
30531
300
3219
359
26237
4731
19191
16782
15700
11343
30118
24379
30814
30527
30703
10581
14455
10243
11707
24045
3578
28118
10341
11203
1080
8222
13772
27916
290
28495
23975
32626
19785
7437
18713
23901
22537
32657
18566
23665
3072
21581
27556
13656
18373
9683
24533
14529
20183
18675
2228
21928
18132
13603
1773
21720
5356
15397
8531
28079
12180
25827
17452
6178
14463
28062
2767
16384
29386
14663
1906
15739
26999
11309
15677
14052
23068
15321
163
20406
14300
13878
12785
18646
23191
1014
1575
30233
11870
27184
21000
11527
30506
3918
2925
4319
31949
18214
29918
24539
13096
27239
10083
9652
12959
15671
28312
30569
5322
10522
11008
7229
2413
19990
11931
18430
14251
12053
18363
19085
16246
32138
28179
22683
28490
18519
17937
20913
539
4591
28270
10099
31116
4535
19459
18981
26721
9395
18398
15982
16695
12638
13205
16476
32114
729
18394
6057
12408
24392
29008
317
23325
23930
24477
20979
4957
15816
2753
13984
21585
19007
8870
13650
2652
513
7415
21461
12198
5096
21814
1916
3275
27757
29449
21021
29140
23240
2773
12382
31590
4441
11406
15663
14393
1351
21710
11928
17100
29031
29732
4021
9047
95
174
23551
3586
25099
17898
24524
20820
20511
26313
538
2286
17934
17925
23432
26745
28715
18613
16037
13021
5646
10015
5485
12723
1082
16333
14353
16638
14589
8419
8439
17173
22679
15279
8706
4324
11422
30338
32531
14932
12960
4286
4560
11016
32267
3377
23204
1866
29002
5793
8966
21829
4657
4776
5375
18036
32155
22211
27622
13658
15953
13221
8815
11124
2862
19153
16868
876
12417
25191
14001
31631
10419
11070
20006
19585
10282
11572
16761
6191
8300
19906
29194
17670
32392
9428
15083
6499
10418
5079
31648
11082
32557
21267
16419
30810
25710
26939
10796
14848
4222
16706
32686
18924
13216
21105
677
10945
11316
3767
30223
2321
21467
2880
29752
18568
10204
5960
31291
29031
20678
13618
19654
4660
19799
10708
6685
27056
17565
5654
32098
27914
17243
20155
18195
32338
26798
26238
11988
26416
17904
7777
21103
27606
30173
12354
9753
2611
12020
10159
14839
14698
21792
15611
30944
15746
20120
26257
17509
25439
8196
5257
4622
14577
5089
19065
28135
5547
28966
2958
1595
1847
1320
19675
9376
30312
1211
25072
14387
6256
2202
6063
21797
83
10505
29019
19831
25755
31928
15346
18177
27982
32491
27581
29369
7709
8408
30757
18738
12510
2640
10696
28771
29756
19874
3788
11946
685
4797
2419
3857
26021
32148
11504
6863
30986
21447
23674
19474
8935
9599
24734
7675
13156
32153
26329
24042
246
23816
8038
8701
5331
1396
27989
2259
31657
22311
23773
9878
3727
17962
21491
17208
18492
10923
12571
19964
31350
28834
19583
10809
30670
27317
3902
14683
1419
19544
5382
17962
10724
3896
3045
13647
10866
18394
18012
7955
20196
11647
13238
13931
15349
22860
12951
8498
31387
167
29144
9653
32641
12004
21394
20852
18104
16929
1657
32039
22442
12142
18796
20992
17743
21042
3402
13360
32419
19146
26886
13996
855
12402
5118
31793
20678
6761
23176
10629
6956
17488
16590
19713
10002
20947
18397
24396
22285
30092
2296
16745
16808
32548
6962
23540
25503
5308
30524
17320
16974
7051
19835
1829
4712
5064
605
2544
14060
27594
17646
4284
11349
3694
29606
25320
13330
12473
17285
9544
21557
8894
23907
21032
32623
10178
25985
29326
31036
6559
8547
31936
19035
23398
12258
31750
22913
24392
1917
26033
31822
17335
12016
16220
5248
19400
25608
31346
3431
14044
9397
10481
19865
15231
20065
28525
28902
10640
18304
22615
24206
30627
26472
27775
4018
16291
4195
13528
6665
28348
12291
2427
21204
11383
6582
20975
7700
15655
28570
6824
15866
25477
3475
9165
13983
1431
10906
19775
6645
6358
9304
982
20478
6543
10483
5102
12091
4490
13096
1314
31080
29162
3226
25431
4198
17492
19049
6397
30585
30547
30727
16017
29875
18939
25671
870
26288
6861
17591
5030
8836
7643
9008
8083
28146
15917
18859
26643
27103
11874
8278
29804
261
27802
12776
21836
12012
15764
18993
6412
13078
25364
25333
21813
1146
4488
21242
26948
6453
26858
29536
24234
22139
29928
12081
2583
15571
30787
12601
20984
9348
1909
9240
15935
7754
13974
14485
13666
19534
24192
26165
2726
18261
15666
6669
16797
25656
30066
18388
10989
28052
12727
4412
15956
9666
28229
30594
21993
9482
11930
19268
11941
26643
8713
20116
21025
8862
31653
15690
19873
10868
352
12190
23122
3741
5748
2806
23248
11987
17666
29948
20971
26423
2809
31988
13995
9282
28218
28493
18834
29437
7162
1909
20256
24949
5991
29682
21405
17257
15246
24751
23570
12103
5244
31635
10393
18263
21411
10072
27606
9013
25472
20635
7110
28036
24187
6447
16311
2529
27919
19895
24472
22294
20266
22900
30835
24976
5335
11355
6712
6676
18970
18283
4796
25773
6683
25405
18945
5097
11655
25821
13240
9284
18484
5336
31236
19429
27140
19606
17793
12936
30475
3562
18053
26044
10996
14568
25510
23886
23456
21495
12668
9221
20241
6695
6056
30863
10375
17348
18196
31420
12520
15659
25981
14570
32357
16348
4655
12737
16219
465
10256
7712
11383
28430
24800
5974
26142
8570
15807
28054
16652
2797
22768
17061
17979
1418
1244
15574
27142
15951
23642
26168
16014
11754
10285
3086
9565
5070
15822
12927
17481
10119
15213
28815
16795
29770
17714
18510
2929
4817
10184
20303
11873
13670
1052
15196
32607
14909
26722
10088
7393
14342
31322
9413
2881
14531
5841
27800
28770
5847
2666
17801
12950
12384
18334
29119
32447
25799
15874
14603
31157
4246
14024
25443
8424
31625
23177
14227
7751
27879
17474
21039
4960
23058
17820
26828
8136
25437
16496
19823
9917
4895
14730
17990
6154
4870
2221
3478
16427
19373
18904
3573
25522
8816
29640
11961
10729
18815
14270
17584
6841
22065
3714
31506
13258
4507
5800
18611
22764
14178
10258
17789
9142
5837
16566
29726
22124
18974
11937
21502
30246
30755
6972
20340
20527
21512
23503
23097
28332
20335
11075
21533
16510
12994
12588
1016
30825
4040
31239
16100
26485
17015
17599
4009
22164
29706
18807
29305
9094
21587
23939
30942
9466
32081
6327
27120
6646
13573
24549
13003
10360
386
30881
15168
12126
17220
2631
29387
28547
18882
12352
10693
20523
5702
384
2779
17057
16637
12627
18623
2334
13386
11610
21533
25837
12896
23760
11729
28621
22800
25874
10583
9367
6111
5983
13187
23328
19548
27612
29042
15201
30897
11739
19392
27605
18551
15708
14843
32547
22479
2516
25176
25853
28846
10798
24997
25160
12920
13840
20351
21629
22481
17503
21189
17487
3760
13061
23117
2958
5812
7154
19925
4683
6588
7008
19260
26429
29362
19292
17394
14179
22183
6274
3757
26859
5157
21512
16733
23891
23744
9982
26467
7886
19695
19155
26621
31977
9754
11036
12549
23662
28404
21649
31196
16008
28171
21848
12961
17193
12958
29319
29606
10921
8110
22244
292
6832
11607
7919
14125
10837
21601
26146
29155
31111
22547
14711
17896
22444
25159
4907
7445
15753
9668
17345
2927
7778
31431
27723
28758
21602
10723
28133
14336
11325
22795
29314
20774
21523
20206
29419
11005
12696
131
24068
20328
25458
7396
17745
28012
29154
2911
12986
26596
29351
4042
2955
15478
9247
2328
9407
22213
17328
32298
27774
9192
9062
27879
19684
31260
17117
3983
11268
10421
28514
3148
11565
17499
12117
17163
5996
882
31953
11657
1361
16090
5008
1457
16886
27353
22024
9765
30526
7253
3546
22811
4443
28231
2925
2410
31635
23404
26838
2532
6723
24638
29692
26343
9764
31010
1017
30255
19661
20707
15811
6382
14969
13151
3083
25631
28939
6272
20069
8983
4175
23406
938
26717
29571
29187
29594
8379
18454
14464
7110
23701
431
9598
25518
17274
20337
31271
23590
26105
30334
17061
3582
25014
13753
15067
7137
3005
5841
27475
15230
5397
20603
4728
18918
23961
7678
11782
32565
26883
12277
14526
1397
10826
6736
28766
30399
6446
25501
14288
1699
17936
6534
27042
23243
24584
3738
11958
22234
24882
9552
11579
24474
21832
19528
9179
22871
28278
4053
17718
25990
23657
25785
26512
9131
6570
4143
23750
31097
9002
20783
1671
9786
19998
12013
31424
9585
12300
4259
19544
9406
19750
656
19486
4355
216
19520
22016
32453
21661
15375
32381
29141
14614
19433
13405
18479
21853
851
10911
19490
24727
15023
7859
12721
14792
9147
20201
826
12780
15196
13610
16725
15427
2202
23014
14847
30956
19691
21325
23288
19893
2484
17602
873
306
32525
29324
6346
3084
1989
15823
25347
5276
30373
7355
29649
18616
22777
25348
7532
2509
16973
28306
15463
7982
1397
3193
22743
25260
32464
10795
25271
7015
21453
9965
3467
31460
19373
22919
3908
28767
9611
7744
18020
18018
3994
265
2914
16022
9135
22521
12624
8154
3327
25081
31163
27282
15145
15809
32723
10049
18039
19715
24267
859
26976
22501
6019
12372
13138
1205
31077
14589
22703
30680
4749
16656
17430
12292
27436
25353
19683
29360
4142
8248
14073
23752
12570
5909
24511
27556
21818
29651
15464
4667
27645
20280
3448
11924
15513
28587
27523
29566
30964
8335
4408
6785
30661
5071
1695
29204
23030
442
4511
7184
8014
31506
4035
4197
28236
8543
7486
14348
4950
14729
11564
13373
31507
19622
30490
9697
11285
19217
24009
2378
955
26044
13103
31266
14933
4551
32191
29601
29322
27217
8938
24835
22519
25742
6886
4666
4377
2585
4526
26848
2157
11660
6474
20847
20693
19791
20816
23732
10558
6317
10155
3457
25472
19245
5787
11939
12933
21023
1021
17683
9134
28789
9677
29297
18290
21716
4073
23469
19785
21995
20247
26632
5832
18692
13642
27707
1549
9944
15137
5621
2909
29352
6833
11147
13836
6025
1924
29675
19613
12288
10209
23251
12331
27598
13134
9536
3848
2061
23124
18984
10915
3452
23426
17259
13487
18712
27061
27400
1921
13036
18326
14476
15802
14121
15459
29393
27943
5497
17907
10724
2277
19089
11252
3399
11977
14341
22648
29273
25598
32353
6576
7954
1264
15733
12534
11507
27753
12016
21265
6205
5626
20273
32181
20322
16285
2137
17994
22201
20120
5029
1518
21621
31653
1275
1725
6360
2639
13506
5712
30372
3999
31735
8579
32723
3064
30333
15740
31367
23616
16309
16873
8772
17984
23887
22664
2397
9294
19552
9709
11948
29737
25780
28544
7046
19748
1637
25285
7662
391
17836
25056
29449
28466
2296
31064
30163
17283
19773
25371
9743
13946
1167
15042
7044
283
17135
18199
14694
4884
11621
31956
13843
19360
24399
7854
19200
14763
14840
7826
8434
10039
21100
9263
19569
29694
29067
23732
28281
857
23133
30683
19828
16736
19109
30246
31333
851
27065
11368
22118
18233
6544
8328
3156
5830
24093
9090
21193
4482
20187
19630
2634
25128
18090
14917
3010
9036
17881
15137
15151
30529
14980
17860
12956
22330
8992
24732
6479
23983
16212
24454
31555
4099
17162
6800
13529
27491
16327
515
18122
14577
14391
13217
9824
27938
4621
29995
24038
5732
23050
14374
4445
7941
3674
2783
15216
26192
25383
6829
13994
29945
13673
11126
26343
20667
8187
10356
5896
13119
26356
12857
24299
10304
11572
19953
9627
22253
10301
6632
5059
31374
17989
11084
2665
20075
31369
31027
29144
28905
9187
30943
29918
503
16799
20289
31800
168
27275
15293
32331
11297
14925
8237
30485
27574
10489
18984
7266
592
227
24964
8771
4370
26290
8217
9148
11580
10166
14024
957
3407
17020
957
23123
4466
23967
32240
16928
11028
8416
31218
6665
26579
9337
11238
3886
9116
27311
2765
799
9748
6055
30984
8781
12087
23418
22039
16062
14143
17035
23975
17157
26056
24601
30668
20850
1073
1808
24203
25478
28485
1317
15515
32169
19483
5153
10604
19231
1082
30077
9833
13881
19713
27696
379
20680
15943
2245
16590
8407
15422
31664
31703
9626
14493
25058
17814
10401
3838
16283
3096
12113
132
7552
4417
8341
4802
31725
24776
29393
21976
4236
26499
30232
21983
551
4069
3742
15240
5818
1989
29552
24575
1997
4960
17762
22550
28928
4514
4681
15007
3304
5537
6251
9753
13337
14699
24116
18832
21124
3585
29227
29886
18180
19619
26404
29558
24883
11598
24758
14403
29058
1668
17391
6732
8073
6731
24647
10874
31387
13432
9427
25565
30878
32301
13755
15180
22297
10913
30190
21068
4751
24863
22804
20788
26636
2130
4549
11406
5373
22207
28664
22975
18756
19603
958
14059
32652
31391
22576
10771
12250
15009
23205
15232
4197
15557
16937
12133
22696
3691
2859
25280
15029
32299
23414
28545
1740
278
25187
23534
11564
32063
2380
22854
4649
7547
2115
21924
26751
4708
13060
25895
1510
25764
4649
18000
26087
15472
7325
1451
20205
16978
9555
1202
19871
32044
20792
26606
31341
20858
10598
12383
15721
1495
7578
1054
1113
28867
2792
27201
7946
13219
6829
32255
13799
9993
3526
23829
3785
23606
18431
21863
5137
22493
12238
5611
20981
27178
13890
26307
24087
18435
6966
11433
23900
18830
16842
15248
7163
29171
10516
15496
27604
9315
23826
10979
15620
10841
29667
11414
9398
28447
27447
18914
17979
5269
31237
18483
21086
17710
10876
11336
4337
26427
20539
10132
10412
5484
11972
29924
6456
147
25646
26691
7046
7852
27675
13850
23653
19227
20202
13724
17748
15412
20782
8801
18324
29184
14174
8529
23938
574
29134
3268
13860
26025
17629
19432
16130
10873
16752
14690
55
12332
8608
23864
32455
20614
23984
32238
6451
6615
3394
19695
4683
32380
26826
12847
15940
7592
32578
31503
1546
2405
29728
28801
13527
11733
22917
6252
17413
15806
31415
9810
6433
18501
10961
24368
27200
23546
27577
29861
15510
23317
339
6999
12612
25855
17652
24723
5234
30997
19738
819
25246
13992
15706
21445
14387
24136
21145
24553
24414
30786
32639
27899
28701
17511
11561
1522
13977
22287
29726
8328
21429
1886
24965
7580
19431
4806
7317
10452
30791
6605
76
15238
3557
23057
32100
18137
12128
18825
22659
18727
15540
30477
6322
21158
21844
21529
14864
15688
16505
19406
30919
7135
12217
19257
18496
9349
4059
7896
19091
6715
23530
18778
23618
31184
9864
14247
2086
28165
19845
30240
30633
20206
2992
19240
13110
12443
23789
23267
18158
17656
26760
14397
8093
5362
26057
1839
13292
21723
11977
5182
19928
22544
30083
1348
2146
26585
20270
1906
21896
400
2507
7830
8309
16390
32762
31130
24565
29730
24337
28749
11563
12491
4975
3687
12934
19976
20238
20423
1777
10086
24152
29182
18762
6555
16188
32529
4118
872
11904
30075
371
19908
8025
12658
10061
16182
20793
31595
21461
7811
30696
24544
10799
26761
10710
13393
8043
7531
2224
28041
1975
26862
22577
11042
979
10787
30523
7243
25285
7751
28454
8649
19405
13031
3416
20796
17563
17223
15125
15780
26560
17669
1945
10531
24419
10234
6244
1029
30773
28001
29654
23805
24743
14907
23035
9905
26714
26866
8104
30329
21462
24124
16327
8292
6272
9538
5871
21629
5318
5890
32056
8524
6301
4337
12877
32671
21037
32485
20418
19338
29386
15411
13736
20140
8231
4116
9567
16308
1478
18766
32428
23332
6835
15632
21259
31061
28530
11549
17223
17851
6198
22828
23367
31595
1876
16271
24619
19162
27638
20756
17560
19688
26900
7209
14159
10013
14496
13123
5
17714
3841
21120
7791
19411
21187
2187
24476
10403
31885
26304
23943
25473
13139
31888
7405
5386
30924
8743
15708
9822
31271
22093
28557
15911
22778
13194
9715
32472
123
16526
13204
31283
23282
8143
19736
32270
31598
25204
8223
7766
4023
626
29912
8276
11909
18421
3536
11055
21999
7681
14855
25011
11814
6745
19785
18768
25699
15520
29371
8806
12830
10430
3509
5568
25729
24709
7375
23390
30748
16533
21311
15991
7386
17532
23650
8894
13876
22050
32152
28389
11172
11365
2645
95
7517
32000
24181
3179
20793
1457
21200
4686
27635
12443
24591
17119
19094
22505
25534
329
4149
27828
15266
24845
15325
1318
11084
17734
23240
5600
16366
1329
10963
23194
9838
14828
16690
12809
10169
6526
2403
28934
16218
792
12384
28908
75
8347
20505
23874
15370
16729
28449
1178
8176
21024
10408
12472
15551
5749
4265
18935
11386
1821
10340
18921
19065
31202
30479
16702
12732
30355
6857
29927
30080
23885
26063
22139
18448
16889
23538
23513
990
8470
9289
31247
19154
20921
17187
18298
12258
22737
12351
2351
7907
432
7488
12186
30366
24519
91
1637
2343
7601
14163
7067
30314
15732
22183
8718
5383
11779
30986
21238
23904
23047
8979
4826
2799
5086
3894
23988
26590
740
30195
15952
30417
30194
9805
21749
28423
16165
638
12615
16033
31969
13545
876
1857
29717
12624
26734
18647
24512
22087
21984
11960
22964
17128
26821
13041
16538
13513
7085
3034
16182
555
10273
6126
22764
1140
5953
15321
8067
1760
17836
26323
30250
3443
24224
12589
1464
2098
4707
18729
17976
18066
3041
8719
16805
16177
27030
6525
29682
32708
15790
1791
27725
22864
22891
27103
5029
7326
26568
10559
15466
31465
7004
6756
24468
24281
29568
16725
10982
20917
23732
32677
17524
16596
12351
9613
26467
14164
22294
6462
15856
24591
5119
2164
7347
25547
14582
22607
805
30641
19408
18271
1377
12289
24094
30205
807
27395
7252
18658
20518
26689
22571
23026
12667
24563
4675
27481
21621
11963
18189
4313
8859
27026
744
866
5872
28162
394
21220
30837
17047
23714
27233
7664
23440
3515
6726
7916
6105
18276
7419
5633
2622
27022
18873
22613
25305
5429
27036
18019
3276
9027
25337
6651
21558
689
12017
21898
10335
16879
19782
14492
20022
18310
10862
23967
5886
32252
11238
25834
28484
30455
22217
20734
23060
18854
17569
30731
11372
12381
23165
11958
7409
10623
30276
4121
31713
8097
1608
1803
10057
23788
16158
31906
3960
19907
25518
20471
24499
22182
21382
31529
7978
16727
21364
2469
24107
1339
17491
17316
17302
28418
15397
13045
3729
27531
13666
25852
24700
31233
18576
3579
25384
2379
9236
29072
8003
17571
13896
13439
5911
4996
15821
31666
31093
20682
13347
31870
235
32021
18038
25128
21309
28782
20667
11432
29971
20269
3836
27820
9712
17945
30960
224
14435
20946
31695
14445
14977
5484
1636
32447
658
1117
7012
29836
29707
25497
24062
6674
4285
26107
19635
28320
10827
26599
7784
10583
18401
3630
30138
28466
5155
19505
24209
10820
26468
5450
18936
26177
16921
15719
31788
22080
19341
19704
8434
26559
10454
19468
31278
1768
16391
18614
23730
30739
15271
7350
28500
27275
25186
13909
24643
10389
5887
26769
1179
2222
5266
1658
5686
1045
15091
19932
966
5769
32622
25886
1824
19284
21948
28778
30171
7048
9522
527
26
393
7737
27171
20902
26059
1022
10604
18752
18653
15979
2945
14901
20135
18517
11308
27698
3824
19959
27667
19802
20259
3999
6295
2710
2386
23719
19197
556
25723
15015
17099
17556
522
3305
16245
6023
17568
20509
7481
12120
29715
15950
14664
4743
25270
28437
24870
23444
30682
18445
20819
19729
17300
20870
1835
27643
32705
17278
27147
5194
8776
24269
4021
15303
25759
26271
8182
22302
25745
20007
7046
5428
16958
28306
2607
25786
24419
22842
21553
30723
9179
6685
19174
15122
27494
32397
9378
28664
170
13353
28637
25949
18807
21515
16788
31580
2127
11843
8940
27284
22310
27012
537
379
16230
19230
10878
19446
4918
15148
2069
22823
27644
22799
14866
4998
29216
13339
14531
24372
21012
31887
4795
29324
657
16587
1327
7418
16419
2749
29600
28688
25063
29085
698
32470
27539
29658
23165
10082
184
11604
21402
6825
7492
15819
5152
5781
14155
29591
24407
1624
11783
3738
7404
31999
10781
12148
23375
15946
21281
18165
20826
18875
32349
6616
9011
7149
15054
11438
28275
6695
24176
11288
24968
23601
30908
9529
25176
18534
20078
8811
2086
13835
17035
49
27834
2527
20643
3694
6332
243
31827
20948
3938
7612
23055
31134
15691
27495
5406
23938
20138
2924
5862
6113
12454
16742
13162
4162
16897
28962
32529
2558
30456
17142
12713
2876
29803
25172
15019
12320
26174
2718
27329
15936
5375
22076
22149
3160
32457
1005
22156
4670
30568
9818
18595
13592
5053
29169
30296
9164
25700
7408
17597
22456
17301
1472
4456
3492
14920
4997
24766
19188
16541
1267
16754
17186
23930
8547
2376
12652
26998
38
20255
31434
30966
23065
17966
11299
12693
6521
24206
10432
3786
7161
20216
7425
22981
23314
27601
2383
22681
28315
28515
31057
30880
7577
5998
15203
30747
29016
15327
11332
21274
32443
17119
27406
30620
22992
5647
2412
1270
26535
32018
3079
6777
613
333
20289
31055
9108
16106
9254
32166
2237
18211
14751
13073
1593
30653
9705
2090
31812
27602
9286
25981
8787
27092
23283
11169
7336
29391
15705
23720
4131
22254
24199
29882
10331
29505
18400
13820
17389
31933
10257
27574
15124
31877
28231
26806
29818
24936
9630
17647
15438
19114
9436
7782
4503
28679
26207
24911
24008
19189
7252
23410
19092
25898
21802
7892
10755
28766
17478
30612
9414
2898
761
30995
8904
22545
23983
26199
8709
18293
361
31154
28575
15854
7533
20382
30510
30079
19771
30956
7256
16649
24260
30750
21155
5324
18647
11793
26502
30763
26076
31199
12998
17583
18116
4099
8448
22095
12864
19646
19585
4335
9265
1466
6238
24358
24928
7918
450
3652
29552
26305
7042
11156
8465
32114
26615
18142
13942
19383
1292
15920
12808
19620
24214
30430
10588
11983
23268
10184
31330
4274
13719
6363
7392
23632
31924
31707
10271
1564
25592
16991
24805
13078
25196
5405
25506
2615
20025
20583
16110
13583
27324
10742
4659
21421
7389
25575
1191
26559
14749
12547
10366
31482
8943
11843
7773
1212
9929
5523
3345
21232
21626
3543
16769
31283
15422
15404
2785
4404
19728
31344
10025
15201
17599
22276
21446
18112
26180
16848
22159
24858
27219
2696
4858
10335
24112
5166
32656
6726
25796
25049
3998
10036
3568
24756
25902
27743
14369
4937
24373
22835
12325
512
22542
17397
829
5346
10279
12710
14195
15011
16635
21802
24109
224
29760
2473
13571
421
15201
19510
18638
18994
4910
30894
20225
7935
16339
19939
10557
16637
3334
31994
18207
6175
24197
18450
23133
26393
9408
29735
4369
27752
2514
4661
19028
5266
27318
25504
30991
8623
28856
24019
10510
27688
24361
4391
23126
8383
26967
30471
9913
8143
9405
27475
26023
25045
27510
21761
16967
1328
17144
16906
30662
26917
6910
31364
10224
31270
30918
20235
32765
4948
25213
9830
8109
6466
7928
3688
30359
12796
7588
21523
3005
15944
6848
26372
25445
30763
21449
3083
30500
23215
24630
8985
29756
14052
614
1119
13352
6693
1239
14516
9076
27036
30616
4407
2770
22281
25089
25142
28267
4798
15521
25935
30579
24302
18296
1749
7168
26664
4198
8822
31004
1823
15844
29466
4888
20396
29170
14861
28708
4374
22864
24929
16669
11152
15089
7566
3238
24323
7085
21084
4218
30478
18998
16131
19713
30796
26445
13712
28449
13013
15926
24970
3158
24071
361
25046
25861
8582
16266
14808
8461
12161
9371
24027
15008
21559
23409
24243
2897
7866
9060
30880
12141
1779
28235
2422
13199
13543
6824
12795
16495
19768
7711
9873
14587
26351
13357
29461
32425
3704
25878
13830
20491
31214
31007
5866
30116
21146
11262
31725
12538
14262
13455
17100
8684
24182
29896
241
5702
29513
26095
3808
30611
8284
5386
25297
19250
23903
17304
32414
30892
27789
126
29920
19013
10470
19780
18773
23505
2495
9089
12422
27593
32637
28308
29350
17054
3486
19861
30140
9293
17913
12684
13061
52
2374
11232
7059
21284
12512
274
12347
28599
1482
21418
20654
8420
10480
31602
1510
23248
20656
23779
19396
28135
32665
21725
7671
28716
6259
3227
19487
20685
29567
18917
22834
18939
22784
3975
27167
9464
1273
8707
1970
1138
6201
17539
14264
10511
6805
16913
12643
25673
29301
5898
12528
11644
30098
20176
11910
3389
30461
27072
31842
21230
30308
24420
4145
18575
21649
4329
31677
22743
12595
16339
22732
23428
21985
23791
11333
31727
21084
17289
1173
28131
11796
13536
22353
25775
21230
10199
25117
122
5445
16621
4812
9687
32047
1647
15049
29594
13569
9453
4533
19177
16661
22506
19281
7574
25802
19159
17567
30380
22733
1603
3140
28999
13975
15692
18993
4521
15671
3929
19074
13451
21330
4619
12198
2225
27240
14192
4033
18113
10072
25722
334
6997
29735
19376
23305
30543
24317
24612
11020
14957
27248
29861
10552
27677
13061
23349
10454
30354
3572
6334
19838
6167
1324
256
1848
32419
21655
20174
6626
16814
19615
3194
13266
11844
15857
24718
22460
6488
21121
4796
7637
11354
30670
23832
4152
24588
15975
23941
9865
6545
21166
15213
9433
7622
29404
21942
25034
20182
1605
3313
14324
26633
14814
32212
9863
11229
17916
16362
25905
14424
16734
31881
28482
30108
9582
29189
18958
21180
26564
14115
2706
17614
19692
21200
24155
15426
22633
31763
7076
1138
32249
5697
7359
16761
30747
15728
27318
73
26575
30509
31537
3320
8605
23410
1434
859
19416
18898
13184
19926
12836
32503
12345
1650
29238
7758
23500
28208
26075
1025
9486
28318
28220
29478
20234
22951
1120
29750
9638
23471
13042
30656
25988
21472
23877
4446
23335
1726
30613
24297
32087
24322
5264
28649
1734
12453
27668
16719
21235
12859
16187
8551
591
8322
15765
4104
10655
16443
20404
28430
4257
12856
27374
5897
17394
19895
21086
9271
32303
29934
26924
4016
11354
6119
31246
26849
4480
22926
6159
17211
19865
2825
31888
11308
19376
28999
1676
15695
23364
2268
16160
7904
30957
15372
1866
3698
2627
16165
21233
15844
4347
1811
5413
7825
6483
3630
16809
27847
26545
23382
1966
3963
10630
32578
10722
8250
11641
31765
6057
12131
26306
19250
11178
6292
16339
30034
13198
31586
62
28884
9476
11341
18899
14932
9225
12786
28936
23422
15974
8835
13471
21540
122
30069
6274
6543
18233
7544
26610
8211
29557
32428
8928
8934
25181
5394
23195
7731
20291
24385
16812
12137
674
24922
29438
20441
29279
21565
13379
7552
14159
21757
14226
9761
31738
10386
8277
26776
18590
26574
20322
106
20599
10131
14952
12192
9278
28994
21133
15062
28144
8054
15957
19343
6608
29427
27334
19659
4271
29657
14282
30172
26475
29470
17364
30581
10166
16442
6854
32516
5656
26404
19475
1089
6455
2686
11296
5383
9815
11788
17649
4964
22301
1387
14849
6636
3224
6912
9073
31314
17282
25390
9317
2617
32194
4044
16556
12871
25910
14294
13727
29563
2992
10082
23115
22209
27710
27606
19154
31428
4527
28761
25358
13316
1618
16007
19576
29480
28929
14185
9032
26005
862
22692
30430
1087
7517
25072
10593
1215
18947
28364
29350
24743
31085
22641
2643
26386
7187
29700
15684
3199
846
271
29229
27871
11032
23602
24961
13292
20755
18966
1171
24509
31950
28323
32764
4503
23875
17523
3388
24839
8100
10374
10148
25901
9047
20023
115
26715
12095
12142
32319
31199
3133
19736
19350
21020
10486
21460
14566
15584
10967
30959
30106
32241
4183
9107
25734
25577
18556
13883
3973
32068
25505
3178
32352
9144
16758
157
29938
20933
24648
3710
23690
30348
12675
25946
23697
15332
6005
32469
26221
29355
28756
3549
14500
6490
21123
23004
7493
12508
24081
23090
26500
21409
18307
9698
29860
17134
32723
2955
13338
24183
7608
26011
31471
14895
27688
32447
9830
18015
16923
6814
20959
15861
1939
30406
9211
20255
3033
22502
30465
12825
4361
30527
24704
8772
12496
25685
23606
28023
32373
12010
7729
3481
2582
27948
20532
112
10549
29230
15964
20916
10355
18581
14083
2920
19098
17812
8677
106
14561
18458
4737
9544
18540
30793
22979
27477
14611
6955
23263
20988
20836
20128
10112
8789
31723
16795
10018
2294
18865
15502
19900
524
32258
3619
9635
19370
1907
12333
12459
21088
2596
14558
25743
19472
24387
27706
18067
29949
11729
459
27239
8997
169
29335
22607
9169
32190
25423
7809
5994
8868
32457
4558
16270
10834
21680
389
29539
38
4219
25237
11819
25641
7323
13809
27673
9365
1529
11833
18787
4244
13215
22678
6041
2123
18101
19686
23861
19991
14000
10521
29555
32022
32198
23514
13923
18666
27045
626
31548
27321
25700
24042
16627
24440
18874
9072
20236
23402
7278
11261
14001
5859
12302
18228
27137
22610
6884
13708
23978
24446
1062
3505
26810
5648
8813
4392
22194
10578
32360
13362
24540
28982
19922
23796
31711
18586
31393
7636
17041
15050
10881
28454
20236
10823
23168
11272
22788
21703
25355
22154
30808
22652
30745
26387
18150
7833
31142
11008
21668
20243
10339
30349
8685
12708
4780
11769
5144
8214
19898
27109
6223
28094
20250
15102
26782
26695
31325
20699
10059
21937
14098
2088
17510
5016
8945
9221
24992
15290
13401
13993
10337
29108
24829
32075
17940
15884
7386
13122
710
6772
17772
8299
9711
4941
19745
26315
7567
8811
15118
21365
7037
10008
21216
13998
7420
8027
30998
1872
4240
1658
10094
21868
3600
31933
1437
20531
21755
7285
31299
25367
1295
8253
18462
11821
17688
16000
2942
24022
19463
24123
11257
9630
67
2308
5727
25188
8516
15948
21233
10172
12125
3041
19405
15505
1497
4022
22445
19215
23370
18151
23761
18367
7198
19960
8250
21492
21363
30302
5401
8039
5677
21824
16519
3358
9285
12158
1398
8082
13411
26355
27880
28688
7600
19703
15967
13664
21477
32296
31892
7589
27049
11115
6763
32644
3353
29741
31783
9864
12968
13807
6362
16069
25129
29953
20512
9148
23082
17037
18445
5759
32132
17368
26468
7958
16176
16069
16394
7456
92
20379
32186
19389
5310
11271
11513
15532
24873
5989
28237
3761
18526
27707
27050
25402
23076
24326
5677
22337
30875
24122
10765
884
26573
13188
18126
18324
31622
19026
13751
25883
22374
16277
18567
11553
30004
7877
12900
17792
25973
28710
27924
18743
32317
31819
32367
18444
27718
26840
12820
26998
23103
4748
7004
14009
8806
18558
29580
20563
15961
19622
10319
4759
26921
15776
11875
28056
10161
19885
27794
29768
11046
27387
21220
26337
16879
15654
29203
15492
19126
7166
10047
28704
23999
25483
12259
5270
8312
18766
14856
29723
30546
5834
17592
16093
2512
27971
25782
3305
19677
30406
16748
14156
1891
10345
24101
19576
1305
31188
892
9194
27549
13824
23828
21770
26050
18751
8074
5459
6443
12413
19112
16819
6681
28101
23516
5941
20865
9735
1256
24285
2402
19480
15066
4307
4949
31994
12607
12997
15718
29022
5524
30086
2338
10343
7933
22011
22769
12209
17978
17719
1958
11410
14806
7141
7765
2719
25249
23782
7268
29554
3169
2876
1509
29611
1733
5927
11299
28981
21146
9869
25723
22219
12097
15519
8558
6330
7265
1210
8692
30440
9177
17547
11026
8213
32761
14711
32686
6753
29169
25914
2723
5390
23689
3534
28433
1928
30483
29838
29430
16802
11422
2203
30723
20771
31597
6271
30376
24705
26792
18192
12146
29420
23632
18327
1686
8590
31096
9522
15822
15890
18099
6519
99
32355
15049
13914
30091
5558
430
26449
19702
24266
3508
3510
31140
31598
18687
15468
3833
3397
31545
22213
29715
27590
14216
5795
24923
31622
26301
15838
23642
2746
16847
30438
9679
22263
20615
10410
19966
8253
16508
16824
25418
27956
10306
16037
28422
25781
2783
28591
13449
24716
12158
16801
26240
7549
8552
3575
18057
11397
27695
13891
25341
2401
26668
3791
26380
31317
11052
23684
12560
7462
29031
27146
8987
17768
4786
30769
25042
4096
22517
3472
30079
20449
17630
26988
353
14361
10711
7643
1351
26385
4662
5416
23901
14096
25268
1658
29765
30722
15393
7601
23401
30328
30294
23185
15760
29679
18282
27426
24496
29781
27433
1366
9219
1225
24257
1005
17245
24483
1215
19094
12477
4532
17722
13655
23330
1231
32334
5934
16800
4999
22733
3065
3506
2619
21808
8595
10194
14672
9428
7232
31303
31934
9059
23115
22079
23758
1167
6893
12061
11298
2567
11377
8212
18165
21923
17814
28661
22436
11234
3637
1861
17517
14999
6947
3219
10871
14303
24921
6920
2579
27990
25682
18240
2114
907
9141
26200
26999
8625
3124
19273
10654
13719
28596
28276
21852
30682
18606
13182
2201
89
19669
16733
13884
32489
4857
8371
7477
27722
20523
5211
3777
18266
28706
24642
27113
12937
3293
29305
28748
1421
2442
8840
22559
10071
21671
31492
16242
17477
5479
16740
25781
13465
18519
12304
18554
10026
3905
5819
7293
25689
14416
21747
9185
15687
16502
25334
26812
31557
21771
23752
27350
25484
6327
17282
11182
9007
12177
26861
15294
14157
22152
14671
11520
9611
2563
22405
3761
6337
32708
16210
22101
13812
30738
25079
23035
15749
10775
28932
16322
19623
20359
19309
1692
21270
4994
16608
3154
4359
26812
8022
13513
12634
2779
16105
5763
21527
12064
32741
20584
7448
10314
28449
27847
6915
439
1168
30104
6780
21965
12307
7684
14744
25496
10385
9511
20372
10164
12618
22036
31943
31854
18792
18713
30421
1318
31191
19013
25894
26872
13655
2344
24982
8347
32464
30170
29038
23432
18917
28479
2708
16479
18891
9864
30974
3207
8796
23549
14444
22293
12135
22778
5719
31472
22091
19256
12324
27698
5572
25934
8606
31953
18436
26744
30627
21630
19206
31638
15133
8141
799
29560
10293
14999
27606
28760
26051
22941
10997
29864
20744
30573
23008
22799
12703
2186
31014
16814
27057
15047
16982
30887
30313
17396
19476
20960
21671
956
13419
31748
7673
31950
17765
25291
29127
26939
18393
1660
32461
28191
30853
27824
16590
12932
21340
3672
18055
23939
10529
26369
5091
16300
13109
2391
29805
11177
6574
23784
21002
16925
8104
26923
25576
13522
27104
20929
18866
17684
4991
26618
26374
344
1331
30107
4904
1570
17028
9439
28920
17957
8550
10683
801
7595
8202
4198
20628
13623
19706
21785
11573
30569
30053
10516
31443
7715
3511
2273
30302
6890
2157
2012
25940
24207
3880
29939
14205
17422
20992
15531
28888
8886
24858
11363
28629
19338
17533
31453
25540
30184
17953
14842
1934
24424
8777
5573
29859
8967
4627
1203
8755
2949
25678
19754
25761
25867
6283
1087
309
4625
12407
27076
10769
26495
11112
17794
30310
5138
24629
10691
10983
5890
10571
16148
26238
2530
5885
32072
1854
16839
7196
30144
23450
2988
26824
4842
29652
2069
26501
28936
10168
27123
4242
13363
9353
7368
1910
32671
5948
5643
14043
29216
18148
21966
24223
19437
13166
23198
18473
8613
3214
3243
5369
16527
5369
25641
23427
10278
17877
20213
1598
15573
18029
6524
10488
6143
3114
24281
16492
6466
14015
17469
4118
7421
31907
916
4678
31759
15300
2405
11892
14562
634
10746
10707
32169
9401
12738
1576
20453
12684
21747
17117
7470
23742
17011
13393
1328
12506
24057
25971
1268
7511
25968
14223
26465
13580
1436
13416
7938
12522
8703
18054
27913
2793
21502
19409
31124
17731
25920
13919
16688
12769
18775
12171
31643
19986
23202
28999
24527
1667
24177
18867
26939
30572
5227
31982
596
32007
21805
31019
14412
10310
1076
4360
23585
27589
22781
12316
13530
5374
17258
15823
9998
26044
28520
8815
30117
25042
11215
8832
32738
9484
14474
1107
8354
21862
16375
13274
4830
1404
32656
22714
32631
6978
25548
4770
6195
3829
6976
20443
25602
5713
25866
29217
8327
4101
7791
13746
23763
17252
21443
3748
12660
18525
22665
28795
14766
11181
10972
13307
12808
9043
9742
3899
24587
26436
18574
21499
10054
609
4367
26679
28565
12198
14054
11517
16547
6052
16820
18299
13998
561
17478
92
13450
20574
16057
11605
30441
21161
27618
22778
27865
20340
32237
7383
31118
19894
3651
25020
866
30705
17586
31320
29722
11108
31176
19465
3691
1921
22655
31219
15549
4513
17184
18000
15662
16631
32609
7686
20186
1730
28112
639
17498
9927
20597
17845
8074
29695
25779
19596
6799
17805
21616
19301
16921
14322
17014
12528
1254
3716
30232
13121
23688
18717
27160
13095
29543
16912
17096
27065
27657
26721
28528
5169
11665
27189
31472
4606
22918
25479
20390
10516
20182
25885
29330
25735
24091
26554
31160
16728
4892
32662
16838
7567
14231
25611
9975
7561
29502
8081
17719
31636
11519
31724
904
30137
4488
32420
28324
19929
25355
2486
9956
4092
30270
29833
25952
4837
167
12579
23640
26346
7190
20893
30419
9986
9075
468
15237
24608
19641
18786
22262
703
9283
10701
4321
4798
19783
27901
12506
2415
11168
14324
5684
7659
23248
13753
1826
26536
5701
28309
31516
3917
30427
8066
25733
452
10659
9697
15754
22929
995
21355
23629
29283
6237
15978
21059
23273
12756
25129
23258
6375
22221
9129
7520
29577
14995
3733
17952
14327
16253
24184
15054
11305
28275
10286
28197
9213
1967
14233
5838
27783
4289
30101
19844
424
982
27181
22134
16866
1081
12047
6636
5226
15386
26173
4142
13695
18319
2310
9378
7419
20696
9013
21556
13096
16871
20104
2810
18388
12064
611
1304
32680
24413
3014
14050
11189
5429
16765
65
16208
32126
18582
12120
22560
26384
32024
5735
3189
10188
21234
14575
29659
21213
17202
21527
7664
9278
6519
17998
27506
17788
13737
6706
32156
20414
5607
14512
12211
12034
15553
1645
20188
19113
18344
28773
1072
5942
18850
11219
9490
30035
15939
11600
24000
533
10456
6974
27177
15488
13285
16231
20735
9294
25810
15330
21772
13804
14305
1847
4297
26566
14435
29634
28717
3268
26924
18013
31939
16404
4420
8249
12287
15915
16607
16397
16338
20230
8847
24179
6524
9654
27833
10638
32418
22811
1862
9201
30880
23024
14746
27324
5664
2567
29898
9992
9964
22742
3593
11910
27136
2355
32100
5986
25060
1116
29872
17262
17208
24122
25280
9852
12688
28391
14043
19467
16003
9581
30828
24615
24319
30673
1788
16266
19167
5200
5726
21255
31424
14312
15145
14889
14352
19994
7020
2327
29543
15855
6044
7610
21787
2105
32721
20514
15375
6939
10546
550
7883
32459
30638
21067
722
16279
12270
30184
32303
14630
9607
32391
30546
9985
6515
3725
5914
7761
23746
16670
8499
21739
2957
18747
9890
22921
29740
3117
18078
8538
32424
15143
29090
3774
10355
12327
25280
21834
26711
4637
17208
24339
3757
1103
11337
5929
30159
25852
31559
15713
5840
24383
11246
10072
22122
21559
11510
4788
7735
24421
25319
27821
5668
31317
19759
13005
4644
897
370
20723
2081
11378
28961
8350
8760
4904
11598
28008
16677
2748
7359
8913
764
22340
22593
1854
8731
24823
8510
10306
16476
8850
9874
23579
29327
22266
2971
31872
8231
10786
25999
16026
2867
28975
8979
19536
5264
11738
4617
711
4189
24854
30633
31273
16048
28915
28371
15014
15495
9667
163
17081
258
635
11079
17069
15055
31836
19213
12639
8677
21970
6592
7749
4469
8348
14389
25775
32285
11053
30241
9293
7264
23890
19501
8946
19283
18454
15437
31639
6040
27875
3149
16035
27280
32745
3757
26474
14797
10691
28078
19187
19142
3160
11437
25598
24271
3840
21424
8261
23368
13801
31039
4867
16916
2232
7797
12467
3661
19571
4438
30746
18741
5278
18787
11399
27504
28580
29292
1370
24177
12921
6566
30403
12851
10110
12541
30668
23337
9381
23723
27034
3191
19669
16138
1007
610
144
13990
27380
20741
16851
17047
21046
2886
3901
270
20718
22025
31348
31789
19333
15268
32197
14620
5719
21394
21770
15705
13752
4715
24017
32335
24372
22035
17082
28459
8219
562
30241
8427
19774
16613
16381
10423
8179
15284
25352
16501
9311
24771
7457
21912
23796
2124
1774
31288
16184
3660
5829
27752
28104
13437
19149
10180
21405
24709
15968
13641
1167
2669
11956
11626
1815
28500
12987
8287
27481
23653
10823
22721
21346
9734
10354
11348
20654
8018
23869
20260
15085
9674
17015
23763
25606
5447
4065
3121
19805
14388
14991
16653
16978
2041
913
28747
31754
20922
22995
2615
12913
4930
4930
24345
15999
9274
16688
12810
12731
32671
9210
28165
1790
16755
488
12609
20602
11442
25940
8894
1786
19847
1551
17950
24171
3008
25088
16823
17308
16768
18702
19174
26434
10803
24641
11430
31295
15815
24611
7265
32548
19482
4717
20742
21748
27822
21215
4187
24363
5796
6000
9877
28414
29928
17319
31782
20965
19113
19273
15830
10583
31756
26676
19221
28628
3873
26507
24207
20265
14614
21011
9474
11248
19370
29661
13900
2646
5861
1830
9417
12321
4870
1659
5851
10225
26302
27169
7882
2501
7579
21683
17615
11458
8903
29453
30571
9776
21490
4969
22013
14790
16525
14280
2452
7975
26937
10132
8194
16556
4991
17539
7474
22372
1473
9918
14011
2137
16240
17475
28084
26389
384
10119
31435
357
15129
31072
16529
22621
11920
25123
14360
27292
25237
1545
3008
13266
13230
8408
21582
17791
6628
1215
11326
23805
30395
129
3419
6848
32616
28886
11404
16093
5951
270
18417
3785
11883
24311
6958
18531
30945
26113
28167
17973
4503
1440
28974
14583
24048
26354
23896
6741
17787
5538
2198
15603
4574
12300
26083
7597
2829
25249
8953
23075
9152
12941
22634
28789
18979
23448
32747
11339
12495
17738
9459
25881
9209
21331
901
29089
16105
5418
2377
29881
5550
6387
27874
26446
10001
26022
20348
937
10951
24686
7332
30193
4075
8527
7261
30193
16299
31500
27504
11804
30785
14920
19971
5070
21541
24555
4205
5333
20864
23239
27209
15920
28132
1148
6089
16406
10811
26008
7502
29499
2814
1283
26933
17230
26792
18075
18419
8902
9321
7451
24164
27614
5406
4929
7776
21214
16513
28720
27024
19869
13469
31507
22143
5188
5510
8707
19444
8020
13126
2091
26240
18155
15386
16169
23635
26435
24287
12216
21331
11899
29127
30092
23920
30618
29008
12926
3889
22225
27511
7401
25747
15104
11048
19796
26644
18556
14330
3921
20491
20752
32281
14756
1594
3393
12931
20904
19878
31446
18296
32239
31399
1176
1323
3113
28987
22359
6846
3655
23967
2093
15213
21216
23329
28679
7178
15571
32048
24672
25769
15918
28341
5456
27292
31310
7078
2246
18082
21320
6359
2833
7003
26248
15892
17574
8191
15544
9838
1309
17232
12516
2770
892
31437
21211
10976
29624
4649
18648
14329
5497
3835
29793
30362
8222
31927
24176
2537
12289
13533
11985
7566
6396
30576
13003
25028
16940
26538
14082
3504
28404
16622
14492
23537
6469
22526
12707
13688
16669
15470
1194
32410
21838
3673
19380
14947
6529
23634
3665
30766
11642
7581
8970
16242
6558
7328
16383
28127
1202
26004
32463
15274
30437
3456
22456
23077
19985
25960
22528
24722
18238
28097
6035
31545
16744
7721
12781
4280
7554
21845
17978
20891
24506
1355
17084
26156
30207
28625
32622
11916
18368
1829
27623
18691
29431
18158
21632
21141
23143
6515
697
5590
26913
7435
15577
7167
12109
24020
26837
21568
15399
22440
22131
17752
22856
21581
29871
32100
2855
31212
30302
13300
31455
7621
10769
21092
11571
12064
2364
22122
10959
20103
17048
17131
32208
25906
17349
4883
10375
20675
1588
25508
31098
30516
9028
18062
24748
22285
29611
29889
10783
26586
15896
21055
16790
24284
14615
30837
25503
11263
25652
15051
24529
17164
31843
22906
20563
1312
3999
22173
27294
24157
29650
8588
19843
27615
9461
3173
28783
15857
20088
16363
6126
2689
996
8596
29550
25554
27839
24541
18502
18289
26544
6369
19958
6506
26851
20266
8112
24507
6063
8391
26392
21001
28534
29854
9289
4498
26573
4612
14104
7523
26589
22155
3484
22219
2313
32283
7150
10767
27858
12613
301
12127
10743
19923
32197
22537
5344
7588
7921
31725
26428
28599
17279
23345
2794
18309
24020
26678
3093
5780
5935
28106
30372
13385
14386
26015
8913
2046
31390
4859
13591
6484
10334
13746
21842
31434
11207
26962
24866
17039
29982
1181
7568
1429
22874
3388
11252
2279
20012
5041
17942
7484
10045
2958
1427
22732
14519
29668
14978
9058
774
25599
5464
18611
19424
20560
10249
1262
18562
7083
624
16276
15677
18611
28145
26762
13874
24466
3165
11117
15706
23533
24085
27941
12745
14102
29555
18365
9267
25220
19813
30833
23727
18049
12635
29705
28091
6435
29796
5478
30848
8573
403
6747
1624
15126
8104
25278
7054
11675
14828
9662
26469
11472
12381
4470
13659
5324
29451
2243
942
13926
27842
29523
25376
18411
233
21503
1015
19986
8362
6491
5193
4401
15188
23691
21366
29360
3581
600
32502
14014
5739
29315
31829
5700
11573
22872
25723
11543
2853
10119
21553
6258
15841
17456
9697
22947
20426
9533
30877
20740
10021
16884
10339
25901
24697
5068
7072
10856
10295
6528
2546
7782
22432
4195
8242
19504
22756
22515
9650
27743
5767
13232
1731
21904
31241
24367
26747
20755
15814
10346
10677
10211
5659
1114
30040
31707
30154
20936
18909
16678
29088
15968
6667
27640
1877
519
27397
9851
19379
25710
4999
8973
17402
16615
109
24232
28292
31864
8821
26529
16037
8750
26949
31894
4053
6580
28592
6050
21521
11300
15669
14802
382
19229
16584
2781
848
19990
26838
8463
12778
6642
31875
1415
5702
26324
6710
18594
31896
6196
32599
15031
6702
23347
32087
7429
19099
32555
16369
24297
10260
15499
18608
15189
794
24034
17330
19069
32090
32569
6571
23507
19409
22438
25388
11318
25651
16670
8486
19558
6542
29323
24234
19388
27690
8222
8178
31512
4277
30183
17061
23578
29340
8355
13143
4245
13756
22741
7247
24128
31546
9240
29070
6831
28079
16563
32269
4994
22665
28526
22085
18141
20142
4004
21492
24
9314
16794
32543
11447
16490
783
2131
32156
2161
31252
14385
10363
27820
25118
30762
23951
22202
20314
22662
17803
32718
15424
14251
7124
29199
5483
28316
14573
14655
14248
9920
8498
1691
5197
15589
27594
19459
28620
21892
5591
4699
28295
1606
5615
3889
25574
14536
17360
15776
6055
10907
26703
32372
30070
11920
2450
910
23230
4914
18303
2699
30398
21139
23668
10912
28895
28492
5689
14792
18757
8895
23347
3362
10148
16543
4058
6292
3157
29619
28781
12725
6057
14294
13028
31210
23421
13635
1318
13263
27406
24847
15228
2008
7439
1783
17221
31800
13305
8284
11756
9217
24739
7308
26648
18829
21266
32323
28962
6174
19858
29298
9932
2241
28165
17470
31024
5752
8572
21068
6902
32151
30212
26940
458
2671
16067
10099
19213
15146
15939
19998
22731
14582
19213
9075
15086
27750
8826
19002
14513
12564
24006
12941
3671
27788
15718
2012
13084
3173
16027
16436
15212
12209
12104
12480
11091
32664
13313
19344
19765
31551
29796
27289
24767
15087
25004
19453
13853
28275
19331
9101
2413
6849
14104
25996
12916
23261
11378
11958
31888
10235
28164
28033
15086
27876
20097
12451
27901
26778
6385
16084
1827
9279
16133
23509
13230
51
16807
24241
8205
7293
2006
32067
10816
8300
6065
28920
653
9597
26065
22743
5493
18816
11996
31934
20966
11255
3927
21998
8114
23231
19900
201
6720
29170
2765
31707
25474
29451
19495
22552
8998
5963
5402
15972
1553
8540
440
28249
21001
29237
6188
6724
25009
25917
17486
17520
7355
14259
12660
424
16473
32589
30346
17655
3060
29727
18533
6322
9761
4543
9812
26808
19921
21415
13560
16889
11207
4314
15190
11061
22608
15051
30251
31494
26926
890
13695
20257
7125
12000
30845
2265
28634
5005
31618
29413
17832
3728
27764
29794
21877
28311
14677
29980
4724
6743
11544
22281
20044
30254
20147
10518
12490
19719
13941
30502
22482
16511
19866
23384
13212
1094
11293
13449
29469
26823
2253
9755
5314
30987
28579
17652
28516
12250
12883
5577
18297
2084
18209
16540
17543
27808
2550
7555
23263
19123
5043
32428
32135
19603
7109
23454
11384
32428
6138
16833
13065
25667
3730
11809
10924
16217
20122
13423
5592
4050
629
5961
10054
3542
20668
13754
2400
9080
32584
29189
14839
10645
19596
30110
20020
27647
29480
30330
13009
14555
3004
24968
15496
32584
16634
3712
7372
16706
2560
24795
3768
23749
24292
31266
20549
28725
7056
24940
15295
24061
1232
17443
5498
13175
9129
13318
25025
30476
27373
1652
22287
8604
23308
14567
16514
18207
6189
32447
25740
12941
9853
23617
17388
30972
16583
29407
17628
18440
32070
25273
7820
29560
13495
25957
6352
1567
24497
1515
29717
23039
24121
6676
3482
31669
23954
24805
5085
23825
20562
27238
24403
6916
11451
11432
17243
23231
25927
27141
27509
537
20357
19626
6319
20273
27940
23379
21345
4949
19277
11094
25882
5411
27703
29667
11994
24046
28405
26250
12162
30308
27026
28925
20104
22125
10591
19480
16111
3158
19852
31774
3703
24366
28662
9798
13585
28784
20544
24438
14485
8419
13605
22606
14519
15551
30732
2664
30520
13073
28381
19166
12377
23648
10260
26125
22421
5265
11540
10393
3215
11272
16061
31154
23626
29712
16448
27285
8856
27261
17458
24405
8149
18576
28640
13531
5844
31002
10467
2091
1818
14820
16628
746
22346
27727
5121
20765
993
22840
19584
9268
9763
27678
16899
26439
26454
10631
9740
2207
13357
25759
29475
31864
17543
30755
21031
23813
19290
1661
27106
19381
25321
1329
19679
30645
2366
6007
31104
28086
16596
31785
8267
5360
10644
4832
9349
32103
9730
15451
2818
25453
24761
6688
19259
3176
17941
29029
13985
24789
17967
13616
27185
26509
29454
31678
32329
1607
20251
25378
26810
11103
24534
10542
17694
17622
22728
31382
30572
10393
29368
15699
23753
20998
17186
23110
32417
6316
10213
18974
31735
17490
6972
27003
7417
8763
1007
22611
17624
32681
21963
26774
13782
11680
5711
24589
23457
29164
6568
4488
4063
2406
3040
4408
3338
8050
6738
2138
894
24268
20833
27669
1232
32645
617
7078
14690
30280
17910
10682
5172
10466
28212
21787
30973
19457
32167
29839
2171
20028
30236
23038
1799
29780
5088
28882
4460
2746
18735
7075
5113
20561
3567
5396
14293
32372
22431
22520
14995
4667
19850
21178
25606
15098
3392
27131
3671
4619
4934
3708
29780
32718
7181
27199
14859
29165
4385
26857
25496
18149
22179
8043
11835
4802
3321
22241
32686
8489
6852
16058
24501
22684
4882
2586
12278
25338
19414
31868
5643
16197
14485
10652
19414
8360
23905
27796
18964
16057
28171
23109
309
31483
28053
13048
5228
32679
25062
5957
19202
15276
28609
1077
11247
24564
29432
23203
30635
16873
26333
30184
29762
18232
13050
5559
16295
16084
12290
8005
7242
19263
30983
31149
27628
16901
23788
2452
19634
9353
1054
4104
3193
5635
7807
28846
26218
29386
11683
8989
16078
27855
16191
21381
20771
20842
11230
30356
1135
23642
11734
21658
22996
15367
25723
20459
10597
11017
6034
27269
8504
17134
20233
20210
15036
27704
4837
24688
6733
4006
26491
5712
3334
27829
23011
9884
6359
14693
12458
17404
21207
28480
5319
29402
28635
27033
18128
14789
17223
14610
13422
12563
8228
20577
527
13771
20595
28243
23770
17346
5825
26896
10472
15107
28156
16034
24497
5236
31621
3761
12996
18871
26502
24976
18108
29775
3974
24702
6767
26628
18235
25381
28264
19592
7071
30311
16536
31322
19526
16474
12360
7915
28398
26001
24146
27648
29016
21406
7569
22103
27990
5332
1942
10125
806
4434
18844
26431
11774
24893
15806
24432
18152
5196
9320
16426
10704
4746
4620
9832
12507
31319
25878
2612
31227
8112
22561
22541
10945
4273
1131
14731
9842
17240
26758
20806
27228
20620
18257
28147
1130
24670
29479
30928
22519
11150
22870
9027
9440
13905
25043
6077
1245
10321
30508
12773
21265
26102
19133
499
12767
20196
10535
8025
8960
17861
29438
3753
26066
25928
3522
16051
4083
1641
24849
24813
5135
31732
13338
8473
10998
10052
32597
33
21234
19025
1650
22086
22871
15082
20111
16505
8795
23358
17581
32009
9000
31649
10341
31615
16944
2445
3799
9159
4545
12263
4580
6288
6361
19588
32669
30964
7739
24300
7674
25948
10690
21598
22224
19358
12278
21780
24573
15977
7133
30407
13285
23523
11028
30838
28195
1936
20509
27492
24696
31606
3835
28000
29703
29823
2044
22600
10949
32286
9431
2768
21803
8501
7158
11904
20526
31287
15893
7932
24432
31370
16908
22152
30648
22831
745
971
3488
30372
25666
11475
15501
14345
20682
858
23012
7555
1825
20040
18555
6110
10481
3193
8270
24950
16438
13503
32372
24151
11997
14123
4433
18339
15505
9096
13580
9780
14034
6441
13379
24707
22343
25573
254
24520
25685
27231
31202
4195
16368
20875
4008
16763
22705
31085
24269
10213
12585
14116
4490
2119
29046
28712
7686
19581
14099
31440
13515
2107
5877
26647
29558
12532
1491
6815
12211
3323
6853
20214
28265
7657
24592
31001
23346
2622
9792
6966
21518
19019
3448
31158
23896
7247
14599
20603
4601
992
24891
28006
25563
22668
14202
21533
16545
10177
20622
20235
28309
28138
2369
4520
13793
27355
6442
20474
10755
5487
18374
28508
10107
29295
30667
13438
22982
21174
31928
4781
23952
15507
28337
84
21286
1135
28810
29891
29994
22704
7202
29488
1930
17629
2290
18171
12978
28674
8421
21815
7937
6742
14186
10085
25722
7707
5832
4994
8893
30662
30643
9541
21813
6496
5916
11426
14226
3372
24141
5522
20090
11146
20788
27926
26747
26651
14079
14201
11077
31270
12522
31702
278
25658
13141
10459
31349
7957
5402
14028
30755
27589
10525
10955
12623
4365
5669
24406
27145
2058
24810
13841
28153
23574
23663
5830
9041
16877
29841
24490
18944
10767
1760
10978
15145
21093
15791
3397
15571
6950
8551
12900
15842
8956
21537
31175
3654
28259
11123
31098
26482
7762
7305
2505
22799
31262
11896
15943
28146
20635
26320
28693
7500
29828
25712
15712
23585
22557
7327
8748
25340
3094
28248
3664
31712
9651
32740
7362
27777
20522
6831
20501
20660
3405
31060
30784
31013
26984
15354
9633
8776
9837
30435
19778
6034
8782
3906
602
5864
31915
23117
26903
2136
16301
12948
18074
24071
4146
30609
21060
12394
10538
11136
11312
27321
9792
9073
7424
7073
25022
32155
733
15930
27050
20979
4025
3896
20533
20733
15575
16997
23383
17634
6030
11343
22451
10436
19274
13373
4800
19022
3283
8808
16426
10639
19154
7784
20086
2824
18321
29165
28390
28675
2
25519
21660
26919
1027
16040
28417
30538
9184
22912
9064
28294
5913
12873
18927
3983
102
29292
29094
19267
29433
28387
12276
25731
23811
30889
32566
25666
31609
4463
28840
5083
15128
22673
13705
29096
10919
17480
17274
21456
25212
31521
6184
11616
1345
25006
24618
10654
15864
12411
1325
4506
24381
9795
26446
12293
1995
10852
17863
10054
28738
29585
6862
28107
17960
1735
28346
25757
14381
8834
26216
15416
6067
27184
4317
7065
13197
26086
14380
15768
20487
10834
14746
30840
24615
15601
10497
25533
25651
2177
17266
4157
4467
30138
29982
1658
10040
31801
30327
32559
5406
16317
17554
2601
22157
3477
30928
5976
10118
20057
17341
5670
30364
16345
3896
7943
14400
2899
3029
23378
32578
3049
11647
8015
32405
22865
23394
27281
22611
27343
22280
17030
24064
26208
7873
6988
9747
28728
20297
17094
6834
3695
18597
496
26046
29944
6734
26735
24079
19922
31377
30317
23041
20866
19766
6307
2863
17344
32096
10935
18302
10353
11956
29641
25438
17621
2493
20809
332
16642
10127
1035
31387
32145
24747
21405
17781
29079
803
31704
31773
9431
13311
6325
26998
6709
32734
1122
16073
15982
24289
23445
22211
12039
12228
7201
10685
28035
28238
4551
22337
21209
10476
1358
26825
22309
31129
25045
12745
414
1536
17513
28912
5320
19173
10707
5803
19179
14017
11955
21740
14019
22444
5587
23593
7289
8320
2229
27047
22226
2364
18030
2808
7335
3750
13495
15043
14997
21813
1858
15043
5365
29485
29002
20242
1550
9740
5486
16040
27786
30501
10175
15646
32295
5003
30232
8632
12975
23344
19118
4003
23338
27470
23783
29563
14674
10246
17520
31249
11079
2376
8842
25706
16260
12018
30116
23819
17682
60
19247
12915
11259
23123
17326
6890
18946
4676
7436
25977
22417
19996
14131
15418
14579
31053
18138
23506
26563
22612
10910
25659
4261
32665
5717
9927
14644
12695
2207
5473
571
26684
16061
14102
23079
3475
6823
17877
13244
10144
12120
22899
5384
31628
26477
17394
4757
27650
31214
771
2787
5848
8556
27337
13845
30194
18764
28128
24043
1891
9570
9886
20976
16598
26562
1433
27637
21037
2258
18793
14525
31591
21924
9135
6394
31175
14467
12118
28280
20530
28620
7192
10649
28378
9984
13124
19201
32281
9750
6591
11666
20639
2838
29513
11419
16592
16867
19202
31308
32104
11864
25901
14958
2401
15511
24115
13649
29462
19358
15083
14085
1704
9756
19992
28364
32673
32130
5940
25296
32215
7004
32364
19474
16788
15586
4587
28323
29427
19658
10331
16918
30861
28513
3241
32309
8533
5338
5897
24563
9665
1510
22331
15010
17451
7813
13324
10598
31862
11035
9247
29930
12020
7110
25581
337
8839
495
19723
22640
13831
3103
12972
9274
16612
29716
26470
11643
26381
4885
20537
13002
25616
4226
10445
11192
4482
24239
23803
19534
11425
31218
7055
23735
7992
7675
1612
14649
20419
25956
9009
3690
15572
1929
29435
9632
26549
10394
20715
21929
21071
28655
32713
27580
5194
22683
2089
8368
19318
28739
19437
28268
27498
30769
29451
22943
12395
7332
5521
945
14735
13930
18150
6393
3617
19121
26194
28464
4680
15643
22720
26661
12004
26640
4035
27827
12473
3928
472
5104
8911
24809
30699
19112
10264
30717
21532
3850
6228
5736
13762
5280
25650
2089
7856
25733
1208
25919
32184
19922
31204
9662
17006
14937
7316
15393
24110
15254
18339
10722
22113
25570
7253
16968
19451
16362
26101
3969
7240
1120
24764
3568
32489
17392
26613
12744
17690
16758
20319
27354
7734
12910
27603
6827
1404
1451
3878
12490
15635
589
31569
24928
31308
21229
4303
10761
10024
20762
15431
6370
23834
9481
26475
2532
32013
3464
28960
20080
2217
25652
28895
29482
8402
12780
18779
6155
19826
26501
20068
3762
29305
3775
523
13051
5666
1912
11527
12755
23671
9504
22103
12875
23575
16493
24105
5355
12343
4432
16379
15688
27623
25895
16384
6616
21142
1332
1989
24070
31193
24910
30228
8834
14440
21206
9753
24539
1641
3053
29123
30543
13042
1764
29549
15842
4809
2548
19134
15789
3182
4912
10445
8569
9563
16567
26505
32396
29834
2350
12377
28867
7736
22638
30207
15585
15593
25721
17858
27943
23468
20147
13260
7205
26016
25935
26321
25039
11959
6407
1777
5843
31162
31504
5088
25130
8077
22349
26180
17645
15285
16067
24670
6251
535
5709
4589
12920
8706
32144
21327
9224
23152
8754
7146
17916
9097
21319
6090
2107
4457
26892
16523
14085
21539
21720
32122
10884
30982
27983
3831
5284
20767
19161
18718
24869
8446
18515
24998
23535
32189
31748
21768
4517
31551
15570
9956
7804
4022
1973
417
24398
20584
22893
31061
14570
27570
20592
30180
27055
1101
11047
2155
6489
20944
30297
12255
6938
10870
32744
20721
5613
23074
25019
25909
1831
27296
14587
9604
21326
16686
23938
13215
22831
13627
11664
1812
15147
1134
16832
8550
21202
18410
7483
19816
691
20177
11820
28138
23153
518
12916
8087
16666
13624
21662
12830
6581
2332
5397
15504
5658
17145
21396
20745
11271
15722
3295
5011
24687
22112
8369
14407
23829
32358
13301
11446
1114
19753
824
28807
30547
16183
14687
24929
16927
263
7829
32267
8824
27450
13192
25809
7303
5152
3285
4394
20989
6782
704
7321
20319
3470
2345
1745
17313
5704
17340
18716
22007
17888
10855
14589
3560
11664
21009
32276
420
9111
11657
8003
16023
22914
23228
27407
8254
10154
20524
16201
2362
12798
32413
29677
12963
18946
15121
27978
1438
12824
1271
6499
13106
9727
31904
23702
32343
19609
7666
12667
27728
30449
4960
15
20283
20604
13594
28690
24295
25759
2176
15021
21477
7538
21469
16216
14562
8132
6738
24571
26164
10335
5136
26707
23474
20108
30410
1176
27849
20442
8811
2909
29388
18716
1540
7863
31116
177
20744
26785
6697
9736
17595
30367
30759
10850
14824
30882
5316
5850
11986
26412
27785
931
29038
21684
4896
5266
14799
28236
16741
7900
18658
28545
2495
23584
24411
3459
9905
20136
8431
7558
6060
15084
14276
31335
40
23127
19494
28051
31987
11086
9339
7973
25544
623
377
20814
8483
16662
2710
27386
10324
21798
24256
5552
10706
26118
7503
29370
979
21225
31544
11143
8473
26195
14467
24909
14863
25305
2559
16370
11284
19752
19252
14381
23319
5960
3225
9449
20836
4386
20999
24554
4541
16960
5486
2482
20397
4309
25031
2214
537
23037
6729
877
1048
24389
16864
23193
14341
11630
22235
25993
24786
24686
5860
30349
9630
26808
16182
27212
29578
13757
7434
18019
12745
27059
594
11087
31735
31381
29354
7565
22188
25707
7308
27135
4688
20683
29379
10642
20529
22432
31266
10270
24018
15658
8053
12942
23175
20806
10680
4160
23358
21488
7303
11183
160
774
7894
11855
13145
13646
14818
5048
31411
9915
1127
30727
8554
23020
3604
9601
7356
13046
7996
9594
27071
12131
8398
22646
21751
24443
16519
22925
24616
1218
9574
12564
14953
31169
18529
6777
32378
18185
17750
24943
11095
2422
14404
6731
2829
3505
31419
14766
31693
17656
21905
20325
20287
30498
31447
26765
13336
21981
23563
23803
24047
21819
12431
3035
24397
28013
16474
19350
27139
10702
18158
4346
27072
10531
650
4501
11490
29472
17312
25953
3981
18223
4233
27559
23802
18542
12664
30493
23314
10998
14509
1361
13372
18019
23275
1355
13171
12689
11307
29038
1691
19363
5266
16544
31509
22090
4513
29355
26769
1348
6060
15330
15907
10018
10125
5127
26010
19279
27801
11372
28941
2382
30419
4441
18102
19779
25952
31406
16131
19893
5435
4041
26859
3730
10282
8874
26751
5491
30705
9813
9153
13090
18885
25720
12728
1626
22019
13902
16324
7117
30754
17603
24880
20331
6887
5081
32006
21218
13527
23882
20007
32097
26866
32367
10650
18594
8094
32096
32549
7975
11234
26973
18458
24516
20692
6765
22644
14941
15189
5188
17954
18929
17403
4202
23203
4055
3407
29594
17107
13384
21049
12905
28933
12318
30904
26920
25937
17371
15574
11018
20528
24557
2012
19594
17222
25137
18370
11527
25726
19637
23273
17329
22364
22978
25613
29609
20623
4378
6773
27492
1990
17022
27244
4945
31685
2419
31221
20411
15544
15942
26043
6640
12487
30798
19015
13475
1770
1393
28021
32655
19455
31465
7209
11869
22042
17224
4158
26312
31260
19898
29375
2559
16263
17035
20058
11594
1680
24809
1553
1521
21622
27114
9267
19546
14867
15569
5515
23153
2225
2189
9431
2380
18718
13954
19068
4624
10499
29324
9335
30222
21105
29761
10903
12850
25021
28023
29417
16798
28046
16903
6772
13202
21812
27856
9767
22671
18747
13822
28688
19132
16960
7820
29903
21896
23044
9479
5449
145
15039
18325
8353
16837
6327
26423
14948
6854
27152
28747
28931
9619
20710
27733
6279
21606
27545
24830
15744
26840
32616
8285
17470
26187
12610
28278
2116
905
16600
8192
4090
24489
31223
5740
10402
32307
20501
15650
32397
20100
22570
27662
1423
17011
5313
21339
17840
14388
18510
21630
24612
15229
16834
27767
24702
25064
22365
4947
11808
18073
963
13558
12790
26912
22867
10007
1124
29600
16308
16524
14204
11313
12208
30152
4469
5508
24902
7842
19288
710
8186
18776
10237
8902
14704
16083
30518
18009
14905
7212
22858
26110
27885
9584
22181
10942
20346
13728
8141
32342
29371
28668
2456
26264
30797
5761
6557
12303
8862
10673
14056
11234
11078
13714
21234
1274
21403
28665
7888
28775
25471
3080
8362
15616
2685
26358
15727
1610
22293
29198
2759
3740
14419
32251
32073
1152
15783
19266
18159
14171
2288
1040
31174
32593
9946
822
17130
23651
16746
3186
20914
4314
24791
23024
16168
15081
11932
8976
2492
12686
28363
106
31033
10425
9124
20752
32503
24752
3942
1298
26195
25778
2149
29000
26972
7386
21341
4171
32207
14151
30726
21701
28230
11386
17384
28907
5036
25343
28529
14151
17140
13904
6469
30907
17162
25846
3029
963
24330
10737
307
10490
26801
1370
22821
26848
16145
30791
30072
11994
11656
14319
12438
15738
14066
7183
8795
12289
8478
19596
10021
13602
21631
29273
23850
26377
25636
28571
3087
25756
20970
25355
10934
4097
25329
31388
30551
5728
6220
22879
21970
9450
8189
5283
26691
28442
21024
3168
5591
27194
3686
8918
29663
25130
3525
6001
17699
19293
31854
2288
889
30244
28672
25286
10134
1839
3579
14784
8995
22864
30327
23529
16660
11395
18198
6059
24629
17964
18999
32310
15365
26271
9836
9510
14280
14309
8751
11103
24536
6590
20432
1340
5436
28386
13746
21482
6011
20364
18103
19470
24754
17721
16121
28590
2021
29613
14523
8014
7571
21304
3487
18009
13965
24631
22553
9923
6408
25565
10531
2029
16368
14900
17970
19657
10367
14686
873
13630
7695
7713
3597
20174
30764
8611
15162
22646
32494
7281
11988
7637
27013
23238
28351
3473
11030
1547
13907
3831
454
18330
7690
23265
31764
2247
27516
23517
26731
29729
7566
22923
25335
7157
2278
29511
30137
27156
6306
11784
32470
15574
1865
6536
20789
21855
9217
20646
17224
31521
30723
22792
8234
30882
24653
9732
12011
21888
28566
17089
17448
29106
11399
26521
4574
26128
40
32450
10623
19990
26777
23598
25670
24293
17410
11439
9672
28554
18380
24671
11469
22147
30738
5183
26205
16511
13138
16158
30494
25702
9833
9661
28381
14489
15550
23088
23146
3451
24765
19079
10153
12592
8327
8878
4070
165
2791
1426
31849
2512
22665
24965
6474
9017
13670
25572
2695
7353
16003
20471
30548
28033
2011
15640
24498
863
16025
24
28739
5949
15243
17374
18525
10987
6612
5457
26205
5150
9697
26233
11838
14520
14494
19680
15978
24649
21225
32575
1743
16086
3399
22102
22070
7386
12245
21788
20944
16523
1666
31768
2834
31838
17788
27663
10179
1741
4584
7135
20564
32600
726
9643
22639
17610
11892
28472
21970
189
6017
12695
6494
3168
3845
9221
15979
4728
24128
19983
17503
4773
19680
17658
26239
10727
22391
22625
9733
17504
10795
29216
14962
7260
13232
11633
23589
10894
25715
26965
7469
27548
28184
23094
17500
7903
5927
24266
24220
25188
30466
7226
31366
20534
11803
9604
16945
223
28259
12830
26440
5932
26630
10204
5472
14641
28245
31763
24200
6797
26883
12287
22049
31727
26005
27746
19952
17369
23828
110
26993
5284
517
18405
31598
965
10907
15487
25041
22094
11050
13964
21431
26296
13535
8410
21957
6111
3247
9177
18623
31054
11917
3069
18006
189
12512
28516
16450
31960
31796
22201
5521
9538
11055
27992
4671
27610
9927
31922
3334
29501
21171
14067
6007
20108
24095
5347
29770
28271
3236
19210
18419
24409
2935
6680
14198
15630
9953
32388
27003
32611
29679
882
7589
1093
17002
15578
20000
31485
27401
11495
3961
5298
19942
6301
8883
7728
5423
4031
28055
26344
4126
11248
19787
6455
14891
19224
30502
26603
17024
18697
23491
13571
10157
31843
16468
5558
15261
31412
569
22455
9160
26596
14546
27576
10667
21713
10641
22829
28533
28982
16979
8018
23812
5329
3568
10095
22799
25541
22288
11354
8869
4669
27969
15166
24278
2898
16455
12700
11952
32559
17843
23695
24941
7282
23736
7508
5866
30934
9273
14089
26203
27919
30502
10677
23870
26614
777
16009
27277
31974
11484
10598
2616
12646
14366
25503
17618
19976
25638
9215
22410
13969
29622
6158
6238
3417
21203
17040
27275
9717
20180
9039
22344
2836
5306
3098
7859
7079
27071
18190
21772
837
21042
29204
24609
4557
6785
13227
26889
13901
30360
11496
5653
8482
11113
19642
8452
20833
30412
26739
7542
4470
10634
15748
932
9995
10164
16520
21325
14892
17210
23941
25332
14248
9400
3438
12104
12986
13971
25836
16100
2536
17989
93
28216
21292
20469
28958
14279
21330
10315
4101
19604
1185
30850
22834
4310
28861
16575
13576
20723
25036
21665
21110
17068
11992
1561
30331
9877
10100
29308
25833
7625
25251
9686
18025
2011
29941
2178
12223
32016
20979
19191
11855
14539
23741
17381
32224
2120
27634
29825
19361
4493
17616
10012
10857
1694
20893
23547
7235
6385
5957
30819
21802
16673
11844
27635
6929
12006
17094
16439
26407
30021
24589
18041
11352
18180
2836
22490
26391
22369
28786
23458
23131
13060
10624
2005
7655
9521
23742
4103
25039
32066
15731
13936
2872
18517
11924
29507
3679
21314
3303
9788
10717
2256
25704
1656
26409
40
5356
17546
1118
20361
10756
4811
11070
30526
27172
2033
6519
30925
24837
4068
7718
28274
26951
24269
4250
14027
31067
6767
9306
2261
14240
11706
15977
1047
6604
31389
12232
4381
5006
24093
31037
9768
6258
15012
31827
17444
29956
31899
15778
16346
17208
19770
7248
11111
32265
26527
8920
29677
30817
17438
21770
1928
15161
3545
8020
6020
3841
5776
19263
19149
13378
15546
7484
29862
3970
30676
32673
9118
19560
32505
24303
7360
15392
15795
6998
5899
29441
2833
13179
19234
26989
22265
3192
11076
9209
16832
31524
22397
9934
20984
29334
8734
14416
15497
31716
14444
14077
29444
23344
17301
1687
27699
1510
5608
22661
23285
20031
14404
21367
18248
26634
27601
24137
15784
10923
29679
4650
2200
13412
15468
6141
10366
21203
12282
29951
32179
21692
21216
2730
22747
10505
30191
19930
25970
28431
5560
31023
8872
23571
14844
16050
24175
6669
26980
15547
26322
939
1394
14866
25992
24985
8888
27988
6601
3328
12616
21400
25696
6989
2411
23123
23042
30515
12438
24697
20446
2803
27289
21221
5749
24539
27418
26619
22188
22284
15170
16012
17695
24449
10166
25593
8121
19789
19145
1436
10626
13860
1776
20835
6327
30493
1398
18878
11040
18358
3440
4284
21662
32281
18164
28273
15364
26782
16006
5786
31271
24720
15571
29060
20281
31284
18082
27689
16978
30215
22791
5020
24400
22344
13785
32680
1761
17334
21607
20660
1246
4251
19047
17642
24795
8457
16687
10393
7420
31076
19240
9687
22282
11296
11647
14186
32709
972
29213
17129
7292
3664
21978
7710
18140
28019
26349
943
24326
4256
26535
15101
9188
15337
18786
30541
9660
76
21428
12838
18181
2357
19432
1273
16250
25413
12462
17928
21870
8274
24081
27776
16735
31919
11690
32744
28621
27053
26387
5823
5452
8545
5279
10337
18649
10152
4168
13867
6250
23657
23785
4063
19401
794
8110
14154
18849
25478
19912
10020
21209
26573
25189
311
2082
23468
12511
26564
28108
12542
10035
1570
25054
28035
5302
3240
14437
9697
18691
9165
29196
10728
7992
6798
16621
17946
18786
21520
20391
15979
28725
14471
32433
26181
31489
11606
3054
31183
5089
22648
22657
7279
15414
13086
16610
8334
1363
12185
15153
31899
16762
30331
12235
4434
16648
32505
16412
9534
28652
1684
28596
14716
26461
11257
25500
7107
18381
12581
11242
22945
28440
10444
19347
30983
24322
4860
29313
6664
26592
11518
7653
26078
27541
30845
4815
28462
19648
15849
26364
26509
24116
3614
3054
20034
26281
1857
4162
31821
3249
24811
2879
12713
16109
906
26283
1999
27776
12036
31458
28027
8644
29853
12585
4018
23868
2074
8255
21508
12490
11302
22325
18447
802
15862
19072
10820
1407
9257
5965
28654
12693
9458
4372
27759
25542
26488
19824
32205
26008
9341
8750
25198
31847
19006
18851
7200
20567
6043
8515
1117
16269
29304
13936
30156
29087
32099
5520
12042
16200
12407
3938
21163
16993
31104
26770
10364
8716
10080
10123
1035
28467
9393
29836
29802
9521
17835
16382
8495
8910
11592
8965
30911
12145
3495
11861
5069
24721
18350
6983
29213
29549
11764
4907
29838
28413
28382
224
14423
8744
27144
8355
14225
21047
29926
16933
21238
11658
21163
28896
10472
22153
25449
30378
23989
6878
20090
27787
14617
10978
11296
19916
15620
25940
29288
16720
6558
2897
10580
3368
8840
28800
10808
26721
10597
31630
28261
7968
24986
2778
12549
15602
12625
4465
26694
12637
5060
60
22971
8891
28856
20344
19967
25416
3399
15463
10139
15481
31203
3909
24873
1167
8600
32126
14010
12909
24209
31774
32374
25510
14302
5769
29826
2267
11381
7532
32295
11332
12150
16883
10288
1676
14771
28989
25747
21986
5231
1037
19284
11085
16742
5826
25255
8767
9230
7561
12885
13934
20509
2257
9824
11231
8523
3583
1258
15683
89
26723
31571
1159
31058
9835
1698
20903
1809
22295
15142
25539
14339
11181
12125
14452
4142
25006
3604
25952
19570
2312
5072
12300
27407
31373
31597
22514
7528
4772
7685
18132
1799
1087
18963
6991
28128
22541
5592
16819
16346
27632
12542
3858
4491
1713
31100
4759
31299
21491
22457
4377
29005
23653
9716
24304
4209
20028
9955
3080
24509
10721
20378
5684
3718
9958
26799
5572
15785
25919
19100
6233
16150
16047
14692
7672
28304
19584
9082
27742
1966
30071
18398
11411
7462
6151
1929
1730
5450
9413
26123
12360
20435
15644
32115
8203
22750
10818
26991
23821
19764
16490
28084
6977
21454
572
23456
6813
20633
6274
31518
31856
13430
29220
31435
758
3717
8278
11095
28457
17059
17168
2605
28891
2353
6590
24406
23810
7192
3130
29338
7763
13577
16375
7145
5138
16650
3455
13050
21288
27950
27167
8754
32118
28835
6624
8391
9065
14322
15802
22565
25550
21891
4613
30865
15848
23392
28976
268
18880
570
28341
15994
19133
16817
7756
17923
20596
15824
23392
28346
22977
11735
9407
3708
11799
8254
24725
32283
24852
16374
7323
10428
13401
32498
7820
10878
19352
18918
22745
16989
26350
10575
6045
6997
6004
29619
31187
12490
8721
29994
2759
21031
1170
12317
4042
2502
20732
6990
24106
27408
21280
280
19809
3045
13425
25593
6541
11582
4627
3149
18976
22288
14644
9052
28889
27508
32159
32663
21747
29958
24206
1567
24220
13450
28096
17799
22184
12758
11468
11739
20103
21484
21685
2529
17524
17510
15294
7582
22512
8727
19840
3612
8815
18159
18745
30315
2129
9503
14951
19942
5651
32638
24470
951
15815
299
29558
29598
2241
30836
3120
6126
4500
14583
1274
7384
23101
26887
9706
14571
21149
15954
32263
28380
9005
28096
9126
7299
4077
21150
20212
31527
1949
4347
719
29947
13104
14162
14298
29672
6526
9066
15824
3469
11065
11899
18200
12421
19234
25746
21146
14056
9852
19254
26578
532
29121
31564
22818
941
23957
4664
109
22498
22520
15941
10721
21746
28095
27207
8468
13295
24645
19583
5203
14019
17246
23742
16951
28528
14220
30157
9592
3228
5238
9741
4870
20300
6037
29531
32342
3568
27441
5686
22522
26784
6540
28708
14965
4773
16477
16721
22861
21819
6271
24954
26210
12181
9707
9
24957
14370
9188
12162
1580
8975
369
16413
19406
4621
528
11701
11242
4436
22185
9440
8901
26087
17089
25440
7731
4378
8688
30650
20141
11602
24981
9252
3748
2061
17096
26788
21525
7458
30864
30839
24670
22345
30294
7856
8784
14813
666
22049
32389
22497
25061
6270
29171
15426
11775
10432
17090
10075
11617
23752
13147
17854
16109
10821
27586
17458
11741
31447
3365
25848
506
2933
9141
31315
8206
23308
27316
27207
20123
27752
5839
8096
29389
24408
6831
3126
6574
9485
6603
8304
8601
21444
32128
23559
6129
23973
24675
23564
7954
12010
17366
2605
28808
30531
17369
20788
20352
8825
15651
31440
32635
17490
6514
6808
4938
31670
13855
10829
10294
4367
6389
15199
24959
21494
26435
25011
14344
31755
21296
15268
29264
4388
29519
15176
22692
7851
14451
5364
31123
13889
30149
30466
4771
1447
12051
28369
28994
991
8555
7950
24575
31118
14825
11058
29690
26789
28365
31820
20121
5952
11984
17153
10109
16847
23225
23249
12981
14451
32043
29340
14129
27563
13505
7780
27001
11311
1117
13908
24223
8732
32188
9985
11121
16210
31310
5873
1012
12570
22085
1370
28430
5389
25068
17963
25219
30001
32059
32592
23331
20324
4520
2866
17729
11262
24127
25726
18790
1970
18933
32552
20807
5301
12346
12975
22773
5922
23501
6562
24660
24734
9172
2659
4302
12088
24364
3371
27464
29586
8702
29518
4693
16966
31123
29633
1194
29827
6761
28889
23507
15351
13446
19285
25380
11762
25100
26271
6897
2504
25614
16975
31746
15991
8610
19697
3905
29577
7479
21512
11702
6460
21545
13651
31925
17377
15507
13646
31318
22146
21861
7932
11814
16583
31926
4324
21020
21530
91
7001
1999
29706
7352
5119
28133
9709
24022
17035
10703
17354
5814
19146
14772
22134
25317
30693
8874
23292
26193
19683
20268
30530
16219
32367
12745
25066
24365
14812
25
375
15438
23910
6645
1713
4979
1467
28903
1610
10905
5306
992
21953
19024
5498
17193
12167
24922
8590
28828
25185
1652
11143
20500
4109
19572
21179
15394
16168
7316
9285
29442
17487
2830
27981
12237
18053
23017
650
25583
25300
7698
8452
9436
13111
15022
19487
8703
15544
9903
19669
14067
2262
12453
13891
28150
28201
13527
4967
1691
19529
31123
8744
21695
16107
9666
16278
3005
3149
1471
26996
18918
21205
4714
30964
30763
14837
28280
31425
21021
10833
19981
18498
10776
20772
31884
17950
15802
29407
29870
27643
11930
20756
16081
31116
29495
10131
2451
31946
21551
1235
12448
3457
18866
403
9672
25103
19765
7104
28757
8552
29547
14490
13979
5726
25201
4627
1488
10272
30793
4983
19486
15360
13705
26962
14583
25721
16468
18575
30633
368
5002
12509
30770
13754
11836
11863
14933
21983
22371
24163
20205
13341
18897
15322
898
28080
23655
30314
27674
7505
31369
22841
16209
5885
207
1227
14508
4343
20989
38
29995
24080
14390
25908
32285
7462
26220
11368
30264
491
11803
23460
7401
6887
15671
7259
7145
14529
30819
31987
21265
23226
17763
24941
5743
17530
22996
26439
4761
8463
25114
16545
19265
22323
5275
19104
26634
29389
1323
25360
17306
18363
19654
16717
28913
12751
22917
22115
11001
5655
31435
30836
25182
2402
32191
23898
23967
16383
28160
10382
8038
10952
20116
4168
1813
25952
24353
24040
24481
22968
16735
19861
20643
15576
4813
4388
26028
18652
20131
31291
8153
22588
3080
4022
17832
18001
27782
4681
25866
14613
20155
13415
15290
14379
6481
2403
31180
13599
12848
28630
4745
26862
30193
31552
3962
10953
17302
8434
6595
9238
28793
11307
11699
1464
14467
15745
11416
8848
32414
22914
16600
4931
29037
19100
18493
18238
26682
23098
14481
9976
3120
9520
12907
11127
8650
3929
13896
3862
1675
6782
12253
31621
14064
9338
19372
22801
28835
20636
19158
8998
17649
8269
18736
26130
12158
32499
10648
18955
1335
17685
7306
20340
20361
30399
29934
8284
26576
16680
16180
6984
26387
31634
20131
31538
15854
12146
13550
16593
2255
27601
22537
16667
29798
26610
6714
32009
18006
14645
18547
9882
24113
8251
17119
30490
17059
12619
5051
15012
3821
23540
26727
13542
21653
5620
8381
17188
17756
11609
26785
24447
14705
1510
4057
27000
26084
17848
5152
22448
22365
13610
4469
14065
1294
22005
3257
6770
4070
30108
19577
24919
520
16135
13321
30072
8827
3949
21714
26467
12579
4728
10732
2980
7920
27044
12784
32068
5717
25321
23303
10639
26620
665
30023
18714
12216
25739
8000
27141
17851
14457
24785
28542
20489
23975
26689
10886
2092
25029
7562
28664
2345
26391
32760
20423
14772
13779
499
20871
9888
31947
22297
23087
24985
1355
26769
7965
14357
24133
25499
19034
22152
17067
5739
13344
11223
16157
3895
21913
8464
23236
12687
22762
31064
18302
13805
27248
28197
23867
18317
12105
23469
25767
13438
1303
4510
29961
25594
28416
7183
26986
1779
21498
6326
12539
14062
29253
27740
32433
30484
11320
27791
7218
19334
4673
20887
25588
23282
20008
1195
9891
20068
21395
7780
32708
25438
31183
10609
23961
25642
25293
32141
16452
31343
21355
18094
29742
4099
24821
3199
19370
12800
6124
19985
7126
10778
6
1485
194
16943
8565
10670
11477
26144
28524
31661
18284
6112
15328
15996
7875
27082
6284
8822
12569
29496
18743
32471
20751
29521
11065
11048
26962
5666
13884
3326
9081
4081
31296
11748
30257
717
16098
28054
24215
25194
10205
9328
18661
18988
721
18981
27729
31106
8771
29876
7730
27253
27109
17304
24677
13953
28696
2879
12015
15779
22704
21694
20707
17331
19703
1475
12423
30708
13556
17611
32434
6890
5613
28053
9592
13931
14890
10710
19977
7161
1532
558
32215
7503
7678
31579
3831
13114
17051
5037
1994
1706
1232
13497
5596
4105
14387
27986
12300
16587
17973
1973
9198
27463
18084
20484
4717
23749
372
7926
8117
24024
15806
31948
23120
3310
521
28807
7566
18213
10697
20312
29483
4960
29733
8280
14380
17307
28669
26745
2314
16507
26924
29372
14610
13097
15114
26789
22796
353
11317
20205
4379
20422
14226
14966
20964
32377
26254
20868
8434
21481
8362
27945
1113
18925
5174
28417
20890
12560
7260
7968
25543
7723
18529
9801
31976
22074
26664
30816
22172
11368
16888
17186
9732
1644
21886
13588
5852
31512
20502
12473
491
16175
5702
16392
25246
21624
1675
23581
20464
12048
22873
23855
31884
17668
16989
9922
566
15391
14085
25630
31847
10753
32322
26879
13879
6769
28045
2702
28544
20469
30504
1168
32065
29343
28070
16094
18752
8489
8365
1813
29940
6213
14075
4750
9121
25646
27047
23697
12229
20611
1193
13509
20403
2645
20637
4587
28030
10367
18884
31948
13848
3637
18508
10096
9147
23520
32209
1169
1928
25129
27683
29519
22127
19284
14666
21286
15694
28368
1223
5148
16477
780
8733
5951
27081
8588
23696
29518
19359
20795
10285
29111
22764
2819
25610
22465
23075
27803
4559
20491
190
3488
9845
2101
24104
10984
22606
22237
16859
7187
3654
32205
17093
18274
21608
23666
30705
1997
31140
9873
9315
14671
15055
29493
23108
24453
7915
14316
22847
6775
26793
1074
11306
23990
16684
4398
18921
7591
16
31132
15759
26398
13483
11787
6599
5422
21650
31048
15219
6464
13151
10522
8082
2403
10162
12079
20583
26851
374
20055
11736
24349
13670
10224
5396
20625
25039
15777
11128
3641
4247
15180
20660
3866
23166
7485
31785
26648
20388
1704
2454
30222
18764
23634
14580
28190
2271
30606
26014
18502
18484
1387
14517
14388
7950
26156
23235
10332
25062
8440
26782
27463
24043
16339
12176
5934
5704
10189
29876
16327
26277
16761
19363
607
12016
1441
16464
6185
27741
16952
22577
25302
25515
11152
11936
10085
16554
3534
12416
27453
20218
12954
15139
10105
12309
20251
8811
18051
12943
3618
25136
8164
11933
2725
32482
26202
3029
20080
22896
15403
21556
10519
31336
25018
30821
29487
6239
12888
10560
4541
23955
25436
27282
19951
12495
14710
17180
21770
1423
10304
11742
29860
30565
4118
12437
26387
13467
3624
15234
17445
31770
4813
13933
27154
12938
12827
24298
29358
21179
25268
23515
2275
15684
7906
10806
12895
11114
7143
18184
24970
18755
2958
15034
25531
15131
7174
27027
32683
4630
10736
19839
22570
29719
22711
32015
26384
31457
1312
9152
9335
3708
17954
20352
11815
16091
28663
14190
850
24763
19827
24546
10370
29134
917
16301
18383
2073
21340
19106
8533
20634
11739
1365
24549
24879
20112
1570
9723
25011
20466
1905
26352
20586
28233
28473
24689
26015
27842
28611
18480
23179
20675
9649
473
6009
26492
22334
29000
3368
18879
14535
15609
15729
21009
23179
5312
14121
14593
9135
20666
2377
19384
32389
31875
29004
28882
6669
8873
18649
28524
25788
27745
30370
11390
9341
27001
26252
21100
20470
5262
19728
5847
3340
26495
14817
4793
30889
5153
15823
24753
7100
13621
10219
30107
12674
2967
7660
26468
8965
7096
5073
5660
23522
16205
26312
27469
23630
32585
8015
9100
11355
18953
7833
22093
5240
22991
15155
12284
16183
24434
4327
4681
10324
17748
2017
3779
31986
7827
22288
28584
20775
5764
1487
17147
20155
29789
12485
7128
16685
1841
5641
32261
8951
3618
11402
10185
4115
28882
19119
11777
16830
23578
8250
7792
30588
5887
1906
7255
29020
9185
29057
11077
24445
502
29211
7217
27345
8951
11872
20678
15137
26905
13060
18686
7762
16703
30125
12018
13542
11630
1436
21745
18374
21377
12176
22991
11070
25630
6375
26495
21321
28136
5639
16356
32015
28918
16380
3045
4524
18053
3426
8384
9779
12521
29318
12192
15602
10186
19656
4977
11256
13452
7492
12531
19669
29455
22193
7437
22945
2713
17032
32101
6976
13072
16745
22317
19683
6765
27324
16448
22738
15981
20372
9837
21098
3721
25816
8466
20833
27177
22692
237
4690
20245
22253
4656
117
19500
356
17619
3245
3160
7837
12078
30153
3521
17521
7879
26115
22849
417
11113
2509
19993
19131
118
974
21986
11842
20605
25127
5318
5129
9999
30970
27119
3040
3279
17965
21568
28530
12745
17003
3907
23406
4613
17260
31843
17381
18523
21367
11356
10228
904
8741
7407
10402
20866
29287
32474
1803
13577
10698
6151
19903
14719
25850
5636
10597
30969
13701
25779
13476
18582
27874
23875
15171
32528
6322
24926
14478
2448
5189
13988
5372
17095
21344
13913
26384
16442
19006
9562
15229
2525
5844
18518
10381
28644
20314
2106
12483
29398
6662
15085
14528
29155
29211
25662
5219
4983
15906
795
28468
7183
7031
16131
5123
10060
776
2493
22476
30533
11098
2379
11230
20002
19405
24090
6972
1511
9504
6523
14148
23181
29495
30807
14222
6743
11292
13853
20759
12387
12357
3072
2207
15744
20501
12384
1103
13119
19108
27269
8351
9549
10691
3731
19575
17663
7995
30138
28820
15151
18262
18094
26158
21575
29857
8791
16600
12955
26863
2249
28583
31484
8097
2678
31126
12169
3365
6562
22825
11465
30653
4120
15185
31991
19842
15644
9616
30109
7080
4000
18269
21349
2819
12475
31434
18475
1482
8790
14436
12118
27292
13865
603
23657
28864
28902
2787
14293
8625
11699
6617
7698
3034
5598
30122
13549
4766
16588
21361
11044
32667
4147
4703
5680
14640
7305
18016
25186
16956
17853
22011
2353
26409
15396
12154
467
15402
5558
22860
8202
20672
17274
24999
21825
15491
31551
29042
2007
26911
27021
1633
29883
15773
16347
6242
20281
3812
29442
11832
4883
31103
15858
9573
15572
2208
15524
12622
23649
20069
13136
21914
13777
20827
21983
24539
25726
29505
9123
9328
13404
13582
11078
682
9610
31797
19200
29741
20007
15655
16653
11161
3687
12057
8287
1642
19174
27912
32144
22045
8508
10235
26650
17557
19153
20105
970
22460
8691
19866
22130
22637
32037
20082
7647
8338
21690
5611
16906
5257
26275
26881
14226
19405
19590
6804
26218
11474
14352
9834
26831
48
18827
32116
13950
16132
13491
26450
4131
8339
10181
7448
16148
11057
10458
339
32063
19554
23923
6471
6498
15422
28757
11131
11130
12314
2455
10104
28029
8292
3321
15053
3147
9679
4727
14166
1250
12720
19742
11966
25042
9640
21535
26435
27890
3716
546
3513
10576
1633
24284
18642
10606
532
18148
4508
5547
3529
17858
30027
30463
15593
22089
9273
6635
20802
32040
29227
7600
23906
29115
11222
960
26179
18727
26018
21362
18478
22437
10157
9721
25305
15390
6931
11927
20691
18937
7277
4878
11809
17713
22423
10328
12842
9386
20663
26519
8400
20165
32378
12111
22240
1074
22945
9427
30124
27909
1469
18941
29174
31756
30518
6946
2576
7264
14994
18757
26434
23867
16628
25739
28268
4105
21987
2799
1004
3266
8781
28471
18114
4214
24780
19495
1778
27178
10023
6132
31530
27106
26908
3068
31141
17919
6237
21683
14415
27339
1496
32225
22570
26707
26683
28427
16368
29301
11192
3118
2554
10041
28422
20148
2400
3941
20904
27296
10850
3403
30577
21516
12807
11750
25928
14549
8451
4133
6953
17045
15838
22151
3948
13521
2643
22248
28490
15220
10231
31899
18589
32124
28699
4280
231
18420
17138
23735
15766
25890
20983
23358
8582
29697
27017
27448
968
21490
32216
14631
930
30894
32517
21179
7638
14975
14469
6307
10023
30384
16327
675
20506
5185
13846
27111
5626
16608
25024
19863
17694
31253
25208
17835
28783
14013
1273
6145
548
17593
31212
9132
18896
12007
29708
5776
11167
16209
29064
8492
21724
29093
13480
7350
6583
27110
12212
22381
24646
17248
26642
31531
15561
19425
5294
16953
9010
32550
31647
28264
20965
22164
21255
13917
22972
16681
10554
7469
26446
22449
6179
26666
12657
8509
18404
9980
12541
31697
1213
499
1491
32093
27695
17051
11550
24814
30049
19089
27865
21542
22722
27798
6290
14570
6896
23522
4973
12122
16089
9658
13163
31750
25376
26949
27116
7774
20162
16796
21875
11115
12537
5664
8362
16573
6240
17680
21158
9125
25944
23643
29803
24740
15275
21682
12211
32546
14192
738
19179
7523
26927
13153
9855
2232
23877
9254
8023
9714
12937
20670
31394
15900
1071
17565
16082
874
10989
26546
7655
25196
6493
31038
21745
29575
22435
11493
9424
8358
25167
7686
18495
21293
28805
3400
2833
15919
25947
7285
26297
6368
28802
31884
18448
23885
8745
16913
25171
24394
30238
21416
13163
20396
6710
9954
7538
32697
29680
16215
14706
30941
10581
9205
18288
15519
12578
16023
24489
16594
11817
23001
18715
31760
6645
12587
6471
5732
685
18213
310
4679
24634
30235
27578
462
17580
28400
20726
7201
27610
6703
25376
18223
28233
3927
30854
27040
6992
5751
22223
6411
15993
26619
17284
30826
21545
7878
32207
23243
29060
4225
1410
32328
25483
50
21338
29496
18823
24336
26246
935
11947
3990
19299
12036
26357
24278
32650
3610
13141
10256
22284
13122
28945
22147
18172
23254
22632
14723
14638
32744
3702
24268
19775
10548
3671
26390
10965
596
11663
2281
18728
5427
16297
13747
20418
14276
7455
5400
29827
500
4474
19081
31463
24541
29882
14616
14476
5180
29688
14730
17134
16165
19786
30382
10869
15605
743
25582
26291
29065
18828
548
22502
21421
13854
26287
453
19671
28304
14533
25465
16662
25095
6410
4329
21317
19516
10082
28986
14724
2082
6916
18070
13801
30154
8401
25389
1906
30595
29667
12154
26430
19013
25704
26056
26109
15696
16561
9972
15782
3344
21638
19572
27496
25924
29373
7064
9698
20063
15627
15888
918
2606
7705
9135
26011
9148
10714
12655
31379
13939
22557
25012
28125
12419
19806
14805
5900
5256
9698
14552
15767
32359
30467
9085
17617
28536
31432
20863
21532
9707
6584
24598
20314
868
18160
28096
13221
18153
25204
17217
11328
7678
5571
3560
29645
20750
24238
3861
21952
3853
15465
25848
25619
7260
13027
20635
13628
26861
6227
7459
15964
20903
24851
3155
7609
4364
23986
27729
26990
8985
8005
15021
22113
8301
30205
30879
19318
21678
15871
5264
13570
5161
28271
3292
11395
5304
7886
12247
18574
19945
30343
7438
10504
9308
15044
27599
5017
25709
28294
6891
13406
20499
14581
11706
22238
17416
1525
6752
11072
14379
5369
27983
27579
7970
27164
17933
30285
26947
21870
4408
11952
11957
1163
9159
15498
17618
21107
7058
31204
17104
18837
10517
9693
14753
3117
9840
12191
8983
5840
8115
11667
19532
4421
12377
21713
16193
8599
23058
1243
28613
30056
14534
15242
12185
30088
14294
1352
11729
22471
11429
15744
1405
775
31319
13139
8073
31125
8920
1677
27618
15801
26912
20695
13786
25739
26806
28462
6094
19209
18035
32659
20998
8551
24201
26372
2268
16550
5060
29612
11809
32360
9231
28503
6588
29443
9785
13864
5524
26068
5369
9614
24753
21462
2864
30580
28062
17522
5487
23992
24593
24729
15545
29151
3533
17
11914
19719
1736
8460
9751
23580
26761
32255
31448
17487
213
13745
30788
27588
906
14739
25308
31371
22475
30287
20074
26578
16477
27299
10635
26457
25425
8304
8811
19238
29924
15374
18640
11641
2467
5603
4442
30466
21459
4660
7689
5458
20495
11066
28671
30096
9523
24953
26247
5997
15225
1613
12119
19545
20194
5318
3090
30456
216
3253
4369
24271
11537
1031
16739
27716
1462
25170
11282
24773
15045
31406
28328
24391
12468
30662
16626
22770
2647
20015
28164
12826
2563
10488
24189
13170
3572
1154
6157
7036
11244
27537
22068
25668
12317
2724
8268
4430
841
3458
201
6605
15400
31510
16832
17173
24586
892
21158
32595
5821
29788
15195
9340
21937
18295
16486
3971
18010
32639
7299
1999
27606
18220
29531
30444
19408
1676
24978
18561
7844
25243
19974
1666
19139
23315
24662
1446
12122
31365
16546
13852
558
19625
1170
27770
17610
3827
28058
14070
5341
20326
23676
4824
23518
28077
7694
5679
8689
12904
30013
25027
2062
28868
1618
28492
11616
26190
1908
4065
1003
19721
23150
11955
22642
21437
29619
11259
4504
28819
12959
25649
27205
16863
3840
14207
11083
28989
16341
9589
10314
19679
16214
20734
977
2853
20532
147
32453
27758
26657
28334
22279
12079
9107
32386
31057
2626
9925
10473
2657
8576
4095
13726
2906
10385
24344
5292
7527
10243
30265
27686
10401
6298
6115
11801
27187
18663
1588
19135
11707
16668
10086
21237
13812
6431
21400
7919
6291
29917
12241
19755
4462
6881
14914
11683
4323
22821
27595
27975
2424
11304
4801
5546
16575
23616
19183
13564
10109
1330
14042
16952
32010
15360
24138
4510
16891
18178
22021
28004
15871
7224
5342
9897
7431
6623
6638
12970
26538
11586
18466
10296
23239
23507
6902
12650
25196
25210
6271
17807
15350
24365
9391
16230
890
14529
6613
9106
12388
14592
19043
11080
17758
3323
20468
26443
14196
8098
19341
3866
20597
657
31523
20583
4252
22829
18526
13004
21359
31216
13469
25530
15336
14849
17978
32434
11219
5896
23311
9655
19063
13120
1081
32259
24184
22478
20251
25849
32508
29009
8102
29019
24589
15034
32728
5309
15935
2654
2179
28985
11666
30025
18256
14181
20377
15573
17923
8322
13532
14972
5889
22774
28028
15851
2831
28413
3349
4439
29788
6555
9704
6164
6850
27605
32570
15204
17737
18464
2807
6541
31981
10266
24219
11054
27809
3192
13138
21202
659
10559
12638
2758
14002
8760
2746
9512
6766
27549
10493
21057
5566
8985
29312
24853
30056
29936
27331
28215
11901
24953
12813
29922
31522
30421
10323
30278
13462
21211
14171
11040
3697
338
2082
29581
5930
2659
10106
31008
8668
17741
24055
14130
32074
17243
16140
23929
7200
26388
13170
16605
4732
31665
713
20102
3244
24788
8322
13626
9018
7798
16380
14566
12325
29985
29677
25722
2418
15968
23812
3578
17635
12661
11213
24786
26887
24649
31188
25195
12147
169
15885
9467
15438
21934
24691
7329
28435
19837
12528
19121
12434
10033
17789
13133
25144
13590
906
20789
21137
3864
22688
31711
23307
18811
26181
29643
2813
972
9504
2321
999
25623
17245
4156
27388
21082
16979
6490
5085
2106
5988
7508
18600
18677
21541
5500
21297
21912
6591
12645
11151
29042
23446
7927
28635
2760
13608
6338
2356
23498
22327
11923
8710
6086
20522
31813
20876
30876
13233
17114
8340
16498
26024
6091
19331
936
3134
7835
26008
20238
27990
178
16757
32341
15149
5993
17115
22212
5181
31842
32181
14892
14946
29722
18008
1566
17724
26305
5897
29531
21460
23369
28351
2444
386
10429
3371
31540
8718
20948
12278
32226
2325
16070
13642
29355
24750
18782
18323
29399
21326
20304
30343
5339
3305
16078
24932
32136
22362
20822
22136
4481
22021
26830
3047
23282
9403
17106
21929
30591
24030
30285
31954
8827
19397
28486
7190
12123
18785
23805
9612
2154
5665
17975
30130
1470
8468
14294
6066
12394
3918
16812
7907
17909
396
13713
14739
4107
23835
23731
24836
25715
7157
5934
19124
24897
26670
6621
32481
14669
1678
15983
14413
9443
21632
6589
28991
19132
23850
19546
16842
13613
18910
16748
29521
10143
12721
20411
27979
26687
3177
28936
24388
20983
19613
928
19492
17052
25879
18993
23220
14697
15741
7643
3934
14764
23089
1674
21301
17855
15221
11652
27701
1594
14291
24126
19147
29031
21948
2420
20632
1782
26735
32376
29810
29682
29724
20171
26539
13044
7497
4074
8342
31895
10102
28522
28232
7211
18172
19783
31132
31918
19003
20602
22394
504
24052
10697
4184
565
28916
30947
16640
29592
31475
1964
14484
8782
10939
20438
14288
689
16269
32433
13712
29631
4544
27460
19602
1482
3755
12956
13948
6512
11205
28260
30753
27342
5387
14774
8960
23793
6818
30769
20493
6541
8638
4940
14261
22770
7362
8681
2844
26171
20137
11822
29353
13257
23972
3472
21956
5104
30980
32560
20446
27119
5723
1131
30386
26406
2526
10156
21963
10371
32270
9605
17223
18494
3736
11263
29146
14278
2681
9262
25622
30203
8549
14856
9449
30109
106
5751
26983
18436
8657
32684
32713
24594
21573
21431
12214
359
15671
4436
28610
12243
23168
25352
5173
13073
18248
24685
23309
690
18471
31178
31046
11863
25227
16871
3416
5667
858
2592
6914
1904
30936
1207
29766
4545
17354
24943
13237
10232
988
6230
11244
25034
832
22242
28767
29039
9624
17215
23381
8606
15894
2536
13620
28600
4321
26997
24831
5700
955
12467
12829
7067
16866
25338
20316
14564
22323
30395
18229
11587
1685
25177
14674
20814
24469
27450
14669
32449
22350
27421
20155
8306
26764
32686
13929
32391
32561
22615
18661
6886
13015
5722
10816
12781
5302
29469
10003
13156
5320
8388
25280
18351
16940
6405
15098
13640
27337
20024
1160
14957
24115
29358
1349
12054
22482
19012
20332
810
21569
14904
25106
27890
22004
2875
13044
23502
23838
4551
1395
807
5841
12466
13021
4516
1895
27140
18414
26785
13346
29190
7063
26589
4111
30875
17149
8562
12336
7379
1733
2571
2777
16062
15759
31057
18011
9086
12224
3750
23264
8096
26757
19990
2966
15277
6165
2442
31504
1787
27446
27199
24297
3273
31746
11895
5802
8075
16363
28527
10733
28291
5885
912
29123
6545
24675
20713
29012
14156
14381
9181
8645
337
16976
24089
13663
6876
9966
4554
5613
9621
9176
23820
8805
6316
22354
6565
28619
3623
10262
13555
4435
31355
28315
17443
11206
602
17302
10404
22566
25293
6082
22747
6549
8066
30940
8473
27251
27495
10226
28874
9415
32632
25822
2031
18912
21460
4878
6350
27964
28439
7046
12775
18088
16356
12327
1067
12201
13505
21553
22889
4123
1576
19975
20233
32280
26330
26162
10492
5403
3703
6057
20723
18533
21068
5455
21967
13472
16492
18622
32601
13507
28930
11843
18996
15925
485
12841
24592
18485
28781
29499
24607
17017
17798
3716
3021
24341
18434
22617
11180
13215
10548
9882
16557
30097
24506
4148
21910
21998
9370
17898
1200
16425
18065
26710
1472
66
18343
32554
22585
5170
30983
30140
23984
11401
2318
16578
30864
8278
14242
4441
783
22599
9413
14669
12897
29969
28009
9364
14891
13586
2694
3099
17466
23861
9835
17862
4213
10519
23634
21938
20752
1640
5686
9405
5891
8083
31977
72
25275
31137
11873
18235
11535
10586
11858
26698
31861
25518
17667
5495
23158
27988
16474
20696
15711
11697
19256
13979
14906
26875
20237
10311
4860
26014
5027
15684
29952
223
4414
7326
31668
30399
10471
9222
19347
24866
14085
26
22867
12848
13357
6630
12639
11772
22587
32170
21383
10083
29602
7901
30454
1080
29440
7539
19045
19614
16630
28764
1167
18868
31286
6477
22757
30584
10205
17858
9346
19941
29700
324
26465
9567
3217
23783
24014
14929
10323
12312
19994
5141
25167
22165
24211
21268
24404
4029
1971
10798
29142
25354
30360
1884
12281
11740
29620
12179
12267
15992
8646
20972
24183
8272
10505
22019
9175
32133
8875
27036
19146
14762
22656
4493
24039
10699
11512
16856
28465
3501
16207
16663
32235
11864
8195
23325
28334
17875
10635
9946
18872
5167
20806
25471
13191
17862
1202
12515
21415
3781
26334
10021
7624
8168
546
4500
12563
22661
16909
20683
16830
22988
18847
10272
16606
24397
31160
31296
13949
187
15313
14611
493
16623
25834
3302
29787
3631
17603
30408
31143
6065
13647
29236
17268
7259
15974
23025
10875
5837
8634
5175
14884
27297
25356
18963
6743
30449
8352
11788
19343
12826
20462
5639
26929
12992
12954
27752
26141
18963
6054
15482
30594
4944
15591
24081
8694
7306
25781
1134
7366
3242
29671
13410
32650
27317
11263
26039
28157
27213
21921
21451
13836
24955
28490
16766
5165
19371
13374
13390
4594
32248
4034
27329
13022
28842
20620
4612
25463
16893
12408
32465
24220
22053
1148
28053
32025
14478
10462
3539
9081
8808
32164
23747
16924
19043
1869
4928
7049
25015
1982
10977
17668
25192
9087
15973
5476
4808
26407
18772
30239
25149
16661
2787
19111
836
17249
4120
25081
26294
16914
10544
9842
31819
8594
20030
32741
23644
26975
14100
7148
16109
28418
10854
4219
25578
11589
18477
3259
20657
7073
21322
3093
1745
6646
15980
16268
6161
17535
51
8529
15285
17412
29334
26257
18684
28241
16770
17298
15085
19176
11459
13822
8531
20467
8488
18815
8967
27516
27874
2699
30061
11488
4910
7042
27969
8833
820
8182
3220
16316
13870
29257
12817
24347
30924
22398
19845
13515
25559
9545
15775
17744
18454
3688
15092
13431
4462
2358
29765
140
25932
1150
16389
32206
72
24205
1814
9760
5890
21131
19668
4353
15952
20491
30804
10174
7836
28896
17133
27110
30343
306
28664
22015
12498
19922
12757
19063
4479
11467
24623
29406
15923
29754
25472
5458
9695
21343
31191
21562
2975
16883
14553
14391
14563
31164
28933
5719
6860
11872
22077
9868
20185
30583
4482
24157
25282
8419
8192
25564
19364
21860
9034
11480
22623
22375
1766
7763
9020
15391
7948
16438
18132
23767
9387
22852
23085
29319
12973
1869
30757
4005
10364
10148
22036
27709
5573
9171
11693
14404
4988
30348
32293
26666
11808
31971
26776
12206
17728
26555
11176
7926
1086
24958
615
5599
22611
15378
27255
402
2003
15112
5487
6232
20146
19990
2433
1967
9288
20423
13658
18589
3665
7281
31562
3652
9528
5480
30629
695
11669
25713
1641
17932
27380
4985
19488
25522
4056
19591
17928
12805
28415
22000
9586
20512
20968
7882
31336
13810
6291
28578
29074
2709
1672
4978
10587
13530
24858
3277
25167
23081
17133
11101
3783
16264
18614
5519
1481
16633
31554
6797
23850
21257
6842
24685
12021
17062
12069
17063
19985
10033
558
29901
11805
15060
26151
15734
671
3350
28239
23932
22878
17324
31824
30567
13324
23954
18188
2856
25896
11355
16025
23051
13347
30662
29066
18151
3266
32657
22385
1687
15811
20370
9378
13486
2755
6659
2873
8295
5471
3102
3422
26075
24986
20714
17607
10103
31102
13908
17279
31660
29703
10369
29158
25320
25404
30563
3578
22982
28063
6794
12244
23426
5831
26429
30581
26799
31564
27850
18371
26156
995
27418
13007
26708
21450
6024
31577
15989
30311
9203
20374
21123
4140
15378
8497
12558
5821
27912
16015
19826
21589
11065
4439
22094
14950
27227
9778
11831
18303
31696
25039
23725
1139
10035
1835
2893
23736
12593
29455
25417
22029
17562
12506
24342
27487
29111
19584
25700
3822
14303
1491
14931
6060
19781
18689
12260
7653
6420
4190
1709
2853
5054
4964
30162
24919
400
26360
22832
32042
15243
29423
24795
22457
31343
24785
21707
2922
22552
26589
16594
8214
31501
6733
7377
25195
8279
6107
17708
19087
30607
18819
22395
13830
1339
2699
18307
30934
32603
25281
16484
2537
22590
13828
9747
20146
27546
3333
19211
18964
476
23375
11840
12927
7613
26245
21845
13148
18454
13035
5902
23979
19957
6440
27144
3050
9456
26955
2984
15673
27065
16139
4945
11197
11507
27475
17882
8770
580
5886
15679
21796
1452
735
14486
17007
19221
2308
10309
23877
27691
17211
19059
2176
10349
31446
27580
9369
19332
17836
8233
13513
19924
29792
2143
24429
25426
13798
30486
19887
27797
5186
2765
11875
32303
11923
4028
24623
29245
21585
15883
1775
14397
26067
10305
4183
22304
7700
28159
27610
21920
10678
1774
31179
31956
12103
14838
30147
10498
11460
5297
24642
7348
20059
30495
11161
2574
8821
1947
12295
18014
20212
8973
11042
23541
11193
7522
20088
28214
26218
26169
8567
9196
4978
26079
14986
3041
20553
9854
4997
12204
23285
7569
32067
18634
17105
10651
30349
19440
5773
6169
27198
16032
13174
18357
6309
2811
6647
15036
12331
17878
27488
11730
22838
6927
29927
1765
14669
21537
27629
12383
12668
11511
16258
13472
23546
27390
9002
11691
3337
27262
14049
23839
23326
5674
28766
106
29250
31990
10645
13625
14008
31272
30847
562
31456
9138
13341
22502
19547
29375
19131
7681
7280
23180
19826
8388
18350
16761
21744
29366
16595
4192
9084
5782
25325
19493
10292
1427
11967
28046
18329
26048
30566
27477
3406
1218
16957
10876
11037
27339
24061
18657
26939
6605
29993
30226
27597
19687
8105
20066
29098
19492
14260
27709
28771
10340
30196
9144
12673
29594
6373
7276
21773
18744
7039
15749
23894
15080
16148
8214
10222
30077
27771
31664
30710
12841
12398
16690
30107
18416
22321
22498
18145
29020
27508
12477
9632
6771
7291
9228
5835
19174
20348
19768
9976
139
24649
22751
20509
3597
21806
31015
27800
20963
2589
29779
23411
22910
5896
404
14821
17607
30095
26657
22044
32200
10715
5257
16185
6313
29386
6216
5789
28639
17740
18329
1635
20640
5901
27020
301
19354
15444
11864
12068
32228
23851
24562
11322
26165
17856
223
31667
6740
5643
19782
21731
28879
5297
21065
11577
29424
10536
3989
9084
10989
16668
22328
12373
8799
9490
24500
16398
9461
76
15441
6553
7018
8172
12215
14036
4788
11612
3259
29195
17279
26604
6522
11454
11737
8637
10404
21413
7471
991
23835
25586
10360
23990
19389
21974
688
930
28541
4166
12168
222
9145
18943
28764
8361
6344
31688
32101
4772
30418
18423
24368
11900
8932
31542
31822
6856
23107
2695
12110
23349
6145
12934
30952
2528
30927
7150
8827
16387
4370
10591
25786
29140
26937
21087
26273
16810
5197
12190
10415
3682
5321
7294
12367
16641
941
4562
1943
7578
11726
7654
25908
7027
7024
7617
4261
2147
13846
7078
22184
31614
153
30433
8690
23285
5496
14528
3107
31031
24431
15071
31481
3420
16459
680
7620
2756
6652
30235
24346
7163
28140
19915
7883
17632
1679
26665
18455
28679
24380
25093
6175
27483
15931
6226
10394
6152
13599
30506
4809
20888
31573
14866
16045
20571
22270
382
12919
2829
2042
24984
30272
23475
26949
20029
24570
27590
15495
2120
23463
11155
21478
28692
969
22754
3615
24892
7705
22742
22741
31653
20603
26900
11561
32191
8754
27687
14986
5127
7504
21796
13262
16849
9329
30345
29314
18244
20649
14443
25727
10406
27579
31185
30654
15066
23180
8539
30830
22822
3031
8487
5443
10298
16161
29172
32272
2670
14320
18824
20632
10572
12600
4176
18338
14414
9494
23111
24651
21736
15552
26392
27040
10185
31933
28039
12908
11103
337
13837
18767
15257
24380
18626
784
21232
31908
12929
15156
6312
30287
9542
720
9299
25877
30682
12699
6808
6037
18611
3399
1842
5160
18453
31506
6203
30483
28030
28568
7851
257
7233
4331
30748
27056
31601
16101
17872
19178
1280
30141
5364
14263
4136
16089
23590
21457
23306
9187
29238
32600
22422
22559
25129
27335
16298
3068
16516
10023
13438
7913
26055
1666
27967
9065
12855
24731
14586
26986
16096
4060
22460
723
8155
14992
28408
30300
7117
15442
7464
5282
31920
17349
28855
9083
24022
30854
17951
21382
6954
15711
20815
13319
17850
25278
22095
6386
16754
23909
21798
10054
28714
21858
11516
31644
3556
8514
31356
7936
8782
386
13692
15871
11151
12358
20960
22017
26175
6477
26555
19674
22199
20005
9912
9883
30604
2715
6329
19886
12630
23926
30653
8482
32694
18789
6919
15683
26519
29237
16253
12910
8883
10823
12110
7715
9305
29762
3287
23132
23406
19717
17608
14109
21939
20960
27522
29261
10309
5891
2500
25028
16746
16950
7303
933
1930
15819
19494
26862
27004
6097
7874
11853
17412
24971
10725
30518
16537
8993
1893
7986
4459
14228
4492
5498
11940
9463
10869
5828
30958
17629
4793
14685
25910
20750
4940
32632
5552
10366
32417
25542
1052
24703
19733
5190
8519
30261
22666
20319
3540
13386
31570
5932
20540
8420
5712
12055
11284
2004
16985
6057
32399
29969
12512
31904
17475
13156
32723
18754
11312
9060
1216
22258
23550
32421
21308
27137
18822
23341
645
28870
19860
807
30310
14577
21483
29916
12123
3868
19594
7902
26102
31907
16942
11398
30081
6070
14872
30369
23013
6572
16656
27751
17611
12186
18858
2221
3584
14629
16328
10075
798
27028
30048
20255
23145
32554
19584
17251
19703
1202
17039
29309
7188
20827
16597
5158
1508
15046
22078
3118
27978
11614
15962
25966
14601
7912
22953
30973
11817
3930
31510
5543
18845
3057
11969
15258
23842
26750
24065
16483
29546
8961
29866
28441
16250
9592
27531
30936
6993
23033
23611
18801
22986
17663
534
5216
28611
6658
19586
11775
14463
32330
26231
1273
22857
28164
22334
20480
2138
30614
8312
17347
15101
16688
32099
25882
32497
3235
10073
19332
783
11639
17305
26580
4908
9527
24138
8999
2881
23056
5821
27161
1482
7067
24819
30777
18795
27126
95
30650
14809
13081
8172
18795
20472
31335
11074
2281
23873
7812
19781
8466
7783
12647
14303
1214
24890
5808
6400
24490
16843
23611
24803
21429
17105
245
15762
5711
17739
7662
28588
558
9063
9648
23654
28994
29347
11728
208
29420
12594
30402
10842
12907
25249
9713
6294
8599
24506
26127
27711
15313
23977
25002
1915
30010
28765
19457
17245
10787
3121
27669
7854
8901
19148
24067
18925
32562
30533
32400
13460
8076
9611
13574
32669
23669
22789
3903
31045
9158
32373
25599
1552
19844
15650
28551
6925
15632
25398
7782
11611
8861
29029
31379
15084
28903
2511
28345
20617
23331
17960
21458
12566
28465
14614
31991
536
8217
7898
13686
8564
21685
307
25894
2169
20139
21119
20215
24609
32159
17444
7629
10900
4774
23598
13199
9710
26621
3642
28282
19522
4347
23442
22716
5343
9796
16025
30270
23250
8768
25962
9409
3244
25035
32700
16940
2437
7470
9225
3364
20288
27982
4079
29662
24081
12580
18390
17713
30013
26477
22995
30704
3361
20643
18380
31862
12918
27947
23773
19586
9939
11216
29179
11590
27251
23664
26071
22458
4921
15093
19461
31542
5361
9863
5982
20032
24281
22785
17315
8611
29280
12961
16995
10689
22317
28163
12062
29225
4195
20560
3754
12140
30500
10675
7638
25389
7764
14860
29518
1656
9119
19945
30910
11861
4541
10162
32570
24220
14324
2339
29406
32522
6879
28927
29105
9877
25199
24835
18895
12541
26927
16409
8904
21156
20684
11471
22083
7839
16340
21511
15335
13069
11454
8176
27771
32679
23083
21301
16459
23193
26731
25716
3278
22417
8259
11761
25991
5397
23277
17804
25641
29721
11105
4336
15358
28113
11475
27150
7305
31684
6781
26570
10091
17954
5278
7923
32131
3159
14019
28537
10073
31712
25413
12762
23741
26973
26643
22750
28587
8168
24753
23428
24178
15014
31105
31548
20757
15515
30786
14934
1522
23235
11734
5819
29089
11358
13640
23771
5663
13707
9229
9958
21804
24
3978
23615
16881
13977
3031
17710
13798
30135
1987
1749
11507
18379
10776
7013
11478
32428
5152
6801
15300
24516
11623
26179
10835
22122
23747
3982
13463
8300
21138
2021
16011
10474
18499
29322
12211
1387
22808
10824
12800
18730
22569
20325
22516
8881
18349
29139
28166
30633
21877
11174
31560
29425
185
16331
13639
14573
19735
4342
27443
13857
9945
1244
11328
15358
23671
10147
11595
24571
20828
9110
12737
20712
19949
24862
31677
5759
4296
25325
1904
28477
1353
12925
5574
16496
17235
28857
19014
19600
15437
24314
24635
9170
14698
29748
15121
763
3886
21106
22017
5234
10798
12415
22257
18330
22807
3046
18581
12894
30705
14109
16347
12558
24741
6142
28806
14441
17597
10870
29976
3579
21612
7041
19958
23209
22222
4182
23495
19338
6000
28126
22813
13560
19731
13419
5975
27623
23981
17319
710
18806
9137
6859
12814
3268
6288
26897
1231
3845
2176
619
5509
32213
13180
3189
685
4043
32652
30632
21290
26450
8262
6353
31206
6068
22421
30402
15548
120
13241
8264
662
29422
28303
7773
19666
22024
21011
22174
24555
15467
17955
29183
24405
8390
27526
7101
24744
15459
26668
11412
14849
11260
18615
5683
4005
22223
6971
8941
25832
19444
10050
23985
13390
2543
26388
13884
21231
25730
9781
13709
8992
31941
26926
22169
23119
32632
656
22337
24111
7575
31031
5505
32022
29487
9164
19690
1443
20593
7565
18514
419
6404
30801
23498
6197
11680
20422
15056
23341
5081
8702
32454
951
20536
4394
29091
25149
9872
29349
28905
1418
13455
20276
31959
23855
6804
14476
18399
23333
9920
6164
23130
22709
13904
23277
7803
17045
16682
7984
26753
20564
17333
18038
20273
19191
31470
4510
26756
9957
9913
10698
16029
29952
18036
15019
4349
28437
978
511
13818
9078
16359
30807
12397
997
30335
30494
19884
23476
27572
32727
24504
28971
22464
2214
26551
22058
1295
29202
17572
11279
5273
2569
14917
24282
23662
16420
25693
7056
5266
28461
27172
1501
17932
24543
1524
28924
12346
26860
13637
8156
6247
20549
9435
20603
14239
20885
11582
5782
15042
28174
29547
18821
2264
26985
457
2401
17316
6184
27998
8039
13948
25375
23363
15777
10072
9266
31317
25027
15912
16480
17710
24403
30315
8961
8276
21772
20221
32331
10415
4485
11312
29979
17985
11022
8223
4595
22289
20186
3391
12094
1640
2916
22327
13532
9280
6667
5618
20186
4346
27647
32498
385
4431
32353
30951
16019
7817
14758
3456
24529
1779
24637
11649
10944
29326
20593
31510
16813
8197
7568
3686
9711
28131
17485
26732
12140
1028
32355
2050
7519
12617
31099
21823
9304
20880
30032
22275
7556
20452
3345
26320
15150
6384
12295
22236
26246
4538
3447
15972
10913
26254
30666
24642
20674
17975
747
24514
4568
23926
25073
14258
327
9900
18430
10168
5355
25050
20582
3049
28250
18635
12820
21142
18794
21392
16938
1129
13300
8493
2536
4785
29399
22674
29647
24571
14399
5581
21510
14050
3879
14205
20476
9000
8220
8330
26959
24837
13124
16915
12269
22206
5024
424
24441
19578
14222
20410
27632
22098
21138
591
16780
9383
13397
18426
15336
11960
6382
18187
6246
27507
20065
15619
26574
3212
21349
12875
17207
28621
21355
5669
18475
15021
9179
22242
8198
21539
9889
19030
5791
12476
13800
31369
1066
9452
32037
10927
3677
12705
25432
10330
1234
32542
27279
15599
23725
31239
10411
21334
3966
18104
15718
9718
24937
32475
27029
2273
21124
27962
11179
9291
16256
15313
1407
13121
30092
18472
20303
6808
15734
4576
15364
27683
8723
30603
29367
10793
30178
13761
24949
24341
23532
23664
11583
23920
22510
11891
25429
15373
10682
8038
20405
25219
30683
25529
7390
14816
3448
18180
8409
21916
12155
15514
31610
10444
19697
24161
27108
7064
3764
19937
29515
5359
2632
11162
21246
19578
7172
6299
17316
30926
11378
30288
4037
11749
25848
22684
2957
32719
6071
24103
23501
15781
24243
25338
11843
22719
13876
16713
18203
19494
5741
5263
1973
6220
20572
13025
21161
9979
12785
20603
28937
11148
13682
416
23782
21337
16414
3745
5397
23157
13329
20027
24114
22682
22887
31269
5350
23138
25252
12778
30054
6842
4180
8181
31804
28820
14318
29930
17482
17629
12798
11581
1548
9391
29571
21757
7197
17351
22166
15856
12541
825
22093
23525
31249
20578
16863
15174
9195
28703
11017
17901
21452
2620
5040
19000
25191
2352
7879
30816
13288
8711
18547
18950
20789
6303
26989
2063
9844
5143
2473
25266
2765
6021
17973
20431
30065
29415
20067
9091
987
16477
15402
5881
13654
16789
19402
12675
32703
12678
13999
18409
8588
24161
13720
1537
21773
8132
28152
13951
18674
32049
20124
15631
526
6336
8079
30369
2650
12816
18747
29700
4413
21891
5840
17079
24842
2987
30698
14332
19915
7423
1390
29229
317
15827
19892
1107
18459
13959
11244
32757
17567
23550
11962
20782
10823
27729
21028
8450
26325
9157
4270
12786
23705
7675
4035
27342
4594
22375
27479
971
31251
25347
25803
2518
15107
10309
30993
11303
5351
15694
8720
2072
20100
12644
18250
26424
19200
23458
8636
9115
11496
494
5893
9845
10872
27692
20427
13543
30486
14257
3419
32537
26143
32507
655
9609
10982
10655
13301
10403
23034
30850
9005
30353
4008
8780
18835
2900
24513
5146
9759
22292
29342
10868
25225
24244
29536
30334
21424
19114
13180
25458
22844
22542
10104
20557
24706
24560
8431
29129
3753
26863
27099
4236
22027
30471
9492
30623
31454
3499
6163
10017
19220
6164
16892
7997
3455
11224
25564
22361
27705
22974
24110
13712
24131
209
1957
6755
21612
22451
24869
21675
11637
8244
19218
4562
13682
14627
8142
7747
13427
613
22397
2591
20580
18243
6412
1586
17970
8968
23665
3365
15920
5068
564
11509
16312
12171
1070
1188
2069
12154
9105
18990
18592
17818
14376
27838
4138
28813
1248
10018
25498
16809
13704
5756
18903
18763
27093
10555
20201
7533
29097
31306
16987
11899
7828
27783
13539
24163
20124
6775
31045
3564
5177
28216
11380
5192
8100
30135
2298
21740
19793
18211
2459
26527
32186
2465
7989
1745
6751
30273
32235
14383
27659
25904
17794
25460
9816
15152
2315
19330
19573
19270
31171
7601
21287
178
14647
2919
9230
25892
5804
8681
26154
22317
15293
21616
12190
1268
3142
27776
1203
32554
15745
21621
18463
30784
26735
28767
136
983
7034
30991
5956
27256
12120
3442
29795
25989
25394
28190
7151
22383
1030
5931
12402
21546
9034
11332
32441
3550
8402
27389
30424
31200
3059
5991
13934
16864
8169
5859
2090
21860
24438
11571
31886
12149
5068
4055
32755
9367
12973
17302
4558
19711
28625
30811
305
24321
32136
22338
21141
3528
16544
30451
13014
16457
31625
27183
7039
13433
13495
7336
3144
25278
23624
29206
32221
13732
29927
23431
29153
27090
17392
22262
17459
10812
19668
3360
8560
15514
7104
403
18105
21016
9081
2312
28342
20559
12939
31218
4058
9844
17314
19287
20457
719
11576
5599
20664
31855
29808
11051
14901
1309
18242
14183
9638
14222
25049
8483
20022
21981
25401
7006
10925
3128
21797
7652
21631
19417
27456
14299
24584
21047
15730
28824
2582
12414
397
10935
24232
26429
2097
15722
15605
27231
237
14353
23728
8541
18854
1035
14475
14258
19773
22732
506
20878
13676
13872
569
30926
29681
22799
3216
22060
26351
24082
26070
2739
7313
1733
17716
15735
31216
21741
21035
12674
18743
28699
17368
30737
29445
2433
1399
4865
26386
12805
1063
7044
30742
22164
2540
16664
12006
22201
18938
13498
22752
26990
561
21590
21898
17458
21988
10883
26486
14427
17886
5741
3177
15022
27047
12306
8379
2349
19971
15538
20993
25392
7356
18304
9450
1975
29089
12958
4711
28159
207
21576
15
27731
29231
29776
6081
16677
5696
15818
17035
12893
22551
30984
19146
14065
4260
8649
27027
24246
7990
11693
17234
27766
27457
5868
6065
22082
13152
32584
10428
8201
19862
32576
7490
17514
15577
30087
25214
8135
16337
27316
20726
4507
15581
23867
6308
18445
12119
2460
14420
27077
31257
730
1101
4606
17215
12079
51
21212
15663
31998
4140
12800
215
25609
17730
21339
23862
1764
18697
17983
16414
2218
11393
10428
7224
27374
7741
5417
28744
2036
19397
3585
21426
32033
29242
23537
11326
6577
25144
4654
28952
9640
31488
11532
7963
5387
24791
32461
16974
31567
29353
24246
14511
21266
17138
20073
4656
28169
6111
2414
12800
8506
14000
13075
5387
363
32352
5750
25028
17370
5512
11488
9506
5934
12161
24148
24808
2222
11464
12392
20266
18865
6823
22356
32525
26965
22034
23881
11982
22132
21968
21508
1798
15828
24539
17570
6956
6302
11784
20918
21339
32530
17898
16281
9045
4984
2036
22273
13001
6490
14815
21973
23249
3312
4171
25152
7359
20188
31657
13317
30233
14360
15448
26642
13794
10796
526
12887
14107
28580
6778
25048
9354
193
29480
27393
10682
111
29348
27706
13635
1399
27874
24764
12363
1014
14045
30115
20301
27406
7551
13636
24602
19163
17345
31936
14621
5800
11283
28634
11746
22371
28926
24325
11482
25167
28936
21441
27224
26617
29144
14120
15584
28525
32410
18116
3745
4521
1445
19364
2112
2386
31067
18351
22743
27302
30801
3384
16190
6066
16561
29906
14473
17605
29404
9573
30673
8484
26451
8833
2872
30719
7127
5363
21031
23972
31695
406
10458
15603
2027
25196
27935
22802
8455
21997
16474
5986
31314
22687
10957
9649
30383
15591
1046
20657
30043
21791
17657
7848
20944
1000
9824
618
6890
9922
12704
14981
17737
3802
9726
12475
23798
31778
22386
28085
31305
20135
27307
29941
32266
25120
4690
7437
22742
18370
12691
14350
25028
21084
2010
8260
73
10399
18906
32032
11609
20925
19412
21622
4047
28727
8470
15337
14351
7919
21698
16035
16106
9349
8144
19273
19394
28896
16470
15917
17902
6411
22023
23494
13663
17731
26618
20318
5764
17742
30638
523
9580
16142
17738
24032
25643
11093
10537
20836
24702
5371
9877
10051
31922
20014
7123
1604
16321
4106
13153
11643
28863
14441
31355
16576
372
6653
16611
14688
3147
4764
9698
20242
26987
23514
30346
27948
7971
18909
16703
2070
12683
27757
17014
26367
5480
17995
3771
13776
19025
3780
7673
29534
24592
12677
7158
4068
27467
177
8733
20400
11620
19761
16000
17948
29597
22860
27677
31936
29056
22903
24672
6886
6782
30574
20970
8510
16086
2947
7313
3540
28600
54
26280
31806
28330
5127
11136
5658
11308
28040
20270
26552
6551
13750
8079
27923
21067
11401
26250
27398
24585
27594
29077
26812
7838
19493
12923
23913
706
8319
23900
26167
18495
15242
10229
6276
19286
29590
3617
17482
4446
6314
16288
15070
17582
4307
6936
28126
10173
3772
23129
31332
17288
5759
21477
29824
21812
17595
30128
1766
16117
3047
23844
15075
46
23525
12392
31894
30938
26586
7394
12124
31786
32318
7931
26252
30319
10031
30498
5733
10811
32011
28691
20804
18627
29501
23129
25882
27016
32599
24849
27934
9527
22626
7154
11199
22477
16497
650
16605
19966
3197
9418
4152
25048
24172
19653
27689
19108
17779
28085
22672
9229
14494
1087
31245
28804
8109
19448
1395
6882
24098
28199
17273
15183
5272
3533
31923
9059
3158
21730
25025
30092
292
26338
17351
19376
15710
23688
12573
12563
15430
11481
19015
29562
18078
10085
25383
3985
15735
25546
17521
15498
1860
19065
8544
23303
21298
6845
5543
19258
9916
4601
16299
28234
27001
6193
19183
22265
25401
5579
32463
28037
24657
22167
9586
2763
28723
7694
24314
20146
29250
20695
13565
13767
25828
22416
569
12837
10968
7882
643
19352
15050
22613
7937
2818
27940
25023
19097
13565
23592
29719
681
6081
2620
246
18425
28745
17028
24769
9198
10929
26550
13864
3584
483
9514
10994
17773
17010
13873
27133
29487
13510
14248
31360
10284
29306
14285
24724
2990
11010
30801
9971
19986
7057
5806
13823
13252
15929
3770
7174
19563
29781
19324
10948
10848
12324
14911
3625
11877
25014
5094
16477
15252
11020
20607
32514
26517
8059
31003
9657
31508
4689
19420
4583
22130
14523
26191
29625
3771
8934
27132
12389
22233
20581
20284
14771
2311
25555
23115
32445
25736
14777
26270
23026
21400
26289
31863
8289
19875
24780
25782
13877
10677
22578
12018
19579
30002
776
24008
11308
8903
24727
11635
12903
9632
14250
10397
25086
19675
21559
32629
11828
29501
18498
21762
25285
22308
13311
30391
19751
11965
22839
12871
2832
19575
32236
15803
8760
26552
25152
26049
17760
24014
19859
30279
27283
32552
30444
4424
5804
15558
19610
26598
536
18926
24347
2490
31453
1569
29500
15976
10203
17229
32642
7542
4434
15428
6345
22622
4773
20333
4651
27361
6494
20921
21539
9631
21873
3545
12018
18149
16069
17327
11330
5574
5104
15362
9226
13165
13891
17525
6321
5809
1798
10170
7798
26090
10756
30211
21007
8963
20811
12729
8848
24017
30253
13425
29327
24739
9098
24604
21638
2843
13650
28797
26232
20284
12613
225
4312
1219
7421
6666
11430
1723
29999
23660
21723
20300
10798
6812
26375
1492
17840
30725
30521
13113
7637
24541
15135
4221
14693
26711
12398
9106
18777
30234
644
7792
23454
13299
29517
13414
11029
12998
19299
22957
12510
17867
5497
8515
23254
28406
10489
11510
2910
28599
18412
25535
18015
20964
21531
25170
12171
31988
24435
23027
15845
11117
7086
20875
18563
21663
27952
31995
20626
24211
9519
7856
11420
11327
10007
10104
30982
23547
32045
2196
29149
19001
8306
27662
6610
11376
30666
18253
21122
22617
21085
31718
18939
2910
24894
31413
24956
18000
29771
7469
29053
4440
32340
10476
3823
15408
9343
12690
13765
28306
23786
19668
31923
7409
24723
19660
13878
13672
29813
29843
8916
6384
19956
23314
6309
13525
5755
28693
17426
20587
21092
22433
26077
25341
12056
3976
12898
1542
31863
4922
13852
22435
21882
29150
25450
24905
15382
2722
11667
22195
11364
25423
21768
16671
27392
19744
18666
27322
4783
19412
16844
7769
9540
29442
31162
3945
9156
11693
9594
32297
29128
9240
4881
27671
2083
13275
4490
29863
15045
11831
1522
7739
5599
20647
20903
14160
5704
11191
28115
5109
16672
27673
24627
16258
24243
14838
27933
30342
23711
8834
10945
32001
6970
16339
22959
9428
10798
4851
9881
6261
14438
17460
14682
15847
15150
15811
13624
17898
4245
21632
3686
15215
8470
29453
22733
10062
17528
31525
29709
7227
28147
20784
14526
16119
25492
17940
2811
7875
1251
21325
30241
29210
25794
23872
13780
2975
15000
28620
20547
6997
28335
10531
9645
4110
17883
18136
6437
11558
28765
2361
13970
10352
6
24798
31225
25713
2464
6786
7167
6860
30089
32018
1961
2814
17313
3588
23911
331
18022
28650
10065
18936
6494
3911
8880
25787
22198
4513
17088
3184
20520
15063
20660
26381
20258
15541
19707
29144
8228
9414
30146
32216
28009
23657
5818
20617
11467
28455
1563
15572
9441
2884
29417
18493
19818
28820
26742
12383
3822
16784
11048
25749
9634
27305
21116
18427
11149
5085
17483
20373
3561
20615
30028
20685
29132
379
4827
5155
19463
7506
31224
32
12366
21251
8083
28811
7066
15028
19975
3552
15820
2255
23524
14590
1683
30551
16369
24352
31119
22909
9841
18958
3511
3438
27558
16533
7160
16496
8084
2868
8478
14637
30471
12568
22264
7246
19927
331
26807
24396
7787
15400
18072
23939
4732
28946
23747
17289
4379
25701
12658
17597
28150
4525
11861
20259
7639
7702
6454
12655
5229
20260
32729
26463
12111
22948
6950
78
21054
7395
28041
21511
6314
7709
8346
31191
16504
22584
26105
13798
12803
13234
24444
20678
18785
15065
21133
3405
17639
24122
10957
12448
31983
23899
4094
20625
18648
10157
4895
23595
13647
18876
14040
4746
28621
15017
22297
23537
2913
7642
13311
14614
688
19696
9207
15552
6970
15865
12581
17300
3551
6631
9735
24108
6305
5954
19797
8554
23979
27929
26924
20748
13203
29246
9580
6272
19164
15539
2399
17913
19647
21855
11419
15298
22314
21509
13097
3027
31242
30583
21734
29090
6598
3591
29738
7739
23307
16959
1960
2707
31695
8146
23445
17433
15760
25809
28173
26511
17629
29474
27314
15896
4632
30255
2454
12434
30586
4315
21851
1317
12375
10170
7320
6940
32164
7041
4735
6388
27574
1979
25277
16563
9548
22974
15522
24188
30672
21470
6530
1375
27866
20704
16987
3701
7414
23474
22711
3629
8103
28505
26324
13281
15532
29482
15107
18349
17025
18237
4686
14976
9769
29983
22109
31859
20523
22727
29339
3418
15067
21963
1172
31641
17882
27860
27553
17722
25312
17744
31688
20284
32697
32614
22494
26413
20878
25135
14062
763
25958
14883
6367
13063
6636
31697
11856
31355
26227
32468
30663
478
4919
25858
24587
22501
18150
486
21966
13452
3423
22129
10383
29286
15289
29932
11455
12849
21895
24881
27427
23726
22362
16667
24441
30384
2696
28987
2654
31602
17964
20940
23151
12589
16750
24553
12463
11242
23301
28414
1065
29333
31226
5757
26838
31316
27566
10194
32192
27671
25374
16536
1640
26735
32102
19725
13157
15779
28548
3779
24143
17409
16735
31641
15579
21618
14856
2282
20295
3409
24895
14084
3577
22909
14905
28892
6755
28077
7072
5120
30505
12292
18652
13516
2950
15846
12433
29409
30188
1033
29800
29139
29162
7375
7699
18978
21843
26835
9611
1644
26781
5569
11420
224
7815
1900
5028
13558
28414
22298
19352
22877
22850
23842
2375
22069
20805
30906
15843
27519
7252
2570
30909
7122
24824
21125
5712
12111
28191
12152
24705
25303
32119
25315
1061
6011
29979
24201
32708
5683
27761
17731
28572
15315
30802
5785
23273
8508
620
14483
26212
5071
12261
21453
4106
29224
6977
13770
22558
16648
25990
11658
31601
3218
25246
5727
8929
27067
25852
1276
11296
11260
27779
19151
28599
9033
15523
17297
10314
30279
7621
8475
24349
27834
19945
10619
471
15932
25741
6983
1414
14645
11729
11313
15076
22023
16602
21980
14297
2697
21876
25838
31296
29111
7419
32359
10222
7080
8827
3889
4080
6592
30230
23031
20757
6950
10150
5947
18861
11640
21668
23459
13455
30142
19785
14484
5985
30109
5362
19202
26131
12494
16841
11399
32685
18126
32674
31410
26699
21718
14883
26785
25701
13325
12840
3794
22868
26621
613
27958
5906
20803
22350
21383
28482
30859
24115
9180
15728
1468
12208
9083
17561
14192
14660
19950
1518
28327
27200
24153
29909
8892
10211
778
11313
20888
19651
28498
2275
16421
14190
16275
19857
7941
11346
25499
13221
26501
3802
816
3481
1228
13786
4332
24179
7513
24365
32588
2699
4268
1693
19459
1428
32066
9218
21908
8666
25287
5294
12063
25801
13448
13321
26235
1199
28711
26489
28806
29635
3218
8581
12217
7269
21813
8249
18688
12967
1391
27340
15048
16141
14403
21120
27225
18065
81
31434
7014
13290
15364
11443
1506
26126
31244
31102
32278
2038
527
28811
25329
5537
21915
27771
18079
12891
15712
15253
1373
13375
13980
10088
16011
2299
21718
8114
25602
22483
27599
3201
21417
1257
5558
2968
12099
31163
27035
7444
26251
22253
30246
848
10115
29513
21641
23045
10505
19460
26547
10422
939
19010
7110
29771
3260
477
14796
5116
26535
19810
9126
19824
16772
27485
3140
31782
27369
215
28
18453
17411
9500
20948
12175
12005
23234
16194
26731
31775
6630
25239
23651
1427
20409
17367
17595
27524
30524
7821
10532
10224
12103
12220
17887
27680
29136
8216
7461
31869
20586
24182
14279
32421
23052
32386
22802
28094
3604
28592
10741
10507
139
8309
8038
20668
5035
25014
8193
25867
27294
7809
11506
23428
31113
15355
4630
7844
22217
13721
24925
11174
12669
18835
15731
17050
4420
18838
14239
23735
17224
25530
17643
23794
6267
30643
3717
11984
22816
19531
8549
18296
4494
14608
16688
15628
7216
6217
25180
26681
3281
5423
3990
17421
24854
10842
15968
9
6732
25722
22271
30840
9316
15687
29588
2303
11836
8891
6793
28020
22305
32382
30766
9459
21905
20898
23460
2863
31557
14480
31483
7175
14959
27458
17047
5466
4160
3507
13272
27419
30893
25748
5882
16808
20339
16961
1081
25175
16984
16371
2105
24146
14516
5943
26534
21414
21553
12191
17943
2198
28367
13495
13369
20789
14891
18490
26921
29492
25600
9350
11041
31736
25582
17230
11095
15599
22138
23695
22818
25125
2391
20933
28767
22290
7396
22878
18195
28087
24309
32367
7762
31721
17110
18598
31327
25324
6797
8320
17940
13635
30048
17339
17796
28359
18327
24079
7136
29431
16259
6681
26775
17807
27583
16024
16321
12636
5814
11227
446
20814
31589
19834
22042
12239
14179
21573
19892
28755
7710
19578
28704
14128
20839
25659
14409
17329
17201
30270
17499
28773
1173
11463
15584
3517
1562
20691
14121
19158
11572
6550
5871
8340
25354
4136
13114
29424
124
23420
17026
23699
15205
2193
21012
22691
31005
8940
19640
16093
10819
12613
21649
17892
5049
27265
29764
32728
10479
14048
27485
1323
23397
20856
6638
16816
875
7650
20344
6133
17964
1587
271
20179
7402
29997
10938
32067
24971
16567
24601
26739
1109
6283
20554
2074
20214
19759
16652
9480
22727
806
17701
17921
4177
9831
12802
24267
32273
12814
6302
30086
9336
8274
17829
12860
8502
5815
3288
3257
29624
8836
25523
3229
3311
6520
3917
20399
3156
29369
27009
19060
20009
11277
331
30465
12033
3916
6772
26125
10370
27670
20594
26186
11114
6593
24714
13814
23248
21909
24375
29356
3245
20796
23759
15233
13210
1396
15716
14668
5595
7431
18408
325
30109
3069
12437
1490
3708
10000
8844
2461
3144
20320
3261
18666
24329
1640
13830
19752
4160
32305
23711
7877
32112
31173
25781
18759
7133
4583
23125
26009
10644
12801
19084
7842
28587
24926
14285
25628
31178
11417
11666
16292
26347
17238
14150
13
14173
7727
15971
12026
15375
16626
5080
1196
2827
27913
10413
19992
7489
22585
14825
31037
31110
15248
29620
15284
4316
20120
20409
1929
12276
721
13006
16969
10737
4958
3543
29276
8303
15615
1511
22165
3268
12863
26537
7176
28293
8175
27135
9756
17229
21970
1000
7393
11193
26522
22951
13731
25015
23059
1314
27071
25601
12447
15752
4021
31460
28386
8758
2687
31302
25278
11484
801
25831
19074
3803
24706
21735
11102
32242
29050
19849
27675
13338
32044
23094
2056
9902
11670
7877
28216
14543
2150
15609
24810
27911
27151
13131
26953
23084
14109
6378
13142
26504
14277
23297
26146
5174
20929
24376
19520
19919
5211
12157
24698
6727
19143
4868
4803
6417
2229
14476
22893
8074
25895
21989
25244
29844
22400
24751
31227
28545
27358
17508
30381
32308
15274
14745
17799
22146
29550
8832
25468
22238
14054
4274
23640
23094
14937
22571
8626
792
28713
21398
19995
16921
1450
15820
10396
7031
8752
17559
31840
28669
7276
14523
6317
19751
6648
32567
3353
2183
19760
10184
30202
10855
17732
19631
27934
27568
1163
8116
29372
19211
20762
18539
25259
32069
29590
30646
18898
15608
22598
21643
12256
15720
18028
9719
10557
17579
8662
24163
17728
12557
27312
27671
11426
28082
28572
29436
1074
6781
26117
21414
26571
27441
23727
9105
4483
470
15507
31403
294
18527
19435
14867
14307
3465
26505
12321
23620
26886
26220
15782
23140
10971
23445
24693
21596
23047
10775
18210
30462
1637
8046
21001
1734
29139
2065
9618
14605
21652
29259
12724
11648
16627
4934
21176
7121
27177
617
28480
2476
21121
16099
14215
7405
9402
13192
27114
24080
15533
11485
16552
32488
9008
30062
27878
31124
313
3176
17142
7088
20039
10851
31704
20936
15869
2176
12289
18194
12560
7604
28508
11612
11620
18019
6799
16707
8562
2609
24959
24230
30445
29717
2838
14682
14501
12463
27204
3615
20395
26331
9283
24531
7094
32390
11296
5350
27333
18880
6007
2318
5126
17427
12414
26428
14839
23571
26948
24526
30667
31543
5179
3846
32271
16359
1525
10171
25229
7638
1067
13902
10097
22674
9731
4064
15786
3162
2450
16834
1683
14639
672
5421
6355
1069
9900
31540
19586
8988
23088
29942
21133
9795
17191
19480
23387
5244
17611
12147
4272
3470
26787
2057
26322
26294
22717
6718
2283
30087
20281
18245
25775
31989
7943
728
6462
28844
14832
20780
19788
678
22491
24868
12415
12028
9033
5829
11288
14844
3875
6634
1750
21629
14773
15672
23
23151
250
20821
9793
24502
11290
14421
27744
32569
20017
19829
17169
8245
18002
29964
14494
9688
204
26814
25706
15627
23979
5107
8592
15503
24706
5255
23751
19275
3432
13252
31113
16612
5953
27533
4724
29839
17215
19419
6384
28195
9640
21614
6162
11635
7129
5820
7872
31706
10123
13358
5398
31767
3925
3211
265
27739
26738
12468
32330
20129
28101
28051
28013
27454
18458
846
7755
25017
11183
23744
31141
15324
28403
23337
28170
14091
32397
2596
9210
14293
21152
20442
15691
7113
18765
28022
9164
23947
2682
25561
11049
16167
22738
4238
2574
28324
29709
5888
28303
22749
28786
27114
12744
7820
10138
2320
28352
24488
9846
18221
148
20721
15508
11308
11217
20425
4253
18330
30497
26693
24099
1884
30506
388
16537
26269
4531
9279
12195
2315
31752
4002
4241
5699
30880
4186
293
27017
6142
19952
16285
27069
213
597
21485
7562
879
20414
24141
20449
31823
10417
12019
22694
18966
32352
2850
23977
23203
10551
17251
8151
4990
16305
32531
10418
6519
20335
24861
27646
15242
11403
27145
12733
1286
19242
15158
23646
15087
22352
8035
24370
18592
32505
31860
31007
24500
8805
4723
1944
20263
24243
11222
1484
21945
9905
8960
3102
29587
24051
24842
25558
32557
10786
14786
790
367
28311
18676
1295
7447
9768
13545
29300
1370
3906
31278
28207
18382
24121
9366
6740
28039
27099
6530
18771
14208
1611
22368
20337
31293
525
20082
2169
23727
31069
14033
26030
32344
29637
1969
6149
18608
32750
29670
10897
28614
16823
4008
8511
26154
9860
915
28611
18443
13272
28913
23762
413
9255
27452
9618
13501
17893
10975
30031
8664
20707
23869
1391
6153
9691
13812
31144
12417
11338
9571
19568
22828
17021
22634
24501
29330
29679
25968
1487
1275
27090
19115
5811
20694
18924
8603
25961
15963
30628
11224
10688
28784
27485
7438
12864
32457
5122
17990
29280
6996
30434
1639
16633
9940
447
9212
23291
30923
17185
29751
32351
24222
31984
29494
12636
5620
17730
12678
2526
18015
10610
15078
2356
15934
1906
23117
24584
30434
4450
24366
11925
9199
12129
18426
5396
20997
13219
30183
10359
22688
5315
19952
8026
9021
8795
27420
19255
5567
26579
17924
12761
4112
12662
30095
23315
21771
26571
27905
9905
22682
13602
23348
16047
14619
10605
3876
31145
26633
20561
1458
16787
17880
28029
1185
21162
13600
21307
26341
26282
26878
1860
32285
8258
29368
10713
11614
19141
21151
21263
8498
16930
4154
23147
18656
5910
7584
15534
29934
17312
2598
5106
16101
950
18490
22006
7764
9782
2703
19639
20247
27167
31867
32064
27865
15361
22941
28866
26584
26546
10434
5095
14056
4675
7689
8292
27323
4146
26694
17614
1631
27617
28069
32430
16648
12359
15248
23255
5392
19430
11730
4087
16444
8189
4348
10093
6465
4094
17415
10330
24199
9538
7484
30971
25132
6908
5713
27190
14156
26220
981
8562
17536
3925
23502
21676
24484
27824
20384
3271
22238
6562
15664
25124
2779
13996
15178
26483
32348
19234
17728
14025
32498
23262
18900
21746
19205
1077
8536
24328
22811
14890
12052
13892
9303
28386
12776
7701
8768
16984
2099
111
17861
2386
27379
19558
13181
16532
25645
8955
2867
16467
1167
17974
27297
17388
7252
32373
3452
6614
31592
27139
11953
4053
31948
27372
3823
28529
24893
10000
17509
7847
15632
20087
14285
14558
32097
7140
29353
13341
18540
17325
8908
26234
15675
17609
30493
32726
22146
20523
14744
19399
29895
14926
19093
20438
21445
11026
24909
6635
28435
32710
13722
21253
6657
4998
30462
27182
20163
25031
13543
27567
30929
14128
7217
22656
16013
25772
11757
4610
3622
10429
21345
11760
29117
17171
29519
18067
28359
26205
27771
6966
29875
31839
6503
5338
7884
28740
16737
811
19808
29494
6847
9650
23074
28461
17002
21835
27597
7172
19609
25050
11530
27346
21215
30778
27284
15223
9064
9334
23706
4213
30080
17468
8037
13570
18260
32142
7994
2395
18685
3515
31618
26970
30906
1166
9512
24907
21629
16325
15427
9468
17578
15044
28917
32019
9243
1675
27538
7844
2407
32230
5
8451
13668
2531
12400
1495
19178
2697
17171
1904
13274
14279
28527
8539
22367
3755
26283
1843
1396
7893
15158
32185
15271
19498
27566
18983
10012
22733
5377
11202
2004
19275
4050
5039
22831
1301
32030
3847
25520
7476
1567
5934
7169
21304
21360
15456
29495
11889
32627
24204
31830
7522
2032
26726
2840
10611
766
16568
12266
4838
6951
26104
13624
26892
5831
26656
490
29369
28341
13498
1327
31477
14373
26938
3961
22004
26061
8081
15561
12873
9287
26879
21548
2646
21943
27433
16517
18951
28845
21355
1678
31936
17997
5231
23578
6035
29613
8703
17565
13239
638
7959
22253
19765
31983
12863
4170
23013
30926
29719
22685
19609
24048
11316
7165
22680
27604
20522
7543
2382
17027
30954
26383
577
29370
16975
31490
31559
22859
18675
10830
19703
18881
14919
13428
8541
19523
10979
5245
7410
29371
10010
7995
5066
2359
12754
22225
7952
9615
9618
6006
9904
23112
11229
373
13139
4280
16063
17528
7312
20075
26789
12295
26464
27078
13938
11596
26835
29162
4046
1561
258
19931
27073
7468
581
22242
1922
31665
6310
29231
15753
22536
17813
28099
27371
31177
17373
9357
7399
7941
26582
11731
4284
18127
20444
7124
1982
1275
30977
3500
8617
17190
3071
6263
12597
4855
30321
19385
16107
30115
9282
21758
11830
15543
28005
1725
14525
26642
3014
18050
13296
9520
11649
9804
21729
21423
30547
11572
26198
13067
2893
4944
9500
7597
26576
29911
13982
29988
12981
16518
28086
9138
17612
25922
20930
22282
2440
766
7163
22616
1784
8927
7938
9602
8697
15006
19644
12205
29355
32559
20064
25348
15649
19104
25294
23476
25181
6467
30499
27707
23931
25103
11658
22755
8492
20036
18005
27785
26982
5198
8012
19107
21850
31212
15684
8834
23975
16785
5108
10196
31437
1803
5
29804
4068
20322
10088
14150
28046
20483
13292
21701
298
12573
7184
23616
1098
20300
28181
30397
16487
16501
20824
13052
15060
8177
12767
21176
23793
26093
18994
32041
27809
19984
32620
31437
26878
4447
17297
24168
8011
30558
29218
16202
3113
632
23279
26832
23822
15265
28461
9005
9716
24890
17608
31082
8014
32053
25595
8364
64
9849
4893
25782
18703
29064
5310
15790
4567
21599
3058
29476
12668
414
31469
28752
20706
32488
4048
11675
15969
31373
13251
21346
5491
9318
4164
31222
3760
3585
32446
10983
3069
22014
5726
1922
13568
8889
19490
14488
14295
12330
22835
2945
521
29961
23412
24673
1468
9013
25691
19882
24361
1878
27136
7394
28238
3009
20083
1191
14562
25245
29011
17392
10382
6980
32668
661
31066
9964
30145
6930
27750
4231
2043
12680
4826
27624
25824
15364
17695
16422
1591
24580
6736
28997
1035
18743
29675
27923
7678
23941
29133
8017
28384
29263
25181
28947
32384
26360
775
22378
9666
18596
9452
13631
30962
25407
2519
5250
11352
25538
3443
31365
9997
28593
28348
23458
14349
21992
19892
29220
8588
15512
12631
31845
28302
28813
10704
9779
18098
14770
25325
8568
13390
22742
15057
12826
4289
4784
12521
12577
2821
27681
16673
19224
31876
31674
32599
32181
45
29822
1807
6332
32710
19945
4969
17952
11140
11569
21329
23915
4057
29643
19958
1633
15757
5937
27517
28384
14352
9699
30198
6155
7695
7595
9871
32424
16453
30502
4871
8901
6804
2688
3942
12962
25428
12671
22508
23755
9451
19139
5959
3461
5533
588
7433
7019
8614
828
22616
10073
23430
30430
27367
13193
18077
29928
26662
13820
12279
18685
5302
10780
2409
12662
14880
26015
31453
31586
25286
13486
7658
8139
4634
327
6056
17980
19725
2528
1218
20607
1739
27469
27596
21419
17829
483
10711
8799
5198
26078
3395
19528
4939
1792
4821
14057
16037
11131
30985
13211
15329
22033
7594
14034
17457
22394
22943
5283
32492
3846
20232
26243
24636
7811
23946
32338
24599
5473
12518
2712
7536
22292
7633
20494
16814
16570
16640
7264
14429
20990
5250
22065
3875
23868
28498
20063
4598
742
9005
13961
30605
31782
11425
24783
12820
30916
10599
11481
14372
5195
2290
17947
23026
9831
11080
5975
30407
29330
25105
5987
9904
31471
2029
21292
11382
31350
8715
22779
17360
19026
16376
26871
8152
13959
3508
3820
11708
1496
19467
2378
28598
14568
8994
8561
1086
17567
849
22827
11646
19407
2096
4474
27910
7192
4597
3733
1985
29193
2301
32045
1575
18567
32680
23796
1205
14195
9834
29792
26778
9607
17951
12716
19636
20865
13471
7457
15034
30340
30611
16531
1211
4027
2439
10286
21191
32575
30016
24691
14572
7227
15183
5501
26980
27726
13798
14217
22284
3120
28395
18613
23576
2969
7243
14344
14597
16478
13969
28083
32720
21725
23991
27798
16230
5532
59
11526
859
16941
30838
5326
31710
25941
5162
12403
25069
30829
14938
4541
27589
22023
9054
30578
26013
16341
22326
8805
17043
31687
26143
31663
14823
19572
3940
28733
17511
18619
19063
9611
3626
22186
26176
27566
12417
19870
12981
4248
18475
940
26795
30872
15304
19008
17387
8224
18064
7684
905
27339
6981
3588
17521
25502
13158
7695
27203
21135
7846
10336
2657
19267
26269
638
3398
6428
23228
26976
31257
11379
22662
30933
8321
27938
25597
12835
5308
5702
9307
21998
12779
32579
6403
5468
5808
30216
6839
24183
20475
3732
32011
18387
9761
3000
25626
24432
16431
17695
8823
24801
4477
11917
13159
5806
17798
25700
9549
27384
7670
24940
2149
27483
30469
16851
13749
17433
26116
14195
577
30324
9781
4948
12927
20059
18400
2162
16906
23369
21923
3008
21402
28779
25610
30060
23860
28673
16224
18277
25758
26118
11204
15643
24598
13843
27519
2182
3907
24705
32660
24681
24684
8910
22169
17368
13800
30529
24006
5880
8150
14289
10316
32006
24078
26692
8423
5018
15959
27540
31159
29485
10970
10390
20044
6361
31958
25053
11264
7521
26518
17629
29833
23921
4000
29772
20174
30503
8752
4558
6650
16593
228
2768
5839
7417
21945
11444
15166
20383
9014
17455
25652
14533
9447
19440
22966
6193
5133
28291
22832
15982
9364
24436
6666
20244
20037
20407
125
30793
13885
327
29349
17288
19614
15886
983
25505
29316
13829
27188
9217
15419
2204
29310
23860
9135
32092
26155
4776
16163
12235
6072
7604
20518
12944
2368
2520
16067
28119
24909
1607
21753
15607
8686
4258
20075
3922
22026
15623
4183
4221
10483
16202
7628
7074
7230
6530
7192
32290
20435
5064
31616
19838
4160
24891
6197
21623
8019
5704
26499
23412
27367
21544
1354
20517
9726
19881
13746
4198
30736
2354
12059
23654
13987
1025
16467
13320
23836
6840
9996
9097
14037
23320
10893
17252
28527
8972
20135
28530
32106
12521
13035
31062
6898
2292
29210
23064
16636
21541
5597
10000
22674
7210
29366
19974
5739
2223
55
23703
13503
477
370
22234
32601
23584
4528
24900
26094
28974
26982
16841
2221
19013
28516
31812
29463
16307
27216
3609
30993
12700
26195
3353
27192
15864
8978
11686
3956
6107
7648
29719
9936
25593
3121
5470
20873
15977
23122
19175
10340
19881
600
7620
27205
1763
20311
27912
30974
1902
24788
13168
6245
10136
636
20553
9129
10915
11286
22413
11494
12301
15798
11600
15094
18965
19507
28762
6539
23930
4572
30742
28538
11910
22375
27051
3930
16203
26922
10344
13902
25389
27790
9573
11551
11168
10688
21095
32654
4659
7593
15365
15848
974
26657
3849
31962
12599
27231
3353
1927
18651
10676
13463
30680
32204
19066
8133
10515
6
14151
24365
14512
18934
18534
21312
2408
26429
32647
18749
31886
6321
11189
24404
21922
31140
2441
29708
31780
2666
13213
9442
4006
17429
30532
8242
549
6531
24952
20059
11417
2459
6164
5663
4555
9939
21316
16456
17255
14325
2873
16017
7506
22052
11809
22979
19261
11290
29270
2847
19579
15027
6357
1276
27151
18095
13299
11953
21258
21427
17995
6069
21268
20626
19963
9733
22344
22731
4112
966
13637
12115
14398
4140
26753
22164
8405
22426
14817
27061
22256
22283
1415
6940
12015
3760
4844
31793
32040
10202
13102
29285
18138
12827
6571
32116
32610
15272
8910
13030
9650
18690
32041
4828
22014
28630
26820
6665
9144
6433
181
13567
20415
11927
17137
30892
11988
14150
19042
17444
21581
10103
28474
12193
21773
26581
16774
27847
14003
22481
4614
31789
24338
20292
32060
23578
6114
25430
11459
5260
31412
29344
17122
17535
22828
15501
9313
5227
30058
2054
5275
12815
7881
7502
22485
14701
1740
5930
20430
12054
25173
20294
18071
28583
11032
27092
23461
14484
5456
17526
18213
11812
3504
19550
26511
701
21405
32691
19838
9058
922
7735
14783
3450
9732
19752
16808
12755
5631
12900
3499
2278
21680
19152
26155
15453
7341
32761
653
2514
18865
16636
20115
17114
26773
8868
6629
3650
891
19155
26097
20120
32333
11043
17909
20973
5990
20172
1370
11994
24718
16329
2116
29377
17452
18230
6759
1365
27319
3325
8220
25949
5230
23217
23988
8885
15177
1466
18700
14741
4399
17587
6497
13077
11881
29712
2406
12017
1111
3588
32660
14986
26721
22946
4290
6446
19249
5442
4341
24985
28703
8230
9849
5308
14573
26461
4913
4541
22965
6632
10283
2878
2335
26652
6007
25058
215
21063
6202
2061
25151
19094
4350
21228
21345
11830
15436
23734
26663
22970
31613
23601
11214
23741
19405
5495
24216
4296
4529
18426
15297
6006
11883
15814
23477
981
5083
24582
1664
13072
19096
29898
2694
6219
7743
27143
27508
32719
25611
20959
32118
3431
4006
29731
16555
31241
2623
6423
4310
21689
32733
29045
32086
19115
5875
16308
23896
15016
17972
9865
29771
6066
15528
16559
14996
24299
4096
26084
7811
9395
9511
16692
20870
32017
1817
7289
30109
17236
8184
1315
16142
1274
2141
11829
24154
5072
24812
13200
18031
859
27179
8820
8991
5495
20116
27460
5073
23102
21224
8329
32375
1835
24775
10042
3776
18815
8062
15419
13710
6116
3872
29475
15530
18257
23000
4674
17079
26413
20349
28643
13156
10423
16231
13518
4070
21925
9345
10257
7078
6667
22432
26624
16694
9599
15379
13435
17290
26491
6780
11887
3941
27395
7646
12447
16657
5511
9974
9637
12883
19722
27087
32563
9374
18820
2449
12959
23431
5509
9881
24223
15225
540
4815
32337
16554
4599
8244
19838
25165
8139
15803
16927
13834
17399
22106
16160
26539
15716
9824
25701
22808
25007
31497
8203
32389
22666
4176
25840
19178
9823
260
10869
16563
18999
32030
6530
31417
29403
14930
2763
16754
3896
21220
14930
100
15880
1725
21549
12256
24751
4798
16010
1772
21859
4692
17648
2433
7312
8013
2248
18167
28027
9194
23323
23741
32293
4917
25501
4429
626
31636
14571
7007
9866
10143
19985
26973
2176
16687
22863
32024
30002
10935
6173
12217
27760
728
5228
29178
12384
1583
20271
23702
25632
17266
29722
9469
32174
21947
31401
19021
3845
6435
22629
3710
10889
3475
10339
4060
26277
23511
27661
5819
17587
12532
18724
27494
32540
25532
26886
18520
704
6303
23853
15535
6040
22468
11513
4829
31897
18777
28847
4001
31452
3111
7617
7478
13309
23145
26704
14026
12225
28894
24047
10289
27899
27677
7594
30171
31152
4137
20807
259
22137
11845
19403
15402
10537
7433
28992
964
688
30390
19382
28465
15423
4551
29064
11758
12205
26568
8416
17677
20250
24171
13437
16610
24530
9945
21940
12032
23667
10054
4021
29796
16979
8904
10256
21487
19996
4969
24696
14618
27577
27259
1478
6885
23926
11051
28737
2832
24162
4953
22812
17806
17400
18087
10560
21559
25343
12240
9548
6845
15279
3132
6874
24289
12565
21969
29445
8422
20409
32523
20008
22598
26493
13647
3303
26789
31944
7548
27252
25347
21732
16068
3083
26421
8613
4026
10687
14742
4172
22955
13433
24826
16298
26162
7486
24803
24969
11015
8624
25592
2887
26648
16856
27314
31172
27611
17186
21081
19583
29154
25769
18479
31739
20400
10421
31979
3944
25547
22402
11368
21887
31506
8004
19871
9390
8273
30055
32467
26229
2579
7451
523
29200
6839
30480
24005
31318
9926
32382
30185
4833
30084
5993
12540
4207
12229
4643
32150
18568
12546
2066
19478
29793
28332
30131
20628
15105
27072
13791
8471
9890
24220
16974
1032
2394
10001
23897
743
5370
697
2308
5437
10807
14731
28475
30674
8967
19628
8028
1055
7246
10632
17654
7174
698
4898
15313
32193
26347
13736
9518
5145
23768
6219
25167
5848
27246
24910
6202
3968
18810
8284
8379
5693
200
4894
3240
23321
6284
6157
7016
20335
28162
17285
19382
930
27218
19227
27043
3342
8374
15153
15834
2111
6110
10952
16936
2913
17044
24981
32572
7416
27548
9302
30635
722
6366
7014
17463
32057
10695
1935
17744
17005
13548
14624
3547
20049
26864
32064
27443
23140
29864
30082
11885
4595
14974
3514
6881
22157
21267
1038
7653
10424
9001
14160
13276
2274
2239
12171
7792
25754
25469
5339
20507
25600
31827
2178
12524
11130
4190
5177
8328
26025
779
9156
22895
10652
31614
15561
6528
4419
28981
26850
13248
5158
27624
1521
28503
31318
31412
28852
22491
31652
9849
15769
25297
24338
25473
29651
3697
11911
18018
32429
23978
21191
37
18718
21862
11169
26023
14238
24335
30827
1600
29753
13394
9387
5539
16610
14371
19735
11525
17417
24833
4288
10114
880
6267
650
7612
314
13299
20191
17605
12101
27298
27044
13375
11449
27868
22636
22465
481
149
27884
3965
20026
18213
944
17440
7370
4168
6924
29178
21171
24169
22100
28511
27656
32
16719
29261
31455
25337
26602
6478
7336
887
5674
31648
22973
7768
21604
1172
9018
1819
29616
7732
25358
18368
16027
28456
21074
28111
8732
12251
2522
10395
25290
23257
266
7368
12875
15484
28395
4363
14608
9671
16766
22577
26687
18066
8017
7267
10225
29415
10063
28584
13726
22445
25308
17835
18133
25219
7714
15039
17457
24815
6821
19488
12424
6840
20510
25979
4197
27536
12166
26545
26041
8182
7281
3289
5069
6491
4253
19844
16251
32132
7627
11076
32670
29999
16845
1135
29127
15865
16609
21792
1842
4991
31293
2431
7672
13252
27371
17730
14981
723
21207
17524
30029
4517
12327
14709
28859
3140
1226
19523
27498
21297
6740
7927
17048
17411
14345
31635
30936
30034
32567
3834
5382
27091
25034
21824
28032
32452
26394
6948
13203
6539
13063
14555
21300
22682
840
27152
31473
19349
5888
26408
24615
30391
13458
9162
4980
9586
16823
22175
31087
20565
8654
11862
15255
6707
20083
22508
17802
10370
24146
14890
8824
23297
28221
2671
20182
9886
8317
7855
21079
6038
9830
8380
13848
16094
2095
1732
11034
3778
7936
29979
29942
27340
30027
27963
27852
28391
352
28170
12413
12740
28220
26971
21018
1661
26274
12982
7068
376
5742
19292
15061
17551
22053
12166
27046
22125
13520
2286
26227
2363
21515
27280
20692
13437
19033
31154
16013
17974
32698
10274
7361
28499
14464
25535
12642
28486
16990
24378
20716
17138
30658
22558
7251
15047
3428
32270
23353
15406
24095
24398
18021
12839
10497
32390
22129
28976
30110
30146
27330
4714
4777
19132
23742
2551
25285
22622
21304
31910
27544
29059
27183
6354
23329
8446
697
30343
30540
10973
20282
17127
11204
13039
28633
15052
10761
11395
13109
14511
20418
30579
20307
22985
18260
20065
9948
32375
5811
27201
28293
10723
4217
32535
18126
1249
23349
30210
7663
2071
773
2170
28175
4449
18791
8406
11192
26740
10060
9233
30856
30401
13678
2253
28201
13980
28388
24472
5507
7581
499
12399
24111
1606
9000
20864
10799
23783
5795
6964
16861
5055
25526
7533
17442
8804
26287
14861
26344
5221
13553
18615
7122
27437
1866
10201
27946
22314
7808
24298
10011
3119
22061
13808
8480
13591
22989
26182
15292
19116
12310
18588
26220
20935
4232
9279
16858
17592
14148
923
12883
11239
11041
12798
30331
10684
10749
18078
5695
32189
12113
24798
15884
17142
18696
31181
23102
28062
11922
28399
1756
19447
20020
10817
10114
3702
17570
2935
15262
6948
29391
30344
17119
12356
9732
11116
17899
6710
1584
19236
22353
155
15999
11772
8382
3770
5165
28429
20595
31523
24477
20741
31478
12945
7077
24619
17672
10773
32556
30109
27096
7281
21752
32732
29046
14018
1473
13451
11146
30819
2186
3956
16966
18957
11569
17100
31129
4163
30020
31928
28326
15597
28438
9744
27508
9283
18194
32354
8935
6380
848
14650
26863
4967
7526
160
15103
26795
28289
227
11457
21514
8628
24981
3336
22619
8335
20439
22278
15448
11764
32215
17343
9797
8998
15254
4029
6867
803
3311
18693
25411
22580
24789
14667
7886
4034
19932
16482
837
18539
30714
13046
4341
18005
911
4477
15821
450
14756
11115
23491
997
16752
677
15987
1525
4897
825
25609
1663
2009
25420
9570
18688
10998
16212
12654
29619
12438
18055
22489
16296
13658
2962
26346
28438
11115
19855
8363
32242
6331
19761
2890
16576
2702
578
8383
26026
25144
17744
8623
3023
24360
16803
3984
25821
2597
17266
4623
5346
26072
13910
19374
17503
2187
26622
25010
6303
816
25381
15164
1606
14757
30401
15286
12845
4150
15741
31856
21613
4708
14698
18827
20922
30436
22513
26135
32499
9451
29197
23416
17142
7849
7351
22542
2745
29971
23969
24853
17303
10470
6182
23497
20455
7401
18049
12750
10707
32114
21310
5328
10344
16683
9967
9575
6889
10006
15904
317
11881
21967
23437
31858
20888
18
10898
2623
2782
12924
26082
6362
29862
11926
22140
25754
21501
30479
16091
1628
32091
29001
1645
16677
31680
16408
14663
21257
11779
15302
12311
19787
20071
11098
29786
14277
6256
8985
13519
906
245
11342
24107
4299
13429
6727
11278
19447
20399
12448
17974
9766
1644
32452
15859
27832
11424
5296
32730
17465
21937
29946
3518
19080
32279
26642
5340
9273
29477
5321
13398
31031
27942
527
2019
9390
4012
26113
19140
7208
17445
26147
9978
20982
8879
11497
1206
5841
23854
30845
28177
16065
24731
1724
23293
3390
8351
641
31099
11413
16736
22055
17935
13454
5019
1865
2161
1100
5875
32716
2182
29556
30344
26656
3982
7826
13260
30402
2463
21176
29586
22790
23378
23656
8552
6419
16316
15795
23847
9519
17056
4003
26312
23613
10978
4823
31865
17283
26943
13165
24304
18865
24380
1061
28672
15135
4700
29890
8042
19287
8086
18356
6645
22483
774
2805
28353
18440
2019
6193
7896
11939
29873
24617
19206
4114
18360
1369
29675
29254
6068
2520
78
6583
27854
5249
32180
6057
9675
4432
20273
3502
15748
12558
15999
19053
1174
3121
9037
9121
9050
27902
5337
12645
30744
1264
22977
20142
9591
4445
2583
793
25912
13143
6067
14823
29476
32465
12493
27205
9283
1282
12491
5329
32335
24079
4951
14939
25448
30180
7605
12264
9737
8290
12883
29693
6459
14528
674
26906
28937
20523
4901
6532
1843
12208
17864
26695
22567
12636
24178
21372
19500
13474
13789
11208
8417
12796
3750
25893
1766
12757
16544
25829
18393
10919
11886
28916
2180
2657
14673
9309
31572
28427
10046
3343
5901
21164
12084
22242
9661
11884
8140
10197
16367
22774
21522
4505
2080
9248
27283
15444
14967
32206
29367
11935
25776
6163
1105
22224
23130
23706
30069
14719
14658
12101
8842
26947
4655
17427
31903
11197
2511
3143
20995
28632
1522
32455
1295
31054
15094
16322
9543
25967
11650
27541
7842
27934
31864
2288
29477
2076
1828
26164
12982
21897
17338
26144
9520
28071
23039
32685
23219
226
22086
30006
5694
26637
2206
1756
18047
2543
25674
9257
233
14846
29553
24820
13064
29802
13079
12676
32273
7005
27468
12792
28862
6530
22435
31973
4952
3524
13286
21826
31253
25688
264
10113
20901
253
5723
9727
6664
24194
21251
1182
930
18313
939
6064
8849
3212
20599
23064
27710
23325
18233
7851
13106
6770
21991
28893
5420
28960
18765
26777
3952
22567
9215
30064
11617
24367
24978
25846
1362
1553
31243
10345
30618
20377
14744
7572
25574
29067
16510
24307
18644
17891
16211
24344
445
24929
17261
21325
5841
29509
10138
12667
21354
21080
32017
17739
5786
23339
169
8330
4614
931
28745
27346
27384
18357
21664
21607
29103
21359
4886
12383
25338
3640
23554
31238
26629
27480
18717
18816
18546
9147
16439
31664
683
15601
28200
4441
15991
378
28170
2435
19916
20033
28837
15137
12261
22886
30763
29168
19091
22080
31782
21154
19928
6819
2478
19004
30130
10590
13279
3261
7733
17928
26762
26368
24028
30205
32043
26595
6689
4771
2075
9385
19019
20722
23047
7325
23688
25139
11169
32760
28987
4615
21397
24069
24727
1452
6335
32387
15981
124
29851
27211
20546
20918
23037
26419
10661
20353
21506
27441
25280
814
4422
19140
7468
27326
12119
9871
19210
29604
23146
23623
27727
4812
5453
32464
13919
7643
15773
6563
23006
18873
8249
17267
23234
29261
12790
17424
11949
3975
16533
20875
5499
31652
12274
10395
24598
28333
6013
1087
6546
21313
21486
14501
18038
22677
24885
30027
11863
26041
4272
29284
25516
21021
28577
3453
32221
1875
29151
6496
14749
28694
13516
25913
29562
22668
28294
16119
12466
9160
23906
29941
10825
31379
19350
6874
3672
22380
31541
5566
27560
5069
3681
13198
31615
23216
16316
20913
15802
9298
32543
22251
6940
7991
18063
1154
486
10862
15212
25248
12456
17686
28652
19449
9046
5921
22728
23725
22174
30552
19253
18544
21881
4767
5910
23528
17665
6267
4464
11606
25218
4305
8990
16505
10195
16113
12230
8624
2535
13778
26891
15454
1439
415
25092
28818
28386
2675
30445
11240
13808
5218
23837
2474
5875
184
28472
15931
26584
13445
2470
20918
30812
18521
2884
28114
14442
25932
20057
17161
6308
29505
11723
18681
22848
31852
27283
24074
15125
27154
1390
2641
18165
32400
24789
27060
7998
12447
16176
335
4012
19414
28999
1047
20337
31345
18681
19133
10632
7248
9264
726
32582
3907
9236
22840
22834
19588
25727
9127
31254
32645
18353
19889
10326
31212
10822
3286
8577
10460
4965
8172
27686
28535
13625
7618
31721
2721
20901
5892
23509
25094
22323
3934
21236
27230
19022
4580
14109
31984
20146
25778
25102
18516
25888
8143
31931
15998
12630
11096
5349
9208
23614
26842
12525
9327
26214
3071
21995
4209
32432
26221
13307
10357
12619
10987
27863
6428
737
27589
10411
3254
19474
22642
27940
30216
26914
32373
27338
30797
4590
4481
13457
4218
28197
32480
5546
25542
14772
20502
31135
22378
3458
8385
6815
21925
8286
11203
27159
25604
5174
13219
26498
28384
9097
18993
22913
28200
17182
15209
7470
18273
3063
8090
32685
4330
385
22728
22021
6789
2061
32590
18222
24339
8067
455
31852
17311
13909
31791
11227
18334
10419
2630
12618
2677
16382
6453
10572
19004
18046
31860
17037
16322
855
18923
14691
31697
12985
16728
12709
10675
20056
17136
25280
23284
14876
6473
18951
16490
10521
6775
22347
29811
20161
25718
18348
14974
12376
14536
8878
22477
10921
15198
3472
27001
32760
6332
26841
23478
567
22361
27699
26200
11645
22596
13436
12950
18099
19213
30747
3598
21137
6371
21904
20234
30921
2810
28751
19970
10113
12336
20431
6242
2823
17903
13534
16524
11712
10325
22839
28449
21602
3474
19798
6525
27235
4242
26763
384
4786
20189
32590
25236
12452
7611
21458
28651
32049
6811
29917
2057
31840
6837
32470
16771
26368
15855
29472
13574
23705
10493
6566
10394
29090
10957
8375
40
28148
20770
28437
5946
20351
12415
23624
26627
25916
25414
17208
9119
5730
1057
8955
8092
10717
10145
16876
15544
8700
6437
1789
10988
106
24318
32078
11946
1631
18896
13822
19300
17687
4923
31809
30541
4740
20411
4018
15459
13888
14285
22763
27309
25285
3156
19539
16321
20192
6714
28472
10122
867
8538
13086
31304
12571
8862
6998
23512
8961
22884
24786
8246
8372
25639
2103
22848
21799
24667
7732
29117
3479
32152
3603
31133
25793
19451
18061
1922
11857
18890
8419
21376
13981
29782
15914
28449
10899
24614
20198
16045
15344
7249
30939
6056
21940
25900
20256
10395
29906
27173
4213
3608
31019
10991
8150
14584
701
12256
27473
2535
12056
8599
13588
17955
19218
993
29386
18816
19644
6110
14120
6576
10645
10591
22978
16065
23805
19347
20772
1255
13036
18659
29470
2940
10979
18970
3935
17733
1827
30921
6213
19959
23582
8426
19956
14585
13355
5571
8102
15724
7037
24077
14146
25449
10326
27478
25391
5769
21368
24740
21098
16811
13533
11355
22230
22513
30887
31072
8660
28428
8282
15231
12052
20154
25673
23306
20907
6540
18766
17347
5989
29421
16062
23292
30300
18016
22684
8445
30921
5129
31245
422
23323
26223
1036
6230
20550
21888
23647
27403
24670
15062
24778
24778
5476
31544
6786
30529
27232
2404
17892
31659
12463
1547
615
19188
24479
8478
16080
23837
569
8264
13733
8163
14174
11964
3555
25755
30742
23088
29683
25953
6180
24873
16091
9585
13534
13946
30130
12501
1595
24071
18774
32577
17966
1743
22113
32315
8754
1578
17240
1662
27430
6222
3878
16545
30556
2584
9161
15604
27373
12298
332
17067
23119
20112
5365
6718
31529
22407
4287
22287
22373
8447
22282
25678
13959
31040
20114
22809
12606
15372
12958
22504
9017
19748
13178
32041
28476
7182
31526
8487
18803
5396
27216
28976
31750
9104
8576
9207
23021
10599
10899
19767
21510
4052
22122
5273
25701
21863
8931
21464
17387
15693
15624
24611
7706
977
29575
707
14119
15395
11619
25853
14417
15192
14568
29498
5746
13491
1764
31589
18132
27427
9748
2709
13893
7180
4829
19948
13934
1866
12092
31423
21856
14452
30464
502
21360
30045
17463
4790
11077
30177
14310
12350
24623
18654
6909
24335
1722
2688
19337
11600
15236
20418
2604
6768
31819
27441
15306
8717
5962
28403
29574
28181
9414
4105
22765
29739
16100
20177
15984
588
27581
2255
31768
32434
28084
22444
25205
24312
28168
24959
23000
6784
13733
32332
450
7186
26688
22218
25755
30405
30114
24682
5031
25123
13636
23188
16183
16776
24605
12596
7964
15051
23736
26741
16225
8224
4489
30156
1338
12605
12673
10809
55
30652
14048
4554
23485
17089
75
27744
1207
1500
17438
9141
22409
7985
19971
25246
27205
18646
15044
12686
18210
14716
9821
15452
11050
14418
86
9542
7474
10278
31311
2357
28943
19917
17629
6467
2823
21958
3732
28026
30598
23834
31077
29918
11026
390
31275
9902
32385
15580
22144
22760
15210
4007
13525
24587
19673
16142
29378
23584
26695
10747
13722
22267
17097
31100
26947
6079
9863
12393
8516
20384
31856
24135
4128
1005
7724
31084
2275
22861
1106
9316
16122
9289
9436
25236
14407
25354
5592
29
9589
1124
18528
12547
5257
8212
28619
11151
12730
1094
26917
16881
2691
15451
14045
16170
1782
29928
25790
2857
3411
24834
26656
23092
985
1209
20576
27530
9436
2274
23437
6983
22808
31770
17252
19335
3141
9479
22143
26830
12268
18913
12745
3496
24696
4401
11829
2444
24720
24537
22192
20230
24228
22613
31316
3350
14534
24384
11998
30675
12988
18714
22370
1107
21075
5448
829
7119
22006
23132
14668
2563
31102
18327
859
10964
32076
24492
19936
6965
9109
20679
28650
29003
6142
3534
28500
16335
30057
3303
21822
26805
24078
20282
9917
779
22989
5624
21970
22563
28354
26780
16025
15348
10267
20593
1219
17598
32550
27988
25926
9709
23214
18363
20563
12864
6280
1014
24457
18730
21865
23221
31848
13177
26363
31435
19208
13109
15407
14385
11531
19147
6100
11342
28880
32618
22889
11125
233
6830
18479
13232
10192
12156
5251
14524
15317
26157
875
29012
18267
21486
30831
2483
324
24934
20906
24404
10666
1178
18976
10748
7888
21006
22098
13818
15960
10541
12048
5037
26294
32747
32399
24648
11492
4521
25531
3026
6743
30041
16334
16497
1843
24290
546
20199
25787
4038
26179
17501
3083
15106
22601
3424
25865
24630
29541
18985
31129
25093
20153
14369
18704
23487
3181
21668
28652
31293
24319
7429
30658
23565
30938
4051
25463
15568
6699
21339
19379
28639
12528
9582
8083
28213
16209
30821
23966
31625
31796
24929
22779
9914
25100
15320
24289
10608
8177
9805
20558
27393
8438
15454
1020
10897
7607
12804
1169
5246
27697
13335
32533
18171
471
12816
30122
2554
23522
29971
2679
15952
16872
10285
30438
18451
5808
13786
783
30791
11077
7882
4468
14778
18505
11748
4846
1325
24972
11660
30439
24756
10205
545
27594
28256
27936
19914
952
19994
3745
371
4477
22226
22952
32530
20930
27354
7758
12591
13443
27532
25742
15267
23236
4147
30623
10656
7296
9257
15233
15601
10979
28732
215
17027
8889
21334
19188
4133
8997
20062
15416
3980
15510
1881
7325
31386
19447
2005
11917
11488
5670
14983
17911
11873
14248
27699
21921
23448
15515
21452
26304
20157
29931
26077
11974
28229
22729
30503
14203
17576
4441
29323
19791
1382
31147
9771
10222
25420
11245
27597
278
7155
28383
12416
3493
23691
6023
8065
3319
25558
13093
29791
25198
1399
3433
14430
27986
29293
26340
28441
4828
27355
28605
30316
11917
15626
23205
7569
23748
13744
7180
14217
21392
25971
10645
11454
15811
24489
19912
20454
19528
22114
25608
31274
29110
14248
4292
12936
31780
12293
18929
25718
320
13894
17335
27080
20635
1151
5482
27603
24647
8783
10941
24531
26532
25701
21810
8842
7287
1347
4565
30506
17980
15170
22314
28021
7102
28631
32612
29475
7908
31764
8919
5252
27342
3698
30384
12390
10272
7629
996
9017
7070
3504
19046
11633
762
26579
9373
6444
13289
20194
32533
25365
12668
3712
14453
27272
11182
27788
15793
27895
7482
8099
13952
20620
31663
3814
22033
527
11717
16125
9209
27147
15346
4188
20849
15660
28473
12996
28350
11244
21059
29197
5360
13678
18608
16420
22479
8618
12463
8272
5139
26315
17100
22457
28115
32213
9226
1834
4928
27275
24114
4630
6035
31376
12906
30425
31300
32716
31241
31809
11901
2577
2474
22605
14030
25599
19072
13364
10530
22309
32233
12713
12018
31592
24389
21854
21944
5545
6152
31431
17319
18850
14862
13600
9369
8977
13359
16817
25417
14873
29972
28497
706
30437
12360
7977
11287
14478
31122
17082
17493
25407
10883
31522
7862
6551
17995
15770
7959
9550
20433
8516
24748
21276
17922
14884
13555
17878
14952
9579
3814
1243
13823
11004
11893
18862
24645
6185
8243
20708
7313
14269
25936
12865
4517
2880
22471
1054
20358
10614
7896
19981
1932
26153
18361
3776
2741
10024
22153
22823
574
2704
25477
19673
5749
16970
6270
28085
30665
18645
8843
7881
32291
21318
27643
17523
21113
9357
12941
20933
22176
9721
19940
17710
16225
26879
14901
22615
5328
30263
15171
26444
3289
3495
11149
21212
29724
15428
19397
25154
6395
27318
9861
26629
27888
18780
23614
11804
20516
15760
27505
27990
15166
13356
18721
21497
15225
32076
23944
24489
29946
5462
14601
3724
8032
32568
5478
11180
12444
5105
30515
15005
10755
27475
906
18015
15265
16903
24065
6021
12753
209
8921
5527
24843
18709
20856
22454
1020
10907
15129
10366
16348
26255
18883
305
17148
25548
13175
16401
12702
14426
28078
7693
21770
27700
29955
10144
16606
22863
15660
15607
25254
19673
23854
23890
12204
19902
19409
16812
25874
11377
16466
2718
3613
16361
2905
1409
17620
29674
31786
19667
24778
3205
9759
18395
2104
17122
6742
19856
22350
7997
27047
28344
4555
13359
729
11085
4812
7983
16661
5924
28385
29272
16026
12753
31846
27501
16307
30149
13841
7194
18918
25273
11207
26492
15215
1872
30132
30948
30445
19959
23962
6104
30554
4368
12905
32091
24640
14929
31249
3695
24106
29030
30100
8151
27481
7646
11103
10017
19641
16452
27610
31972
23316
26252
1086
5191
27780
16306
5031
19394
29230
4765
13930
15145
7725
7241
31656
8934
9677
6437
22819
24709
29690
32186
4433
3191
24568
8846
16303
9487
15444
26440
32600
27345
21018
4372
24534
20972
7240
26697
7224
11525
22403
22858
18532
30006
14857
7338
26799
21335
26599
10899
10155
20092
30572
32104
7744
17342
6621
26537
25087
2879
15466
279
19890
28264
13665
28441
14392
21365
20898
3167
3472
16948
22099
13253
32307
9737
19156
12922
14503
28982
7925
9569
24913
1369
359
17847
15499
1334
31345
26871
16118
29623
7908
14330
30737
17457
28497
24931
2827
16361
14201
19258
10710
25815
517
2007
18045
8618
29816
4610
28343
4876
10081
5208
1468
9766
20181
16369
20567
17511
18204
30271
1853
27777
22955
19001
25501
23733
20050
7353
23032
12881
7351
22563
30515
8823
20995
3912
5099
12319
32475
906
21000
863
16786
22080
6293
17899
16541
26972
463
10456
10567
13131
28539
30629
1702
2588
14717
23675
1229
10725
10919
14772
29763
31330
16335
15515
8628
22496
23844
3442
21991
25433
28098
16570
4592
7649
8579
28078
23463
21312
15640
3601
11864
6113
12377
2857
25532
24043
26330
7180
10536
26029
1727
22810
21765
3391
4561
10443
12416
17254
7377
27051
2434
8633
4364
32162
8419
29186
11311
6777
18651
8935
12893
922
18361
28618
1663
4375
21207
16365
7387
10222
13773
218
31721
1932
31205
2
16225
4239
8655
1956
20889
26832
19862
17136
20238
8353
23251
11629
18496
15699
21793
4504
21956
19708
19152
23246
12948
26486
23006
15979
20649
16555
2338
52
7116
12304
16843
22002
24233
20848
32009
11872
32293
8939
31242
24391
32497
17470
4136
32488
2399
15173
29025
27802
24437
25022
28935
19636
31041
24655
8888
31661
15211
23243
26001
15490
31761
12721
12191
9816
18894
31989
11670
5475
10524
9219
2758
8966
15325
14082
30026
26940
1844
27989
12931
5430
19353
28008
22469
3398
9005
16809
31567
11771
23114
7892
29057
25230
13919
24436
27209
7292
7931
22695
735
28277
23847
27681
8114
20085
25849
31603
8866
17201
23910
8333
20847
180
23128
20354
113
14410
32000
17804
21898
8093
28270
26960
14170
29470
26719
99
15537
30630
16470
24076
12362
16221
10478
28492
31926
13788
7534
18459
5270
14222
11166
5621
11021
14428
4057
7061
20597
15753
22372
6657
18257
11994
31998
19142
9603
17147
13240
20357
5568
2846
21511
15022
19776
25061
7960
5516
2490
16770
19555
1922
11151
17693
5507
660
16454
22901
13381
6440
4408
24779
1791
24846
2700
19964
20259
1983
3686
31469
15891
31714
2140
15915
17463
20501
21802
979
22094
15081
21158
28080
7425
22574
11254
16036
17086
3954
13824
5449
21443
17348
28706
14807
25721
12478
32035
841
29188
6338
10346
6075
12568
10371
19310
3095
16142
13255
10094
9968
26935
12140
1890
19118
32368
3241
15921
19180
24310
22935
21796
12574
15996
19184
32411
13431
19579
4886
8447
26890
14026
10839
3575
27183
14958
27759
14815
1064
14003
12110
1910
8452
30332
14108
31702
31940
9175
11131
28330
25789
6612
29196
2715
1597
2200
4660
12811
4209
8109
1568
7174
11654
12956
7430
15733
5903
3006
21166
21141
18855
24911
16434
7336
7127
8388
2562
10219
15418
1118
28458
11719
23262
9984
24024
26443
494
2622
12568
25562
24974
17078
31715
14369
4871
16035
1368
6476
5924
23215
23113
14458
5084
14601
6137
29294
5424
3768
21540
10119
21847
23343
17984
20466
20505
15905
5635
8222
9593
24470
29477
20848
3990
7743
23143
25401
28627
30726
11220
26597
14134
24810
30279
12917
11790
31754
7213
30767
24281
27391
13708
14995
10340
10095
21317
3474
15156
6879
1942
3579
1573
26825
22498
7222
22097
7919
31669
12084
11827
16366
3331
21414
6157
23574
3504
11117
30598
11385
26197
338
7832
25666
16962
17656
10665
11337
27839
782
26360
31972
5016
11721
19771
18943
4824
18834
17799
13679
11732
20988
19567
15235
22891
27384
11888
3548
31629
12876
25485
4223
17402
17729
20022
11561
588
20124
24942
28899
7480
12496
29229
10197
3857
8306
14339
27487
2957
17133
16639
22118
13004
9591
23759
21484
30102
8260
17192
15332
3813
31225
31081
12868
13987
24419
15227
31835
29108
873
27643
16485
9015
31551
20379
25437
17161
10973
6085
30994
23947
21936
130
31357
16550
10127
1435
13906
31244
18928
29438
12245
2752
22876
21602
24559
29656
20256
2094
3201
130
13126
31127
10744
28997
10947
17929
31522
27785
13810
20937
25408
22618
13121
4056
7772
361
31275
282
21468
13139
8806
11959
14168
9766
19293
9154
11177
25890
30688
10777
7234
4796
21018
20108
196
11753
27588
28737
16076
15512
20121
24406
24079
32640
28938
20169
17066
4893
25394
7573
25011
8693
18444
15134
9236
3104
28388
10959
27545
10247
8459
27394
28231
108
30671
17184
23536
13227
20138
15625
516
22591
9658
19894
25002
2695
2161
28957
27663
1994
19598
15700
22782
31354
15692
12538
19378
23477
1753
16595
14824
3601
30217
26802
18744
5529
24652
17308
5796
4371
18398
28458
7282
22661
4157
15919
10807
25847
22240
32411
9013
25977
17446
22175
30438
9576
26765
32018
2009
10222
31268
20756
29885
7368
1603
5361
30652
4684
27513
20552
20490
2218
12230
7532
27069
19058
1802
26122
14303
11862
7614
21260
29889
9778
31714
29630
15507
16201
5174
24623
13874
30673
21421
23259
15937
3507
17695
13702
18555
10892
7486
32107
27463
4343
17099
12950
18829
12046
9994
3727
20169
14894
627
7736
29022
14331
18858
13048
28460
6308
28337
28441
14436
18025
16989
29039
31899
20058
2566
25659
3614
1633
7555
29518
3974
21634
8533
28018
8076
31586
12579
5381
30494
4102
3687
25575
11698
31966
10086
18071
6106
13826
2661
4760
29720
699
6426
15386
23028
69
4193
3798
8013
16851
14384
28218
10221
12756
20429
24774
21344
6261
2622
27318
32005
27495
12034
31713
16997
19170
13054
29921
964
20458
23994
1908
21238
4049
20173
30242
17524
30973
30614
30496
22191
27883
23853
15989
25508
15220
13977
29531
20657
25423
15172
5352
28839
15320
13740
4589
19488
27663
11866
6175
17427
21220
17176
24180
17061
17586
32351
28368
28226
16905
17167
13025
4845
2992
8290
18503
13780
14314
8739
24569
1832
11513
28955
11492
9771
9441
22477
9685
27531
7790
32611
7832
11758
24440
30951
31842
13518
27750
26294
2412
19847
6385
23090
11233
13998
5675
14776
1018
21925
8639
17106
13671
27244
14970
31917
24562
13754
32266
11981
2911
17741
5126
12287
2710
23166
18991
8591
6660
7960
17910
27324
15678
7274
28478
2153
8167
10395
30818
1301
32213
15934
10106
11533
22127
29222
17626
21216
28505
31612
21212
14356
27220
526
29408
28183
29279
9962
7056
17272
17442
31532
1129
4439
5517
22804
27255
32027
8381
21340
4703
611
22047
11976
11171
22846
31191
6654
31010
3230
12387
6040
25310
21770
15995
20088
21762
2964
60
13403
4132
18699
23430
18097
20167
1393
12707
17837
25636
19375
5161
9624
14378
21896
16673
10858
17603
9164
10856
24987
30809
26318
3158
28215
8601
19223
22430
23345
18550
32348
29301
26617
6257
174
5367
848
16408
5617
17606
26716
27085
27535
13300
4599
12745
18030
1827
30797
15713
19743
18154
19622
22407
16984
123
10112
13971
17316
22915
23777
20292
24665
6994
27371
22785
7370
31036
14001
26469
13759
5695
2889
15611
14370
3558
3875
15174
16635
1132
9112
5125
31135
549
25286
8116
9251
7706
12188
32086
19479
15347
3121
24434
28529
24859
10842
10844
13256
25886
27259
18357
31683
342
15517
21301
28880
966
6081
1192
21785
10566
31604
31543
12724
25313
12196
19945
13593
2683
14002
1386
21978
19126
9672
25354
3470
15895
22381
6408
16398
2405
11351
22545
8933
30034
20096
22020
14593
19294
10876
12792
13999
31223
4873
22912
25030
17381
17128
21294
16929
32485
12523
4693
13907
9620
27216
14355
16535
16527
26445
25999
8198
27353
3564
896
2573
30077
22297
8943
6173
28276
18937
23357
15780
3784
16766
18791
23101
21498
12345
5257
15395
18594
22127
7073
9964
16469
7790
12438
12916
2763
4897
1145
5655
25153
9443
10506
13347
6429
12433
19326
31116
19153
31971
3199
26082
5121
8700
6517
20353
5608
3903
27396
14344
18680
9061
19669
17676
25280
2764
4762
12557
21267
22546
7756
18600
7271
2787
7095
18447
2939
30991
5433
11447
4669
19936
17863
20304
18922
5034
19504
23034
24695
31651
9126
28342
30000
22517
1402
4634
10399
31762
6183
11850
25519
30536
3986
16931
6673
23957
8848
4281
3039
4796
31145
25860
19071
19352
31516
15830
1227
14769
6178
30224
24174
5389
32631
15638
22161
30793
22807
29568
440
17128
28485
16403
6886
30186
26834
28911
12296
16032
30876
32009
28048
9152
9813
14812
19809
2229
5254
6492
11499
31544
26579
1068
3735
32548
13184
9232
2661
19590
3892
12965
12755
13300
14845
8272
27394
7457
28309
10100
1812
21422
19684
8168
6104
5698
31941
9896
18601
7132
28173
28106
16019
872
22986
18612
17336
24977
26824
18573
16882
24791
9050
31985
20666
10209
3670
11497
23113
31252
6498
7194
7164
18020
17006
12348
1533
6250
4738
2766
15904
8119
22458
27400
18955
16745
16527
27666
9370
26620
15447
29555
17026
1378
17679
25548
18996
31573
30297
26566
772
24044
5569
26953
16266
17516
28740
2287
18248
7265
12563
10680
910
13038
5524
25855
29595
26722
8874
31404
11269
16907
16182
4524
25947
20047
22494
23710
24072
3832
28685
30415
4986
24016
17466
3433
5764
32622
24942
10471
32513
22607
22016
10956
17083
30761
24483
21397
29579
28539
15012
25836
10433
9065
30316
13342
6085
5063
29516
16591
8191
18292
28026
9197
19957
21225
14678
27362
6579
11537
5362
13070
25712
18012
13010
6516
31086
5647
25072
21171
5666
4574
30467
32569
15765
17340
23297
4019
23306
29170
25315
19911
30689
3438
21672
23814
2235
23134
15772
18460
5599
1790
32218
28234
17117
9390
11536
25879
31089
14152
15490
8770
15273
20144
31314
506
24906
24237
23038
32081
17521
18679
9770
9455
8566
19857
32672
13315
11797
21848
19861
20352
11216
19165
814
17797
31119
30064
24130
24860
26762
2685
866
9768
22632
26908
6934
2457
24232
13283
21610
31202
32065
15614
28841
19373
11397
30850
15465
24269
15435
26879
6599
3956
20557
14933
32756
18342
31695
32456
5105
17645
16514
16982
16022
26191
29863
26695
25561
5757
21623
1799
8013
9805
17091
13873
10729
11114
31960
748
19723
14154
17829
32378
1724
31329
19488
6926
17206
10133
20709
19166
20388
11249
20256
5498
27176
3741
11438
5980
4898
3342
13695
8128
944
18298
26175
24758
28017
4495
18997
25973
26511
15204
28779
17138
11516
26288
15375
14001
4091
15418
5145
10203
18147
5520
13870
16018
30239
28412
12484
1409
7034
13748
18568
18871
16026
18001
19708
11445
2761
12162
8293
7365
13820
3330
30436
10126
22797
3783
4323
23270
7500
125
29874
10215
25398
25906
27506
31813
18052
31571
17715
1502
9064
15575
10329
21651
275
12218
28740
20055
1402
6829
24368
10629
22106
29196
10073
24951
2937
4368
3939
22868
5680
4934
13818
8489
16934
25151
14518
4412
13150
19337
16961
12189
1396
13023
17339
5117
28707
13469
23901
15811
5387
19575
14941
4189
23217
21609
25618
27092
30920
28657
20569
1956
6575
14205
12087
11722
13626
14367
15296
17438
2229
7048
5175
24035
20518
3124
23926
24477
9427
10722
13712
14114
9476
8775
14774
23028
18698
16899
9047
32206
2432
4564
16523
16253
15057
21514
19378
11249
16891
30267
26200
24468
1682
19255
15197
12251
17927
8510
3154
4890
11306
2161
11813
15004
21742
23943
14593
4851
7020
27841
28528
7821
23083
16672
8387
24200
159
29653
2739
15815
8687
4089
32328
12870
24828
24190
19450
2218
23966
11878
15127
3613
1840
27954
4196
3160
30800
9118
26631
19457
16352
10891
26276
4408
15184
11325
1479
18029
26144
17862
32642
18804
17056
23746
7511
3803
16379
32069
28247
3963
16755
21522
10380
13389
10990
6414
14741
13439
5810
32244
19088
6599
6253
30025
15165
24312
12664
26003
22623
23763
23132
7366
20838
31007
17814
6143
12620
19452
16279
29556
24253
12148
20495
5803
26490
27987
107
28907
6911
32568
27548
23025
14436
5357
31515
27363
13185
21748
29994
25482
21845
2914
16476
28603
15273
15089
87
24854
31728
17488
28633
12532
28018
6077
7161
24218
24233
9430
25776
32179
14827
31916
26263
2301
23882
23066
12786
19778
10681
1109
29422
138
3440
16323
28455
22927
3473
16657
31853
15217
4875
22144
21704
18859
32446
15231
27577
30790
18657
19071
10435
27724
12193
259
11050
16512
14603
2550
31483
588
3116
16962
19276
31483
25975
27550
12741
6440
10855
423
30560
3702
24677
25907
26220
30082
2795
20962
14808
5142
13546
20982
4526
3488
10601
9316
4318
6626
8047
18730
2109
5098
23844
10212
21197
30021
5683
1178
18239
4464
2418
14045
25270
9615
8645
22290
4302
4193
7744
22029
13533
18036
1419
13026
22649
22165
26763
17143
9018
4747
14398
16478
32704
12293
13031
4706
4600
30160
11372
1120
25244
18765
13820
24281
25593
12323
26868
5828
13301
6705
22788
1833
16208
1991
29070
26859
10794
24597
16974
31974
8646
3043
32576
7225
31629
10371
14270
8933
17750
26372
2281
26776
10980
27561
20299
15299
21680
16793
7099
4850
9193
14040
28544
26717
28602
13430
953
29626
10187
26375
8188
13910
10
19283
17469
3428
2475
29518
10737
16021
23917
5962
24692
13033
15136
18283
2216
21444
16996
20827
29664
15940
10419
11840
10748
16594
4258
3307
6869
22263
26211
19538
32475
6001
25999
31297
11004
18567
11298
10828
23496
3737
32456
14600
15315
26875
8791
20347
10587
28932
28316
15056
32555
3937
32346
27727
25791
7087
8336
13709
27049
6730
28411
5344
28724
3167
11740
9750
11078
1609
22779
2919
13195
26
492
25255
30671
5239
25489
6849
3244
8618
20192
15712
8038
242
21734
239
4115
18461
21004
14020
30463
18777
16026
27032
6478
17736
26745
16443
4323
850
31293
30853
11137
17471
29539
3728
17712
17157
30166
25636
8675
14302
3256
31859
2647
4510
20576
8199
12350
22852
2975
31992
7581
29647
17992
5986
13171
13907
22767
7702
31643
75
28144
30608
20979
20529
5044
6954
10430
1612
17455
2703
27719
18890
1453
32625
18888
17422
2255
8575
23945
9803
26576
22673
3148
11602
27405
3878
3049
6056
30405
30993
24374
16860
1565
12911
18729
23831
22375
19164
31553
29685
11683
4327
801
12691
19270
12739
15231
7914
2619
319
17468
19035
13608
32247
17876
3466
1522
26060
1017
25968
28035
28307
891
4268
2251
30474
18283
26650
26372
17424
27008
9639
1339
7701
4537
3428
8972
25295
4420
11481
21677
24366
9375
9371
30254
1427
8445
12321
25598
21565
4331
24531
7346
3
1075
14692
12290
14153
5889
12898
7956
4397
29764
14603
4606
32001
22359
16227
1670
17918
20705
31875
23595
32566
21242
22580
24938
27595
18575
13500
17978
14175
15367
2808
6105
4811
20774
3243
10698
2324
5682
16662
4127
8347
28757
20425
3828
7315
10051
28088
9020
29368
21532
8337
2240
18750
14228
19533
24932
4360
15185
16134
25004
4123
8853
12040
9856
28754
11804
24362
6188
9811
14152
23903
32427
17601
1659
3976
11045
4020
26820
652
23222
25702
18623
12203
13937
18735
20150
11279
5285
14771
19468
30372
24414
858
30172
22570
17455
17920
13021
2441
4399
27886
137
5220
25410
13321
13182
8688
2458
3402
5924
11271
17021
31342
12432
17528
13640
12015
10408
26274
19892
3634
8584
1857
23640
23042
31525
22151
8303
9533
19248
26735
7900
24269
3134
14158
27243
2266
18469
13482
16730
28734
16809
23632
9240
30778
24920
32161
18764
20071
27058
12077
4889
6895
13965
8323
27040
252
3000
15942
7879
881
14047
23684
16185
8665
2222
23364
29871
16796
26937
31070
23917
14201
2972
18832
32015
1328
1246
32205
10885
8063
18972
31960
8029
20560
23011
30226
3136
2353
5341
26513
22208
14852
2480
19057
25681
32760
14371
22895
5780
16568
3971
9651
23772
1506
11333
28142
32491
11450
6380
27557
1276
15904
5677
2765
24839
703
11857
16279
15680
10120
6108
28301
5088
1631
11116
6878
29737
26387
28899
20214
6308
19604
1992
29522
12974
8800
28395
1939
3890
24127
28488
29137
30904
27184
11822
22577
31391
27299
10913
14522
27046
13544
10748
13156
21938
2536
22491
14962
18635
26899
7479
7426
30567
3993
29395
8163
17899
30685
13015
6310
18287
27943
11707
16120
6593
1944
1639
10287
17069
9316
6553
8482
29308
11835
29830
23102
20411
18952
7876
6614
12350
15326
15207
26811
25444
6191
17771
27917
29083
5440
27474
26448
29991
4313
19981
1474
28704
7745
10016
492
17338
12394
6658
15480
11466
13416
13506
19266
27013
12327
25584
11698
27786
14686
23995
6984
16675
22719
18519
8312
1223
11633
8098
32185
6628
25791
7686
31961
30684
23058
11425
12435
15437
29468
7843
21091
24982
3159
15352
12953
16023
2478
24360
28333
13240
24441
10875
25042
10540
10159
6240
973
17015
5975
27407
10760
27437
26688
16238
24290
8445
2802
18225
17226
7919
13540
28230
11916
19946
7920
28528
106
7801
2051
7218
22895
12238
20505
23534
11648
26632
16233
9806
25780
25009
19932
31971
32358
21131
32452
10252
27272
20364
9419
15130
3385
4647
8745
9137
8346
8909
31003
18545
26846
3252
16528
31446
28321
32471
20773
16477
13179
32318
15955
14057
5332
3455
28647
6244
20730
28037
28595
8617
25200
23440
16260
24738
9610
28797
19284
11693
31798
1352
19392
21573
25629
16591
11452
11998
13035
13016
19589
14864
27882
8278
9943
25336
27094
25832
16481
5340
15341
3491
26230
18957
3397
4369
5893
9234
26466
18553
9419
20226
6408
3681
27591
13362
11854
9810
10734
16400
12020
20955
20513
16207
5878
14040
24412
5957
15713
31477
9776
23953
7526
14445
29299
4864
13741
12312
2870
1458
29164
23716
1783
7800
21175
19234
21016
7553
18330
23749
31120
2614
28517
21991
3553
23138
12999
24141
12874
5270
27934
22188
11325
29132
6030
10092
1811
16970
10832
27819
8191
6601
10317
9093
11840
1751
2284
15507
7067
22906
29736
14257
16649
15638
1253
11525
23469
10640
1412
26429
19976
28596
23221
29463
368
25812
4236
18471
31678
29106
15832
28373
32072
2209
12720
18341
15119
18150
8014
22459
2361
17764
15393
16030
2497
23673
1053
14652
13165
24355
6230
22062
17664
4455
27597
16190
30897
24051
12937
15398
3037
3842
18154
21147
28409
3712
31035
10122
12746
29038
32134
1442
32728
21129
27564
11538
16672
16422
1460
20628
13065
16737
14436
25514
3481
13942
2574
7719
2281
6255
27565
22770
22230
23552
8241
10247
25850
31663
11798
21950
31451
27959
3899
9040
2145
1583
4850
29335
14478
5095
9811
15637
7273
10899
30423
31800
571
28587
8994
26332
19710
25489
28191
10258
24595
28277
10322
29472
29491
13430
17258
6345
25256
29961
17430
462
20413
31135
1562
12980
9587
22402
1698
15560
21877
2304
10454
16481
24910
8652
10414
25701
986
8865
12296
26382
3834
12328
16888
11246
20876
12572
28767
27441
6555
6060
4031
26147
9938
23073
23885
17650
8503
24256
19272
436
26646
24306
26506
1195
19770
1442
4189
21960
4195
19687
27535
1903
12021
24291
21449
15994
23534
32235
12316
31616
13338
14311
27101
2391
650
26876
29875
13527
10562
20841
7406
12769
562
17071
4122
20896
19560
10229
21460
28175
31107
28074
7901
11964
28523
3180
18541
2763
4671
15145
16842
11325
10895
3204
19992
6259
31692
31610
27763
16877
7932
11077
10299
26456
30130
24192
17327
25544
18750
27021
28862
21570
27169
9268
3097
13949
25540
7820
3725
25833
6249
7455
10384
5105
22881
8265
15386
13437
20351
31457
10422
24508
18382
15387
7640
12320
14463
28845
26481
11178
4645
32561
26817
9063
12581
9163
14700
11323
871
20235
6353
5341
13906
27669
11159
32035
248
20991
14216
29312
24205
25722
20899
13771
19742
10165
12908
3649
25727
19326
9351
19918
22918
29099
16773
27272
16758
13240
28926
20860
10686
11185
24032
22190
22500
1106
22022
26203
17852
21614
18445
23425
11741
18829
21347
8098
15445
26073
7840
30660
14236
21819
26650
8892
13767
7617
1203
11436
12798
12099
16630
7115
5680
5702
22627
23140
3333
22048
30470
546
12309
11869
31055
27786
26199
20322
24093
11465
1756
16976
7964
22192
5053
2091
25425
14077
8530
13372
16371
24796
15780
1459
31613
13485
27685
17553
1793
17416
2463
26053
8639
14078
11371
14997
23286
5794
21731
12096
26106
8393
537
23778
29831
2317
32458
29335
2901
19224
31373
14819
1260
29215
17232
14930
14010
31148
13061
16475
27747
11169
9625
19338
11608
8058
2854
10207
171
16082
27241
13937
8994
29480
26486
10582
25482
24804
8874
14023
6477
21397
994
1920
26951
16253
17898
25702
19670
31823
22073
26476
3888
7479
23771
13239
13562
2587
174
30977
534
15905
15313
17979
4540
20337
21594
28534
13516
9276
19783
2819
2658
30973
25528
18905
1707
7166
27739
12088
23544
542
9511
27532
31249
6355
20301
24212
6092
31083
9579
1219
31454
24983
515
21479
29168
5417
18989
19208
13558
3357
28808
14739
8124
6102
9334
440
31425
20139
393
23056
17993
1186
21304
21123
15278
4731
16599
8297
30967
9201
30150
30191
2731
27196
6632
26812
18408
22490
11862
11221
13487
18831
8789
8382
24194
16555
13446
995
26417
4747
29789
14390
12785
12642
30676
30232
26286
29242
6497
24957
16290
29749
21029
19275
21799
3353
1126
8708
23497
24331
19007
21925
2208
31643
7318
13006
4061
14337
26191
31010
29090
5798
22463
12529
2327
27111
3684
1045
4538
5141
25811
7705
5878
2240
32497
22433
504
29493
26214
12549
14782
9797
19279
24640
2416
14664
15667
30217
16628
30306
28729
24127
17341
32261
25240
16266
31203
17335
30286
32320
22393
18454
21269
26245
28187
13337
9363
16823
15558
14744
2257
23305
12780
23823
17134
14189
5064
3231
1557
1208
17136
10325
27820
1024
2857
24495
28622
29513
30334
2140
29436
14945
22164
21060
14351
24329
30776
31944
20337
1109
13626
29003
22669
31062
22654
26353
9860
6902
2128
29606
7458
3362
11000
11875
23056
3887
31118
18092
32331
28534
13584
13662
11220
25154
12722
27303
2986
16365
11381
7510
28661
28229
7931
8021
26244
31028
1434
23411
20345
7841
19375
24679
19523
20881
21045
7442
6861
30866
17558
12805
12533
27481
12224
31811
11328
29610
3964
15688
27084
21880
17915
1098
23174
8782
12722
15550
26524
23533
21865
1566
31542
10807
18062
14570
353
10315
21966
15597
30027
3314
9703
5313
20150
12858
9399
17045
25511
16480
6809
27182
4702
32755
17394
21548
18315
5943
10503
13967
13503
14024
10258
26233
19233
31103
26004
22325
20066
31641
5868
2681
5107
27926
23337
21992
17013
9056
5661
8667
9585
28205
434
1377
26953
13222
27010
25477
21358
6089
17569
28111
19156
13068
8637
12301
17571
7235
6506
2386
26928
18883
15031
13888
1323
3528
9733
20611
6938
12820
18969
26526
10501
30425
30575
5866
30323
30937
15825
15579
32406
17100
18473
14214
19139
3586
10900
19040
20773
30281
22199
4425
11185
9489
10838
9417
15196
14286
19490
21401
2956
26014
19155
5477
2509
10284
12919
6864
26054
27604
3082
7865
11627
2824
31558
23740
31092
6386
28348
20732
15885
16218
5668
9504
5071
13259
4850
28316
3311
2033
5930
8754
27317
22854
26228
24760
18224
9198
28019
283
1833
15582
25427
31652
10325
14148
10657
6778
16334
14627
24160
4969
15556
830
21593
28385
17264
12344
26034
24642
13386
28409
21698
29526
13180
15444
12068
13087
17558
24550
26378
11732
20099
12353
5844
31270
7100
25162
8930
8647
10939
26591
11686
5421
25267
8637
4605
3220
126
26785
22463
31298
20439
12718
22164
29198
1225
21007
31498
10787
18791
9693
25061
30978
21438
7747
15799
29894
6152
31456
15024
6060
27427
12908
21686
3538
10561
20127
21432
4159
13536
16206
25152
28964
25085
26840
29256
15713
8580
29120
25679
5963
268
5019
9388
11949
21185
29485
13089
31245
4513
17359
18611
5424
21996
14867
4025
26848
28117
4523
8756
32748
28286
10887
16990
11633
20771
318
390
26712
28822
1711
18714
32
31467
6888
31238
3805
11124
12103
5692
19585
24816
21470
10388
10075
25599
13340
24279
17885
29145
18090
2582
21922
24384
13460
31041
19376
26547
15273
25077
31226
31973
4132
19348
7721
10861
396
12443
19867
25023
26328
18992
25260
16987
5591
14843
20277
12868
27087
1591
30803
23220
7525
7177
32618
23822
31676
19472
7273
21524
11489
30013
27983
30042
8551
20965
24302
26362
24910
6932
4846
7562
16938
30245
26390
22091
18560
24719
455
419
14452
3586
1993
12750
6561
27827
24395
25040
12873
17396
9252
10414
15790
8455
12639
11485
25023
1588
25591
27643
10231
4121
31455
10941
32131
1346
14405
8489
32419
1017
10264
14085
4434
16991
12232
25743
4905
5308
19277
2926
7809
11796
7018
23529
10968
20219
10547
6743
3190
22185
717
22742
5967
27217
5493
31040
26924
9903
26819
2907
7942
4065
7984
23376
31154
13175
24535
17503
13764
12493
3448
7120
6829
7065
28354
18477
1318
27840
11218
22702
28882
30062
17655
12533
17694
2149
26296
7419
26989
19861
16152
24907
25714
29677
14360
7022
2780
13682
15230
1702
313
24974
25557
30943
5396
25002
16053
11234
12641
27647
1092
9932
29212
22696
26621
23486
6956
19708
26288
19927
30349
12572
13770
21343
23982
9160
14295
18501
29208
24695
6725
17612
18769
19366
107
11393
4096
6512
24522
10608
26705
16991
29074
26519
1947
14978
23912
9371
22337
7871
358
26554
7382
19563
31587
30209
28036
5912
22389
22207
28846
4270
1973
31801
13780
6078
2370
25759
8631
8210
23177
18239
14014
27017
9923
8697
15513
6434
19134
15091
2852
26710
5857
27278
31886
24235
29291
16792
19130
18822
17403
24515
23525
26176
17237
3669
17034
29309
6243
29474
29826
5817
27514
28599
32112
24356
19167
217
12380
14000
2442
12846
7326
6248
31529
31289
18942
27395
12648
4748
25
15033
7792
8248
7431
17749
16557
16521
16186
3212
15317
19952
18089
25229
806
28993
28974
9433
30959
21278
5677
6485
10065
435
17783
8605
30279
24229
19822
14492
740
10564
27753
28250
31708
30984
12634
22036
10054
15419
20398
6802
30112
3827
27252
11445
17940
32323
6850
16464
16377
2994
13652
2872
26013
1260
4983
31391
17474
952
25381
21149
25958
10794
17010
27664
25928
28442
10791
1190
21159
3797
27564
21816
15309
29713
17963
25178
3276
11559
22258
15152
8968
16764
26905
6787
14837
31552
26725
7699
5410
31068
31597
2095
2935
7589
2299
16260
22459
11094
11445
307
21080
10685
24317
31014
30819
24372
21525
13475
25559
30803
22151
8993
6433
12132
8388
6491
19938
2071
31243
2724
3312
29560
6796
27770
23454
28701
6862
30813
17469
31396
29262
16354
27106
25181
18793
18179
2410
22083
8827
6329
3004
15921
7753
2509
3406
13394
24476
7658
32491
13018
21039
17144
17331
18931
22731
22181
28771
29178
9905
10820
4054
19948
18488
30939
4300
29211
7863
887
16619
806
21413
18371
30979
16679
1791
1241
24214
21294
15594
600
24216
26351
20122
19895
17779
30903
25202
25049
6222
22437
12141
27873
5007
14870
4028
10311
29342
30305
9905
30508
25836
13253
7643
16106
21557
10143
15731
11760
24578
13024
25590
25805
12913
29631
8468
13706
4664
8107
30665
27965
21992
14724
3018
23515
7279
30730
15906
3662
28385
28822
32029
28359
12152
23048
19301
16214
31193
31744
17003
8888
22680
7761
5128
10096
29695
3250
20325
2329
7691
695
27928
7162
24504
5120
26255
5851
27518
25777
23730
12055
6428
17953
4548
15091
20116
3031
14986
20014
31351
11442
27312
1241
866
1127
8296
28777
20681
18737
13140
23307
20723
2499
10918
21815
8262
18306
16006
16776
13765
241
2228
21195
14551
16492
10350
12374
25674
794
23956
13467
6807
3101
24330
31228
3944
30731
28766
10721
10839
9378
31402
16904
1785
16567
11452
17437
13851
6256
26229
907
9291
29107
29551
1425
18843
3294
22754
10136
1697
7609
15049
32708
21186
20649
7232
11209
8113
12326
32561
512
5682
32366
10031
22714
4132
22395
930
22484
29630
12083
1317
2187
21529
32736
25132
6034
31470
15583
3818
32098
16290
23964
27762
210
20351
5310
29468
18407
19269
1950
23594
27373
24033
6654
3755
15814
12412
8696
21408
17283
24503
6196
5470
49
22069
6238
11827
7413
12379
17879
2636
4700
3411
26795
8406
19692
29015
22212
2148
32767
7468
32093
10897
6865
32492
7865
23270
5079
8201
6164
21758
32338
13455
17370
26087
7717
12201
19479
17612
28131
359
302
24273
19245
25022
2255
6719
15675
19665
31011
21729
2488
5230
13385
8622
3027
10972
6150
2471
403
2772
21944
21507
17258
24781
1676
6538
6670
22909
20465
10047
9860
14748
11341
29761
4221
8939
11246
12019
28390
10869
16963
9563
7867
9236
29516
3272
31772
18232
30031
27832
12706
4324
6861
12536
4595
1785
6324
9997
12180
16567
31958
27347
9983
22657
26778
1636
20214
10976
25585
18747
17174
1739
23692
6810
31919
13094
9549
19240
28115
28040
2555
10719
21165
17985
19257
24613
11540
32156
5817
22841
7776
18017
20397
14545
4989
4510
15230
9474
30526
18343
26305
26463
24307
4700
22119
10597
25917
7338
22835
20503
10017
27477
3442
15077
5980
13044
28390
27090
7158
20285
259
20182
10778
16258
26974
20097
21541
19580
3682
13282
32253
15176
3652
7079
11172
12719
8762
6789
7693
12202
16872
8923
12846
16933
6939
28050
13910
21252
12730
27207
10689
14948
15354
31404
6762
29987
3792
32043
5408
9378
11948
27341
23516
15305
22628
3163
22098
32076
5742
2755
28870
12077
13907
24252
23841
10115
12896
25517
27204
5753
25503
4555
26012
12697
4102
9090
15094
9291
10477
10775
18069
27032
19910
21899
3458
29492
26376
29634
20516
16828
28012
27365
11024
21052
12636
13060
14882
1268
13992
4864
29133
24924
30844
9384
8879
23397
10639
25634
23401
32258
17564
20109
7341
7911
278
21476
5017
32656
24
8229
20035
32646
17819
32691
7829
17374
20971
25337
8027
30722
28508
17745
3994
2996
2104
31524
30755
4687
6397
11090
20329
10064
4805
30676
3984
31766
16902
6560
29382
29414
3451
29644
18902
27442
8546
25079
8442
8987
23272
17893
9969
21044
2018
6249
2642
24969
20157
392
16672
25824
21176
15323
28318
14654
26704
18229
23397
27821
28156
11910
13235
21309
7451
25855
6
27977
26411
32375
3050
763
13115
18190
12047
6418
4003
32272
11422
8931
11250
14364
7373
5534
12072
11397
5298
16595
15910
29176
84
4149
18018
28255
25352
6813
24799
32262
29179
8786
24925
5628
15627
27271
26061
26045
23003
1573
31239
15373
17702
971
9151
13095
28243
6931
27317
26647
8522
16152
12589
16741
17031
14901
28831
2291
4460
14095
11951
23848
25820
23253
15967
15694
5637
21702
8580
13625
3453
1780
7799
27690
9873
11336
24076
6899
23770
8135
9672
11611
30737
10515
590
4803
10787
29237
30235
522
21384
2713
115
13487
25041
7002
4251
23861
31873
12481
14665
23756
29726
15624
14425
31789
10120
14435
9921
11206
21385
577
25799
3863
172
26574
5746
22364
851
29629
17470
12652
16900
27462
29715
19169
13828
7274
20088
12921
23079
24958
9221
6076
31718
32231
26390
11743
8882
14371
28103
13801
392
21769
4124
29716
9926
22609
30335
5238
24125
11862
11376
17120
31111
8987
19320
31239
29338
19084
21086
19937
7326
15879
31902
13650
22268
21275
11799
5896
30392
12176
18180
7588
23040
24231
29741
5914
23045
19362
20319
25434
3849
17799
25625
13872
6841
28706
27784
12392
27838
17993
23221
5175
13711
4452
510
6358
31625
31276
29891
8560
1601
5810
27233
23358
5145
6563
16740
1777
3601
1739
29176
29008
11744
4313
1185
24354
19012
1122
24876
28750
15766
25640
2534
15937
6817
6811
5899
14736
9140
25760
1665
2782
14326
22930
13254
31489
11002
13446
3112
9824
14995
17108
21300
32671
5866
7123
2928
25983
12493
1507
22349
20479
16970
11441
26199
22728
17789
3254
17071
8903
19878
14337
4795
25884
30334
22583
8988
7475
24012
4568
19680
11312
23347
11459
3065
25489
27214
9725
23022
17678
31487
3758
8401
31172
7171
23660
23153
17555
13258
3772
12240
29637
15238
19926
11480
5616
12419
26281
23625
30237
12214
18463
24566
9001
28568
26018
22833
1644
3125
8927
13700
19865
22911
11466
13218
11237
12265
25570
13468
13932
26417
15286
11608
24528
29565
13224
19520
22307
22698
19697
10039
19975
26593
8677
1489
27155
31595
632
7107
25977
9414
14850
18328
8934
248
25151
10662
14506
10019
26522
10049
14105
25946
8875
11822
11825
16307
11006
19546
13949
26013
18198
28620
312
4468
7601
25305
13238
1619
3150
22679
4608
8234
18157
7572
15551
10768
9494
16583
1627
28378
16412
18630
9059
14316
18083
18746
14896
11855
10592
27792
5573
20996
1312
17906
32762
31640
28172
32630
1754
7161
43
14485
12617
11912
22824
10462
26346
4463
24406
23275
3903
14389
31217
5013
11282
27792
7847
14692
29460
4474
22614
20553
10949
7302
11032
23952
20115
14709
31101
18448
15942
19460
20247
2213
31899
17417
13372
16096
16687
30654
28423
32252
24991
30813
21920
26132
21998
5357
5565
23956
23591
32603
5481
32494
32579
18380
20741
3726
1356
8754
23180
3343
2243
10781
24091
14767
16704
6357
20400
6400
16216
8613
9777
21473
8131
26745
18353
685
31166
18092
2800
14514
3247
21019
29216
25573
28936
23166
751
21715
20589
20728
24513
731
26905
19948
1597
24731
24702
10515
22284
21672
10539
22475
19165
10882
32755
1458
30893
4039
17484
7028
20805
29094
12277
10209
13316
20119
12764
24387
16606
20553
28734
9454
2981
16860
13840
21272
5255
13905
20382
13547
10713
29503
6770
26329
5907
29639
19575
4400
17691
6089
13918
12526
12230
21336
1345
25302
21660
29292
18310
25795
32475
17623
14599
16701
5311
18043
6767
22858
18945
6073
6119
16518
23453
23085
755
8054
14553
17816
25494
4122
15747
2333
9405
10433
24954
19633
24539
10529
368
26317
3024
32167
9453
6757
4879
3340
26007
28958
5376
1065
23474
1468
22179
5132
13283
21209
9847
22091
21049
23005
14234
19352
9837
13866
14385
10390
5481
28823
9994
25836
7176
10016
11392
16535
3869
23772
31391
13188
7350
1583
30857
31582
29346
9536
15640
15269
11824
2733
7365
25600
31034
3710
20169
20692
30818
21848
28034
23061
28316
30195
22039
17500
14829
4814
11103
18490
3442
15394
32767
9165
3235
11796
27603
27280
11225
16174
4240
1911
31246
4880
20903
9532
14308
25955
17260
28915
24553
271
5495
27365
1050
14254
31818
14747
9382
27968
24117
13113
25588
3104
18295
4366
15334
30007
27046
360
6240
16495
10833
2989
31492
24938
1251
31399
3136
1141
17354
16672
15755
14263
21721
3247
24811
13486
15595
31441
22971
24029
28362
9275
19115
17598
2383
29295
25864
19454
16586
29582
15678
14825
30627
8301
18587
20260
19010
18666
26709
13722
4653
6785
9679
23480
9328
29978
1048
4061
20290
549
2740
28684
23269
16873
28064
485
4558
793
30352
1747
5126
30889
4987
24710
31184
25055
11865
6564
2444
30893
12844
26299
1243
6718
24893
13179
20740
24015
24744
4130
32407
3520
7450
4919
29776
14059
27866
891
16701
16948
4870
24093
23075
19553
2080
3373
17951
12333
11209
25171
32393
30359
17355
10689
1565
8576
27741
26982
31581
1141
23971
8292
10801
8138
10869
6853
24785
12776
23649
11625
3044
29415
4339
28227
24042
11872
31795
15558
1495
12156
29808
11929
14592
13137
27452
13458
5179
21871
30648
3042
6210
10933
22034
20365
17753
32362
75
15902
6705
25993
17470
1944
31243
7259
31454
14255
15904
25163
17599
4152
30273
18423
28632
26591
7355
9091
27271
24856
16765
7986
26581
3416
28797
5687
6396
20612
22359
13256
8230
6314
28215
2165
8312
15855
10234
2488
3919
7880
28048
12237
10953
19565
26789
9667
14728
23435
24960
16340
30642
11577
13355
11250
21820
17454
8404
4258
26985
31281
31603
3597
16269
10704
32429
21844
24855
8277
17912
18981
16590
27638
13057
25228
27483
23116
16971
14603
8456
15111
4888
1260
15559
15071
9868
27862
3190
27342
6672
26527
32353
18300
24821
8033
18441
21755
16729
2768
27172
8884
6223
12490
13796
19361
10554
18992
14204
18109
31866
13813
10721
7097
4427
29556
22477
20465
26345
5895
3594
8094
8441
27861
749
22349
19236
15851
22305
24976
5
27535
5029
23795
30533
21712
18712
20017
16132
14946
13365
17064
9339
5289
2970
30475
4064
4116
23245
22103
22410
9132
3712
25864
20054
30189
5652
27788
4425
980
15965
31480
22647
15929
10661
2810
20259
4447
2291
26638
14119
2762
31373
8949
23447
4432
12731
10852
5793
25459
19406
23545
28343
20462
30305
8562
3825
23694
19167
28193
7852
20291
837
12443
15480
19831
27689
3249
8241
1438
14332
29089
10347
5903
6028
24717
22291
11282
15308
30507
340
31290
9432
4799
14008
7413
25140
8006
9104
32353
10324
26356
29333
16993
24418
30177
29135
26609
3899
26112
32438
5302
19643
10064
32152
16089
3130
6230
24634
10518
32086
714
32706
25872
21491
20625
19924
20456
8833
3307
8444
15629
10622
1518
8268
17238
16443
8755
4678
24654
15074
16079
4860
26063
29112
10628
30069
26066
19872
2873
21587
4229
32225
22184
5555
14494
15144
3927
26197
29167
15313
31945
28669
32315
15714
7669
20248
31817
18264
28919
2979
3382
2855
25350
6473
25615
1404
31910
8907
29600
17605
7710
9381
11910
30963
24621
6895
3468
12414
27897
18049
20532
26282
25928
19802
11155
18186
9714
14915
23394
19010
407
8111
18771
4112
17037
25062
16033
6798
2332
27746
21483
20145
23022
22137
4930
24086
28865
15165
129
32254
11103
18593
31708
3991
8400
18909
12988
7549
14542
12563
4811
21120
22393
25650
29514
19880
29004
20763
26795
30582
6992
3330
30300
15469
27535
791
4833
20689
15820
30310
12837
25007
12401
23292
18962
22301
28105
19020
1375
3011
5487
5841
6313
7578
23047
17140
28102
15348
10027
24367
6486
5821
25512
4979
20122
21248
9195
22471
17802
10412
24758
8243
18209
3481
1560
32732
21500
4550
28315
1904
6435
20709
7871
25284
10023
7449
21671
31164
8045
18174
16403
6252
19401
9962
30350
25212
21582
19314
30697
5585
1893
28976
22247
24681
26653
10180
23098
19847
30402
18457
10670
3601
26545
8170
23461
8246
15466
30340
30403
6739
29415
20173
15338
7448
16173
2693
19561
12519
800
21196
112
4732
30875
27108
456
13011
16832
19001
32448
28230
21389
13982
2411
16119
28336
8154
30472
28269
6813
867
21442
2690
22237
10089
16026
8572
30377
22550
16801
2426
23223
2581
31338
14098
32084
1617
9919
26424
1203
767
27027
8289
20357
19934
23608
20201
12233
27581
16338
178
18406
20799
25356
1039
15863
6363
4105
28128
14694
23078
5790
19198
24252
1621
18110
217
15799
28157
28469
8543
26014
21534
13465
13856
5073
12896
21630
18096
12452
4764
10474
7757
3693
8606
9
5314
7900
24362
7201
24203
4747
3900
28615
10298
5846
20628
27220
282
9709
31858
26771
22801
7463
13215
7612
5579
3482
15532
2214
788
31464
6014
18744
8838
31835
27147
27169
7781
29749
10846
29384
25543
20801
10721
21894
10232
3758
26075
3604
23836
26141
16696
1087
23062
26617
2953
1763
14761
28167
31051
29462
13533
7230
29036
23460
31909
25560
21515
17596
22206
15529
7808
18408
474
2224
4252
13378
9470
21996
14129
32486
20009
29296
32725
6051
17462
1722
14820
30198
12291
10817
10436
29240
24787
9805
2925
16150
12273
23307
15656
5954
18327
31457
21398
29544
20749
4095
24053
23652
19989
55
10655
11698
8583
782
12243
23589
2873
15891
4280
5340
6945
31599
16287
18547
24510
11966
17545
30326
21427
15389
14057
19739
20150
13700
21931
28976
32168
599
24692
594
9733
9527
5676
12128
14463
5150
31930
28463
30438
22187
22030
12671
12619
24250
26213
7214
24165
20280
28616
10412
4916
9526
1750
13743
7651
30523
9412
24872
18419
16095
6818
15989
918
24725
18912
15576
2137
26057
17936
21032
8966
7467
17389
15814
15561
5450
31133
30675
23953
9572
21555
8352
11705
30844
9848
1126
15080
20142
13547
1848
1078
26816
17158
3381
4496
20985
1475
13058
6749
31798
8031
27256
32609
25146
2142
20377
7138
9286
2511
18889
12810
21225
11473
19771
30349
23578
17238
20649
32652
20100
28199
19272
6840
26401
17449
20219
20154
7434
32478
4806
3027
8078
20526
390
20415
31361
17768
8416
16608
21718
23428
25720
1176
32113
10411
16739
21751
14902
16121
5598
6550
3430
11393
14656
1986
25899
15505
18477
3549
26993
24120
269
3586
23544
21510
17596
11240
16039
4371
3971
12809
13348
26434
32328
20995
20129
27335
13313
17470
16633
12007
13167
2767
9723
16383
264
23452
20997
32456
8501
30145
25302
16601
18109
26163
413
23150
17793
32675
2901
30055
7531
2470
4949
22932
12705
27410
29731
2607
32766
21419
25226
23722
27842
10495
14060
27820
30344
14990
24793
4438
26233
302
14559
14282
20672
28078
9380
18158
31037
2746
16691
28781
28798
30206
1940
4863
31979
29839
8095
4587
9280
9862
21777
17866
26945
7662
25312
27277
4521
23776
2252
11969
2147
32492
7991
18450
12284
4539
7478
12558
14681
24819
17640
29740
21157
14683
27143
10253
17038
26432
1724
257
17329
29719
4792
7117
13394
26467
20608
26028
28241
3801
1288
17811
23385
4546
19844
27321
6491
21410
1915
25687
17211
27159
32541
26284
12745
10755
22486
24901
18674
4077
25379
19067
9528
1957
22949
17469
15711
22311
10868
32272
19561
12482
21685
30803
6085
12410
32623
3272
26052
18602
17306
24656
14412
25070
23673
8694
8144
12863
12842
15151
14975
3936
29308
21856
13244
16506
11264
22689
22479
4867
8035
18369
4058
14051
15098
7562
23054
9690
29855
3910
4638
6684
30140
22658
7668
22591
19877
29713
21156
20567
7723
26196
9630
23136
30318
31929
32295
4572
20466
9858
15114
5308
25077
19144
16522
10628
16128
16319
8860
4267
28861
18235
16211
1344
1544
13427
23964
12500
18248
7941
9259
5779
1280
18235
31925
14772
13473
3981
14176
788
20387
12135
632
10781
10451
812
2659
9453
11247
7546
21975
25524
15216
32176
12874
23390
8359
4013
17578
9075
16907
22747
4687
11067
5074
30317
5678
18981
30398
20708
13903
12137
31034
10456
11649
29933
11941
24821
15692
22886
4334
10564
15399
26047
8289
28587
21483
446
13760
14776
1160
15333
14998
19354
16118
18582
15304
16496
11375
31867
2669
30663
30172
17957
24287
31837
8077
27379
12818
18475
19756
2870
16677
2467
500
12690
28471
20023
12574
29096
31100
13850
12956
23025
12688
5450
28682
15597
12811
9678
24034
5502
16725
12092
5359
2702
22204
18303
8196
22008
30147
4311
20973
4774
21437
6433
14246
13815
31643
15961
31435
14435
25603
15453
18512
12641
11170
18420
3954
27272
28610
23310
11501
11765
28959
5710
22128
21486
31478
23493
23118
21444
16480
1793
1910
23550
9182
26182
20901
13747
7477
22811
1498
30520
12668
14344
8971
18940
12659
27039
11030
18351
12822
18617
32762
12970
29554
16386
8519
3467
10680
16056
24019
22047
23696
27311
19887
26502
20655
13209
10329
18321
12204
11140
19251
25455
25103
18596
1076
32649
20396
29779
29918
24234
31279
2902
8560
25699
9719
13154
92
13998
1320
10718
7675
8913
6395
28651
10368
18821
15705
30626
30763
22104
4777
13980
26559
18000
14822
16824
4405
465
5876
22040
17074
19904
3380
29549
16311
22505
27222
27509
8855
25246
29550
2754
29231
21409
18506
16060
16337
10821
4355
23785
24961
8399
10707
28524
7268
32034
16678
10956
21365
21660
7156
28919
3706
18235
29773
1415
27959
30212
9782
22339
23265
14501
7859
745
5589
22105
16677
29483
24458
17932
14038
16887
26820
14784
23763
16123
19979
31023
17402
16233
14428
20401
30547
6903
30238
4449
31908
31275
8279
31611
17215
22997
8224
29705
29983
26589
10327
27839
24115
7486
30611
27939
24058
14675
30301
2033
5968
594
1437
16317
21128
28438
4434
7898
17850
7713
15238
1659
14174
15841
13186
31000
12058
18994
3390
25619
10457
17189
11547
11420
32285
16639
7124
978
31126
2437
22194
17962
18675
2679
28672
27157
16632
23899
5055
16861
10193
14459
17563
5328
31142
28977
25885
21409
23407
29538
24865
27659
12298
21065
2955
32695
906
22134
1078
608
16595
11542
14893
821
25956
7284
24094
9599
10099
25024
22795
3203
16959
7184
6979
16042
23714
26788
22417
17375
15845
5230
32435
825
17625
1745
3853
9178
21795
18858
3231
29975
11992
21133
13621
8665
25674
29009
17629
13122
25121
1998
24222
9876
15789
28389
28007
6735
15738
11457
4422
22170
20517
24669
27866
13540
25967
1606
26379
10955
23952
31395
13560
31805
718
23666
16433
22749
16717
13844
15655
26792
4393
3852
1505
3032
18114
19204
3312
21000
15703
31248
31908
27802
4055
32311
22144
8278
21491
10800
9964
31315
2936
15721
8490
19483
16348
24910
14219
13066
31766
3015
995
12023
6323
27394
5178
3095
3623
15988
28612
9245
16737
16666
26644
15014
32418
2309
2700
30933
5774
21
17944
19514
20868
23045
6428
11513
11563
11175
23466
3880
6221
1905
31225
888
8425
17209
13074
19224
18563
19261
12237
25302
29375
9830
1532
18824
8750
4046
31718
1450
30568
18815
8183
11848
9819
3198
2229
31519
21986
14856
20726
8191
7578
12827
9296
30579
5617
29496
28626
16548
11903
26472
2801
29819
16026
637
27845
30214
1060
5530
16758
8733
1192
31733
29681
581
1189
1244
32735
9940
2346
16118
8151
27734
6051
2252
11218
12336
10227
2695
15328
14467
31939
31995
25370
21331
22041
25061
5848
28905
12844
4465
5668
15733
4215
16640
25966
32248
27404
26407
12929
13409
23083
8443
13493
20214
5651
31884
23910
26358
19224
19631
27814
21117
29686
27137
15919
3495
11877
1320
25243
16120
15853
28252
22744
23292
12540
30247
31702
11050
23606
19304
30850
15374
8204
31390
24568
30376
11408
29283
10740
26895
14215
12599
15242
601
22720
127
17944
17855
165
24781
4728
14589
15632
2914
3194
4600
16480
11506
8849
26531
24267
15783
19916
27171
30198
6760
22024
26162
29378
17242
9829
6081
26985
25511
17910
4065
29643
1663
18621
12771
18946
7517
19670
3006
18748
15244
22514
3506
23754
10985
10503
25899
32116
15850
21062
32488
15120
735
12110
29788
1107
15480
2975
26709
8422
17288
3409
5851
4540
13832
14342
7259
19364
5983
7197
14341
26
17889
1576
3442
26723
27029
17056
10634
18137
16443
18904
20133
4739
27277
26672
19440
232
7878
13963
25619
25125
25697
30467
1808
830
15651
10715
25454
2738
24411
28340
4760
850
25961
1540
25728
2386
5757
1733
3719
19873
11425
7274
16801
25462
15354
24855
27572
3116
8010
10257
10306
30031
3514
19572
9288
7415
15831
22564
31078
20564
14810
5893
17471
30859
18732
27247
31267
10688
4905
28892
16876
10356
24357
21988
21541
22802
5548
24172
9842
19908
26382
1306
26155
26251
15131
15116
1611
14223
20012
8393
25737
10676
8035
19319
18884
2413
5171
27215
18852
30677
29986
24655
17791
29180
10189
9774
5753
25214
18989
2197
8944
29019
4890
5772
25367
1538
7181
21555
6368
12207
30762
1458
16160
26615
15486
9842
29678
25506
23941
24718
25163
26040
1519
6276
28425
18654
19107
24881
11493
13027
24581
27644
23543
9879
13428
18769
30796
26588
5143
3409
7121
26111
14810
11463
14194
8264
29107
9822
26500
14543
12330
19474
26464
10642
17176
16613
26705
20421
32687
32467
20401
16745
4538
30983
8270
8480
20518
11855
4883
25664
15042
16334
8932
16166
1347
24561
4041
11213
21387
11684
7503
16031
2859
20421
4139
15754
24102
25816
12065
11607
29432
6909
19236
18743
19926
1056
4799
6303
24376
31344
13491
5974
23445
10514
5602
9165
16493
3350
7787
10158
10893
682
25111
11959
24975
12941
10228
24521
15520
29639
5439
3132
17542
30104
32647
18806
14049
17838
10768
18620
20144
1690
29302
24903
30232
27269
12434
155
17761
17951
19873
29972
29506
20441
22179
18114
6750
24404
3586
4727
30734
16665
16500
6941
2145
29322
24866
1357
9057
23065
12554
28958
32664
20407
30114
26171
15827
2447
702
17977
25126
16629
7091
14631
24112
9113
28605
18534
4256
25857
13726
7099
24056
1078
10888
3234
18066
6589
30781
997
7648
16840
18037
21870
18167
30382
31616
3673
6735
28569
28716
26958
22724
22398
6889
23822
20449
28755
30251
31051
4958
30332
9744
1469
28647
22662
8515
6002
31520
5911
24864
4198
25829
24869
23833
15699
28118
16487
21848
1482
10003
27145
12453
25219
24388
1956
29067
3570
24797
3181
1718
8986
26016
27309
31392
7846
25443
15729
18029
30262
5651
14978
19475
14839
27385
151
15293
29814
12604
5578
26738
15542
13223
10825
20465
11904
8109
29518
23008
15610
23978
12881
4646
4987
15980
15484
25238
30878
8690
5727
4045
26517
31603
30693
32093
21440
22179
19590
32043
19070
16945
959
11797
26436
17300
17855
11736
19948
14343
24676
8753
8015
18130
101
23875
7189
18636
2769
8505
27084
18718
10936
18220
11832
841
26407
19783
29930
619
21850
4137
4884
17854
15150
13194
32156
3681
13781
32290
17775
14939
14541
11462
11800
20701
30995
213
4753
9159
6292
3538
3161
10862
9700
2642
4294
31132
17458
10265
30877
31961
3964
14208
9696
21737
4351
6682
15335
32662
22514
18582
7602
11440
2675
28647
9854
25681
706
27043
20630
25189
19629
5033
15980
19306
5963
19207
23016
7797
28397
3611
32256
2166
21330
2552
24201
31932
32282
5898
8781
14012
28029
26878
25437
2318
1853
30172
2473
7608
26585
22646
13261
2991
12804
12806
8750
26011
29269
20243
22598
9691
27456
5012
26684
7113
23877
29272
7352
15935
8039
29605
29941
1882
7136
3872
10008
15741
1299
23788
7360
19865
22210
25110
7646
6828
30593
31793
7623
26248
3691
12349
24199
14294
24851
24782
24184
24922
19902
12138
17428
3705
13775
3378
15368
30968
27778
16068
32137
11270
32221
22369
26859
30845
25060
28491
29808
32357
28685
6513
23390
28602
9971
23630
17236
28782
7246
12815
19421
14258
10531
21492
15430
22130
9784
21752
17325
18206
19659
20404
32603
10928
3971
11137
15188
22251
32679
15581
8491
6624
4750
17680
18715
22199
23383
5391
24916
24492
3290
22432
24467
12632
22493
18111
28917
29490
31116
20544
7181
24917
3619
28087
18740
900
31726
13205
9504
21867
2675
23443
4537
17447
31214
20052
6439
9481
12029
28741
5936
2455
18077
13769
3265
5332
9813
17043
20938
13762
23729
6226
6479
27428
26098
6292
31677
29832
10500
24036
31610
5253
16560
12342
14271
18498
25875
6278
16810
6199
2383
22459
18319
26168
384
17617
2704
23727
17650
22071
21101
25385
8337
23158
21405
15380
28064
9236
15261
12230
8366
11448
22408
26818
17606
29582
2280
25911
14055
6893
31947
8650
13747
2360
22810
24981
6507
4354
21543
14192
18459
25717
27269
13423
14866
22516
10012
24492
8853
14335
12668
23366
4309
13911
5746
23209
7454
12899
32473
19984
30288
24787
18611
26441
25491
5763
13945
23480
3655
15010
10415
1951
10298
9235
5562
22173
16926
26131
13302
5492
26170
20509
2564
4367
19295
9482
22881
9923
13342
19837
5949
10709
20024
2430
26506
16956
9814
25957
20051
10409
1018
30202
2895
25541
16822
8154
21430
27321
30108
28189
24147
20724
32245
15413
30171
24360
17974
14105
1405
15766
22575
31140
21434
5004
3462
18487
24439
16428
30052
12198
4944
4206
17006
2898
17200
5737
21751
13970
10270
1486
13683
27992
20058
14773
4911
8209
10665
18332
6976
16076
17389
17324
15290
16287
14840
6719
10018
25670
31394
8864
11301
782
31769
20241
13705
22258
23417
7699
1637
6915
6813
12513
1677
29965
28724
11070
13137
29559
24087
16496
2151
8811
474
4493
29989
31799
21408
16629
12787
14579
18228
24352
2561
16740
854
5274
27957
18721
9043
11595
24168
21492
14041
26876
4561
10883
29704
13591
20417
560
20428
13230
28561
23613
28779
13247
32473
24628
11866
32439
26851
13702
5973
7988
12896
8306
10158
1295
7513
26152
11750
10906
18792
15407
3194
7974
9255
18180
19967
6857
15849
27652
16241
32606
22184
31371
1225
27340
14143
28766
23501
16012
10969
23878
300
16485
11434
10750
27594
14458
7645
17999
21081
12423
6093
634
12073
14440
11895
6102
13889
21467
14128
9402
29102
30086
26515
8093
30747
11068
24766
1404
29090
24444
31422
18301
24290
21562
25671
15313
22098
15074
27304
5598
11220
3483
32255
10654
13966
3529
17833
32322
10485
3029
22781
29724
12074
23600
28730
443
18314
7573
8637
19544
2433
13455
32632
8049
20126
8252
10399
1971
29165
3152
9124
5405
6529
17500
5222
2147
15952
27729
8870
28560
26180
8768
9402
30192
17550
28003
25221
27437
13374
7777
1190
17848
16656
1230
1008
9322
12937
7665
11546
4972
19779
8395
3256
6228
16006
2900
22378
18832
26135
5384
8788
29960
29269
10914
32718
6655
641
22312
21596
14906
17246
15911
30688
18021
14842
2880
30478
10674
12491
31459
2337
14531
31485
24667
3532
1994
523
19723
10100
27631
20877
15607
17820
11250
5457
27782
13217
9233
15788
15238
32679
24876
15890
16752
19923
30503
6629
30445
27579
5776
13195
6298
14362
9601
4547
9992
13001
24520
3897
10248
18666
16966
10328
3365
12646
17813
23391
25457
28059
11246
20151
12421
16974
26185
12676
8387
15591
21701
2682
27358
6365
26187
26865
3229
6511
23406
11324
17627
11157
12438
21815
28371
25654
29534
5664
8858
11931
1850
5288
16109
16164
7517
4681
16429
7737
25562
28377
2216
24452
12297
14688
32282
22877
10284
17191
8308
28806
12370
26897
32219
19481
7804
1838
10228
1470
31231
19086
3679
10785
18985
21843
25217
7588
14375
26890
26759
14673
2086
2876
22951
13330
11705
22591
15273
11300
32635
30802
20903
25801
19957
27370
2577
3133
25026
7238
3571
7660
9456
31049
21883
13538
31658
30089
26038
25219
4116
14244
7066
23932
5495
24531
10313
7417
18078
7361
8852
13337
9088
669
20926
414
12831
22637
5507
2026
18095
20390
3929
295
5883
23034
28918
965
7429
4466
5138
19241
3308
26300
16238
30883
25107
2502
15637
24737
18304
16524
9698
14371
24450
8238
1602
13935
11927
23621
16443
32518
11660
8311
20142
26582
18150
10313
19929
28593
17281
2357
27935
30974
27255
25341
11788
7343
22595
27198
5268
10611
20775
328
11419
9004
4811
21293
2235
22179
26918
9496
7745
21882
2721
20960
8824
28259
32634
9181
19755
30096
6247
251
9317
29035
14461
7436
13691
32646
30287
9827
24396
1493
22618
8350
4552
1051
12449
25027
9903
6562
23444
25999
14235
4911
26166
27402
5441
5429
24447
4191
17396
13897
22783
24811
8555
7638
23237
2452
6083
31506
20095
10076
455
26672
9699
25653
9328
3544
16461
22040
25000
6868
21417
21585
2131
25612
23699
14109
26000
16564
22973
13686
31548
30404
22161
21806
32697
19368
2328
8507
2797
3385
1819
6738
5261
9965
22152
5559
10139
5962
23830
32339
28461
22945
29484
11271
113
6136
7680
17728
1518
14664
13564
24267
12300
8169
30309
19947
3799
11338
20286
24745
14592
22501
23146
28780
25636
31858
23314
713
21073
7003
13894
27804
14535
14705
12263
11096
1019
8925
28356
26779
7394
11097
3075
23558
4971
16032
12739
32587
21070
21794
3327
18567
16388
8445
5813
24275
28950
1833
30792
32021
20379
14578
3876
30493
23548
428
21408
5357
27387
7330
10024
14423
1268
10063
19867
206
19042
977
5618
24950
420
16282
30243
23933
12802
21097
7748
24238
28651
18808
18164
23107
16000
13047
16119
14331
10839
23994
31776
12141
376
16687
13172
3996
19628
8594
15500
9419
28152
17508
17467
12435
2148
18713
4721
10290
5376
31249
26463
11558
18729
10697
13276
29691
12809
28755
12552
3425
10589
23811
6959
17793
1915
28780
5104
3473
13971
29322
28574
9126
2869
31041
29158
27850
1555
13062
15794
13647
25353
18909
31822
19299
6490
29315
32713
10212
12605
31724
25759
6517
4760
29424
30356
9681
12555
11841
23779
5471
14640
22176
20888
23815
8993
16208
26683
23109
20027
8907
10158
5499
2594
6069
31576
32396
12549
21006
16260
22438
14116
1195
27907
16991
21391
30439
10265
8964
9776
8854
13975
20013
32523
28218
8516
13461
10949
22394
1153
297
26723
8655
21549
23903
27733
23937
5831
20425
5299
23250
23506
26858
12998
23928
29054
12872
3530
9297
7556
5058
754
6483
23890
8996
26285
15810
29032
4601
2856
9893
14338
11681
4116
7546
6903
9635
24489
14633
5345
3140
31979
823
4478
17752
1836
32060
11606
22360
5842
6807
6302
21173
22362
608
8541
17260
669
11678
10445
24795
8530
13754
2052
28626
13525
26420
10195
2798
11815
27797
20463
17698
22069
9637
29006
23191
2909
32477
28628
25526
30766
23839
12079
16003
10095
29093
26368
8748
6499
2616
571
4321
15948
12706
3536
7143
31278
13413
31371
11752
5589
23981
13880
20366
16665
132
24588
6736
2657
8517
7232
19851
28518
21331
19199
14804
27450
7946
9858
30349
9608
1014
3194
5558
10013
27459
30382
18950
14247
7797
26341
13114
18621
5722
18950
17582
4640
13884
5758
31274
17217
18266
10722
20222
28163
18586
10709
11089
3777
26232
27693
15286
21907
12098
10833
26368
5325
22407
997
22104
30921
8909
5290
17292
27879
17538
8607
426
20945
19765
8557
29646
26884
30726
9217
26168
6540
27739
23931
32161
29198
18389
22599
12495
3084
1155
4745
104
13413
3925
2751
24836
32027
8915
32674
2949
7257
14862
26444
10155
15541
12247
24992
1251
8882
24112
10727
21856
19337
20992
19383
8045
26921
26379
7961
22786
24444
24608
20458
24981
9964
20372
29826
20018
14374
25584
30612
15310
25885
27879
22869
7129
17234
11403
3041
12050
2900
18624
28378
8863
4482
28912
11858
861
15384
3072
2283
31605
6762
643
16700
3632
362
31022
15991
17932
20848
3980
8265
2319
18747
30451
18946
1883
2611
30135
10486
30723
12784
10909
14883
6173
11520
9363
4884
8216
9957
8862
29189
9040
15198
4115
6471
3552
19688
4362
31206
13495
9347
13072
29066
11247
16057
5660
8091
22362
27101
8645
5544
26973
6545
6833
26378
17409
5002
11345
23492
28743
22936
15051
19118
8124
29920
4408
24275
27726
1644
16400
19479
19038
16615
16354
14109
24854
12193
11337
21607
15613
28378
11035
703
4296
14652
21475
25814
30836
28329
11154
15916
29329
30775
2161
5935
993
11641
29274
27815
14625
7937
21288
28241
31527
27170
2924
4298
26925
31227
16226
30383
11629
22960
28707
29955
32750
31739
13595
14033
19357
7140
10686
17426
10655
6860
25463
28624
9958
32688
993
29068
2050
31660
15162
11742
32570
6078
20245
29275
2268
28621
31054
10427
25041
7914
13123
17724
19572
16597
16705
29761
6053
11459
4669
19263
7192
19806
18373
217
9203
14862
31286
28746
28825
30071
3374
27652
21184
30019
10308
9110
2250
22305
10231
8403
22354
26381
6885
8241
4101
23251
7998
18543
31411
26318
13431
1403
21669
4086
21827
2706
23090
24346
28095
16297
3725
22889
492
7692
13793
25143
6243
16453
13728
27134
15684
10559
20248
3747
12656
1707
26695
4347
6648
29347
22256
17294
17365
30861
25070
22171
20441
24899
27849
9564
23269
2673
391
26762
30301
19774
11460
29220
1241
14382
24581
22125
20253
8262
20042
9780
25932
19826
30434
7767
8280
17957
21123
28810
22461
32319
22170
2389
8047
27955
17120
30556
8720
20329
27950
22499
27495
5857
32658
27793
14094
20250
23714
15988
5994
30770
7696
29254
2272
7502
24959
12783
17734
10812
22421
20298
27544
17495
18770
1068
20461
10923
1952
29603
1961
24922
31019
20603
1523
11327
14962
19719
23658
7376
1055
14366
29715
14153
19347
27491
21142
29447
20934
28361
16299
6705
5198
30039
24271
19614
21693
5929
4411
10739
10800
27832
13334
26380
20773
28507
3818
21150
11661
17165
1621
3354
13091
19824
26369
30676
10235
15890
23765
8036
30046
27631
27245
9548
31445
11320
29896
27868
6020
1619
14145
3923
23993
26915
13249
23367
9413
17801
29490
25415
27915
12843
10807
24510
19030
31860
5658
26650
18544
19164
9734
18222
32240
13417
17526
28373
16723
29045
21741
20185
13390
2483
14824
4883
6499
9069
30480
3283
10163
22543
17333
19330
20755
12777
8568
10373
11873
14129
19271
19045
1561
9799
4239
25389
8483
18237
28844
11796
25071
30359
2725
28764
20932
19791
13590
378
6229
2589
21101
7799
4502
8181
13657
3222
30157
3536
10624
20279
18412
25519
29809
29947
32286
6365
25305
16425
6304
6005
13817
11857
6866
8485
1367
9007
6798
28977
26804
15057
22968
16315
32319
1788
7702
2625
8456
15309
15202
17767
25527
3996
926
23543
9086
21029
4520
7974
18252
32490
8718
3097
32580
20179
28195
2727
6253
3352
15699
2401
14507
13152
8371
6863
5870
4395
3292
30717
937
621
17914
3126
21894
31099
21024
28176
3672
24619
26079
27049
19536
5175
32534
47
23413
739
8715
166
31566
10208
27835
7653
11489
29551
29807
9698
7394
23498
8592
15920
32292
7615
32188
18886
26707
28830
10265
23554
3813
12629
25578
23790
25678
18650
30048
17089
32115
20937
16562
1193
18786
16719
24432
10951
28992
5958
8212
8059
29826
22945
9178
9699
21857
24331
3793
6558
27015
11467
32306
23510
8975
27627
14577
4477
26028
14745
20115
5846
15400
22221
6207
19512
529
31532
20503
8207
21935
20269
13001
31267
26168
20858
24416
27677
29255
11161
26977
19271
2699
14795
20755
6035
27836
18996
22046
21471
2772
22333
22615
13175
4731
16695
15067
16603
2243
19265
32091
25027
19989
24427
32694
23649
7788
24091
9165
16870
25024
31920
16787
25159
24774
30566
8547
11585
12758
6777
28823
9371
29228
26254
25686
17323
8020
21582
32429
27
9440
31572
10721
18413
29276
8265
7684
8381
11652
28237
17607
19526
21684
24473
3983
5672
26015
6499
29643
12009
23620
16130
388
14393
7710
83
18485
26234
9627
26459
32222
23423
464
10542
7252
7828
32363
32271
26843
21951
2025
17624
6646
9286
8201
30109
3966
21105
30336
10124
20722
8849
31214
11799
17934
30529
29969
4438
23967
12012
3128
26022
5781
22672
12027
18071
8026
9665
21034
30981
32610
15856
1539
30852
32516
22253
15528
29698
16776
13995
21712
32167
17793
580
15548
29184
16221
32316
16749
23133
570
9226
24084
20087
27387
12500
8138
6486
411
4475
29057
9586
17602
20439
25658
29721
21398
25924
18297
9232
27092
5725
9718
19325
25119
15367
31382
10500
12952
7602
12697
28721
6062
16603
18965
13590
24888
20949
11171
15157
5569
2506
1112
11168
24610
13821
17143
30302
31575
17489
356
25361
4235
30991
29532
5334
15221
12772
11620
1389
10471
23081
22527
15258
932
29799
8996
16586
9075
23835
3567
6650
12913
10934
22167
18389
15531
20200
9888
4636
24044
23838
20306
8779
468
6730
10857
12666
27178
14818
29454
19841
28531
27691
11014
31071
12228
8631
24618
11485
8148
10284
26135
30574
12885
1096
22566
19034
2437
11554
30623
11803
26368
3251
14889
26375
19928
27028
7301
19760
2791
7689
3452
23433
5988
16447
1302
14922
2485
8146
7181
18581
2180
15506
14209
26969
29717
6791
7405
6007
14807
5939
602
1315
1593
9238
28371
19085
18622
2680
32536
26561
15956
7266
25239
7628
30178
30446
9367
25377
800
14784
5559
30523
21419
22485
27031
22915
23129
25980
23765
10099
1225
1953
30523
9724
12095
26705
15926
31269
2735
21627
27530
21750
10520
26356
31813
5780
9236
25790
11249
11437
4524
11914
12302
12310
15216
27515
18368
1459
19400
20781
29636
1688
25989
11510
27304
29549
22971
4716
7484
14103
28627
21287
24388
15509
29660
9160
2159
23591
32546
4665
8589
9142
12034
12599
29180
32368
15868
7438
355
32691
13066
15780
24995
21804
6960
27065
21771
9280
341
20333
9420
22186
6225
17923
15276
6758
19271
27876
22782
6350
10293
15335
28625
10500
22729
26831
1640
399
7543
17942
10730
11593
32456
32489
19035
18296
10485
21619
4811
17211
9652
16478
4557
16936
26706
8343
17963
15923
24578
20562
25560
2769
1141
21071
25894
29022
4266
28763
15417
27836
24584
29721
14524
18494
8618
23810
30162
9668
22010
14251
25680
12071
19073
31302
17705
30423
2045
2668
10282
19394
26292
20506
17127
1144
15625
31225
13301
1421
23629
22242
1625
1855
20439
26785
2369
24153
4695
5113
20466
19544
11623
4585
28162
6859
30563
1582
17351
1536
25467
24329
28431
15068
6150
25154
13329
27659
16153
2925
29348
16986
17753
8044
31663
11360
31501
6453
23265
20836
19320
21462
26786
11131
32357
5558
14409
3313
14339
24861
13967
5354
10995
11766
3139
22345
12448
28884
6464
15313
15311
4916
7069
22666
22903
16642
22307
19303
13266
12126
20740
22309
19380
16543
29641
18294
23580
10648
12173
24671
7176
31771
27241
23775
21134
15036
21807
16593
28969
22999
30811
531
10321
20949
3398
19688
10830
9898
30621
26523
4173
2210
29458
31078
5556
29278
18769
14481
7603
26649
9270
17374
14107
15409
20541
11045
4724
31970
826
27452
7754
28500
31562
24857
15815
15320
2569
30779
19847
12142
24581
6214
27303
13964
11379
5613
12319
29978
25889
11028
24146
8129
19116
14902
8420
31333
31987
24837
26316
8176
13259
7761
170
30546
28661
3883
31066
31174
14413
1866
23753
11862
14147
2222
24839
32417
19599
24194
9630
18652
26401
24391
32035
21271
15191
6703
29962
961
10611
29639
4030
879
26700
30169
25842
11225
18500
22161
7217
26661
8825
31454
30141
27241
18496
30747
21910
23147
1743
22767
1241
25003
4921
10610
7499
14499
29344
3729
21302
6477
12965
27827
4468
15078
1572
24989
7113
15090
6687
5522
11126
6016
14071
10175
14858
7855
482
14807
28284
30577
29337
24315
24695
10127
20817
29148
9717
15085
20717
5667
24335
28688
6514
26897
13331
3549
22203
9570
31192
18083
8046
15992
28750
19548
18478
14005
20313
31280
30482
13609
5600
14139
2902
7789
20257
30352
11601
13518
16967
30846
6823
942
16446
12562
704
6696
966
30684
1913
22771
22470
25846
13849
22409
30691
32579
3206
9352
24402
8181
24249
25944
31210
12114
12399
6414
27518
7863
22305
656
24937
17373
30775
32250
8810
31067
14201
17729
20659
10348
10694
26647
4668
8179
24584
31502
4957
23740
7783
16895
6044
9989
5053
22957
3268
10557
9546
9382
21559
25611
8874
32618
13956
9106
30211
32719
13628
23028
9347
17316
12034
788
13066
4757
2530
30113
17187
22350
22500
17744
31801
13284
10720
6760
5384
13680
1171
8836
4433
27389
11251
32404
2002
25508
14528
21030
1141
22517
11356
22500
23240
665
30428
8029
31917
27702
9055
22536
10579
11923
7838
19845
2148
29437
19397
31015
1408
12265
23426
19632
32747
27098
6491
6747
8834
31621
9028
15904
30708
10547
16241
27699
3886
872
17513
18638
17431
23746
18268
11568
126
22307
1206
15846
2384
19475
14068
13897
11279
5215
20406
3400
24703
29446
18198
22375
12963
10070
30009
2568
2279
27219
10787
1001
6815
23384
30672
32495
10928
8193
25216
20258
23181
15175
27474
4856
10598
24557
10516
14550
29596
16924
25434
32212
1655
11338
25549
18881
7195
23392
29126
3175
21432
26139
11292
15
31234
13234
13626
30024
13793
17850
25972
3045
28009
22855
30619
32069
30476
9045
25550
23511
27406
11366
23700
27612
10554
3948
8744
31087
26324
8168
8212
20419
22734
15188
2305
13741
20030
18879
25806
4962
20240
12727
17631
9601
4856
17259
4792
24916
25771
24337
11466
28243
17743
23174
17804
22761
25648
27188
14542
25211
16052
4409
19275
4775
31889
23750
2173
28105
23613
28356
12981
29892
17319
7102
31082
20991
18724
8187
27089
22445
18604
12266
19887
13138
22854
26564
27756
31362
14017
24172
25192
29932
29605
24474
658
18328
1897
4408
30262
25965
3302
2060
3862
26870
17676
3992
32701
15206
12756
10558
28176
11481
23925
1704
5158
25052
8667
871
25433
14896
1109
25050
23965
5323
31118
20306
6417
5408
9662
29555
8660
19872
27937
3806
11802
29569
26793
27917
22655
32702
4848
11645
21659
24927
16752
10259
20950
9466
15862
28857
125
13690
5204
15944
27926
6687
26710
14506
9713
21958
26616
29248
24320
19307
11734
4225
2024
19436
10212
26596
2136
12559
22111
3840
5786
10695
30468
11506
23656
7091
28799
1792
24064
15848
4646
4476
22395
20720
31719
2026
1114
6162
17023
20581
1378
30676
9197
11838
22698
23999
24615
2023
6130
21858
2571
17423
28982
28314
25752
527
3459
22800
8286
12677
23050
22786
3379
19774
26483
31047
5160
15706
21363
7821
3516
9386
28833
24550
18511
7517
8325
18563
21209
10460
5106
26302
24539
22258
26006
19550
21654
26672
17104
25623
22652
28560
5825
16465
30948
14168
27558
18219
13569
27969
30309
24510
1557
23001
101
1190
14306
10022
9123
24511
9569
31372
3331
21292
11703
26096
14564
5022
30053
29726
24054
14290
18367
21608
31312
24924
11423
27024
14013
25252
1626
16361
5207
1582
19443
11960
6232
23326
13199
10464
27180
11003
24873
191
6091
31923
28039
9043
29765
18655
22893
3745
17566
17225
16656
1879
11997
23979
25549
20912
8032
26554
21531
29080
6258
28771
25535
13841
8224
19541
8255
5077
16456
26047
29592
4924
19698
14683
15667
21857
25827
9387
30486
29824
24688
27011
15192
17315
8849
2759
15831
12670
54
26230
3629
21143
12766
12519
13791
22186
869
13651
1752
27979
13853
32660
11798
24013
18721
21292
24228
22115
7142
5001
10440
13957
7955
392
20861
22677
1939
29239
15907
7875
14312
25311
18550
18222
21442
3650
3773
19275
12752
26401
5187
20107
8150
7169
17931
24632
11520
2095
14272
5280
28278
13826
11499
14710
29232
22112
17001
10613
21516
20867
19483
838
10525
21757
15071
18340
13638
762
7871
8894
7944
9926
6505
25821
5529
4751
21727
28230
7478
2667
21104
4706
30137
24733
9703
13852
20334
10004
28930
11659
16931
6708
13094
7377
14974
10457
16720
24643
20884
15769
31311
16330
17078
11594
2865
29064
29582
28356
22523
12223
17004
32744
23709
26095
3802
7138
6692
14655
12406
9898
25650
28702
20481
29137
8875
32042
22195
15994
23474
12625
26577
8359
6612
22838
6274
10166
642
18902
23007
28715
12485
8299
18761
687
10285
14737
23295
9305
29707
9127
4847
31789
18143
4216
16333
12770
11796
2586
27747
27113
11755
28439
31528
17066
22966
31179
8211
14097
15430
22285
11441
2633
9382
4114
25206
8391
11018
19341
16209
27275
514
10779
30850
17058
26611
16863
6064
26608
19656
32105
28214
29484
32741
25053
21183
28204
31324
81
23826
28771
6500
5750
5167
25768
23815
8827
17050
23608
32538
28206
25847
4863
30322
21861
26327
2323
14933
19356
8658
21890
23087
25823
21206
5709
15750
26091
31166
8628
8240
8080
22310
23732
7876
6489
31870
23247
26446
20335
8798
11019
25159
1979
14617
30269
26564
587
26517
21127
21741
2295
27738
28704
5553
8772
5352
851
30392
27528
16206
4043
21401
24143
6648
30989
30030
1278
5577
31814
13541
25270
15978
30535
13943
4731
27873
8398
20574
24982
2149
5639
29347
26935
18800
24914
8886
27487
13079
24135
24418
30461
13975
7927
255
5976
13616
13941
27114
4780
21558
3222
6962
31768
22373
7924
404
7351
30069
21305
3754
30734
23278
16026
29279
28582
20286
1697
2214
18937
12296
16176
20332
8339
14016
27075
30922
31089
15477
31221
28032
4013
28653
838
21407
3933
12791
29723
28037
18616
3069
518
25870
7802
29913
11080
22281
13194
22505
29076
13033
7130
4710
12822
17085
5263
23281
16052
28515
1891
18287
7316
5368
23879
25879
3038
31634
25676
5833
15555
18482
19651
11682
21950
31220
419
28621
12057
18313
24620
412
26548
28903
4810
25815
14082
22847
4924
596
8276
32048
6133
29127
27482
6458
28867
29660
1510
5237
5806
21123
13044
899
29475
7051
10984
22467
8786
26995
4374
3783
13524
11901
25223
30217
13457
13827
16890
22233
28897
20494
17706
7834
22001
23333
10063
22318
21353
8291
1255
943
5707
13773
1206
13664
6686
23266
4620
27875
21837
883
3142
7084
1226
1204
3991
22965
23286
6292
15113
9075
5573
11082
6078
13322
16413
10032
1404
20413
8832
13013
20585
4776
9963
5453
21522
6065
13310
13516
20402
3004
17244
25460
20402
286
14165
28266
20588
5972
13251
9007
32308
19190
32305
16174
13977
486
10563
32145
12008
10189
3922
14169
25586
28360
24662
18862
14095
2142
18185
13939
23651
27318
26953
13086
32352
30214
18366
6599
14988
3663
16574
28798
23429
32072
14957
31458
29762
12439
14377
2544
16539
10311
24357
32280
28428
10615
11859
12182
14262
2383
28040
12543
25766
9273
6107
8218
12122
21837
17742
30962
6017
524
22448
7977
5891
3666
28353
4495
22337
19590
26520
31731
19358
15892
27458
6970
21822
14365
20652
10158
21518
16493
21954
14744
18692
13997
29657
23568
28072
7641
21322
16916
25811
6645
8800
20952
26806
30204
21365
31325
6687
17946
1623
1861
21752
31258
8433
26342
11792
29730
23335
5789
32287
30622
16897
10596
7684
1146
30220
7335
14416
29332
10493
28500
21512
24945
7832
12082
31911
20527
13520
28787
11107
29114
14128
25484
21937
4419
377
32068
17675
6894
13709
25867
7153
7371
2187
7566
11310
21512
27452
7048
604
6757
4526
16091
19114
18407
7710
25055
29405
23761
29467
29434
11669
2000
28905
19569
15058
23670
8740
15997
6582
19945
7077
32674
1933
16861
5034
30524
28682
20415
29744
5723
13011
51
27812
13008
25153
8385
18107
6280
24416
32715
671
17689
30526
9411
32331
411
25954
22683
11320
20153
24474
4732
7481
22279
3834
7354
24995
23447
6689
1544
1458
20167
9406
13032
11560
4444
26707
9062
4663
1493
19001
16646
27553
28153
4837
18683
32286
18099
10857
9881
23806
5663
32317
21005
7695
24549
29760
1868
1217
13254
3834
26953
26760
2676
10020
25963
23170
25767
24170
27454
20058
24685
12143
19561
19052
14529
16146
22752
25386
25440
21232
2906
1470
16600
4393
23046
22001
4834
28008
32633
9035
11505
26397
20459
14715
4875
32013
28324
4090
31448
31245
30641
7404
25337
32522
29147
20295
13466
28237
7386
29750
9035
7165
28613
3008
16139
26598
23501
20645
27814
9336
10027
30600
14402
28435
29783
26963
13876
23938
18811
31960
26136
9413
11303
29620
19488
7443
9542
15993
13484
18207
16721
19468
22043
13979
24770
26699
17633
1530
27852
28147
28122
14203
17481
20417
2783
10083
29940
15576
17814
29577
5336
25699
31886
31768
20488
7291
24203
24977
32401
28747
20510
9231
22189
22898
20345
18383
3897
10408
19074
8943
1641
24997
6950
14454
16571
3647
7664
17557
21545
19666
5850
24109
5027
7652
22627
20880
3772
13577
24801
6284
14756
20741
25113
5030
20822
24369
26381
26787
20498
28192
3093
10829
1550
13185
32049
11635
10857
10567
11934
12082
30816
1544
935
12403
11460
5283
22462
10933
30635
12070
7627
525
13927
24815
2500
22634
2484
29713
30846
9758
7221
28153
2499
15258
11554
16209
8356
4217
13115
11044
15888
961
11264
10563
27046
29029
27427
18408
7368
16654
32318
20634
25585
21018
30914
13392
10824
26853
15407
729
25461
328
4235
29051
1971
10848
8461
13531
5670
20369
12569
12828
4464
4810
7537
19275
10879
7178
32169
19195
3496
547
31195
13100
1530
12478
10397
29554
27340
28575
2352
19027
2969
28458
28154
22000
3598
32294
27446
6120
29280
19650
7659
28793
12771
24789
24346
21736
11225
8042
14140
17699
21639
3964
9708
17574
23183
14846
4576
23195
13945
19231
29981
23877
22675
22731
6507
3230
26875
29301
30983
16447
19962
24084
6041
11393
27795
9835
26469
738
22364
24206
3781
29098
24461
16034
8663
18126
15447
32228
9331
14868
15479
3565
26720
8824
13834
6964
7111
6862
10403
30420
7143
22954
17819
19855
24587
16509
21160
20499
4281
26112
6833
12413
7981
8150
24801
6428
28934
20333
2555
119
29758
30245
28653
32401
12127
21684
5031
1899
8692
6601
8493
11979
2366
25583
31211
22844
23849
6836
14666
32342
6526
25355
26496
24639
10074
13040
20140
23666
31455
18506
9762
14783
14633
1813
2051
6035
31364
704
25874
25210
31964
14036
27330
29154
23157
13015
3988
13090
6364
15728
14751
1467
9245
13004
13168
11485
2614
8767
25365
31277
2764
28463
30581
5573
20253
31022
32739
1916
24118
3942
8690
25960
8549
13114
24970
19362
3314
28202
12091
329
16650
16119
12498
28362
14076
25096
30762
18782
20136
30989
7237
6100
20531
21986
26779
29840
13824
27830
5810
12500
21212
12652
17903
15678
10361
25665
9644
31634
542
4528
1419
23994
10140
18835
16393
30219
15492
20874
13142
23754
8087
22176
15460
3823
24190
25132
26685
10792
4540
5622
20379
10785
13536
29595
20658
2819
20223
13107
6993
30011
32609
27952
17193
22140
17019
7049
19564
3079
797
13849
26267
554
19437
28226
18841
27910
11540
19925
26883
32406
10807
15670
29124
15853
17577
13499
17891
25535
30175
7510
27296
24611
11812
9332
7360
28055
11149
1828
32549
21829
15664
6268
6049
18565
18065
1848
3596
29602
5981
9893
24980
11745
27483
16062
2133
27327
9887
10132
11562
20603
8705
13299
32706
6100
7117
12098
19190
6420
8380
29355
17753
10829
291
21884
20497
13027
9835
31949
6118
6218
23745
20068
19609
26641
25870
2773
25207
25376
25386
21229
4653
20030
31821
7249
2782
11222
14790
22883
2675
17146
1007
22629
20531
6056
18784
7649
7571
14412
9827
15944
14671
1159
8360
31449
10425
20783
19258
9668
4945
3479
26290
4496
1175
19984
20907
4026
29
24495
23925
17055
7136
18769
23310
18075
5336
24029
29773
30323
4558
17353
9569
20208
2158
5600
27258
13773
30877
322
30150
10196
29197
1196
415
4675
6158
13561
4867
23412
6055
10985
16452
24253
17381
32290
20480
24470
19571
29044
17492
14329
17003
13409
9805
17935
24428
24029
9631
23816
17133
1106
24730
15690
6608
5863
26713
22479
25658
23554
21821
24776
19875
14603
32666
30087
19241
10100
12463
22939
29738
31478
24540
3901
18705
23837
20495
20203
23664
8710
8576
8786
4688
23144
11166
9841
27077
18129
13128
14588
1221
4146
20801
5374
25145
27038
7390
8899
32341
32591
28418
32501
19749
22250
20812
32005
17257
1283
28047
10444
24995
23524
4483
2931
30062
30602
6842
14224
1297
19185
24277
24721
6484
4754
25591
350
22931
20521
32122
22074
11792
13243
8417
11754
23693
5592
1806
22042
21275
26398
28086
9980
5421
14590
3345
29234
32496
17347
5590
22766
21215
3535
19302
19800
17810
6184
3655
17200
31702
13364
27349
21428
12035
26305
52
22724
27530
31816
21385
17220
7630
12915
25450
12482
24885
6876
3987
1112
17790
6936
10458
1748
32341
11764
15717
21015
12580
18942
29978
3003
21805
4424
4695
13049
22998
11880
27363
1481
1859
707
27941
16714
19754
2572
1428
16741
29667
5895
30831
17325
25535
19859
942
20874
30363
32231
23864
5527
1973
17692
24918
8264
13758
5868
1384
24528
2864
5305
25303
20290
225
21968
28234
8438
3801
1264
12061
26670
16224
30470
2831
1529
30812
7995
31290
23896
28378
1072
14153
4768
30955
6792
16357
23071
12721
10408
14704
6658
9145
6074
3574
25462
28043
22008
21856
1806
5248
11815
24299
18533
31188
14433
28377
29956
9724
18456
1127
25222
24122
31576
15358
6138
14446
20300
8621
9864
8495
24068
2007
30040
2074
10613
13865
1199
9834
6082
1231
27739
5066
1210
14312
6482
7527
3233
12087
3734
4936
29747
15899
11611
32738
20966
16321
18540
32231
23664
15256
1739
8288
649
11781
22935
8443
12274
18777
2355
18598
25526
17152
7589
18012
31664
250
9788
26687
22861
15248
9334
27368
17299
26431
7712
21243
10850
31481
6847
1278
12026
26253
4143
3947
5566
19811
650
23299
1336
22892
23372
13670
13916
14937
15284
27105
31249
9483
20077
23687
14317
26443
23661
23427
19008
25532
10526
6828
23381
2573
22971
3418
10228
8051
27645
4728
19243
27479
32760
9947
30543
7244
31039
4562
16445
31043
15183
16383
23269
13058
1323
16485
30218
27090
12355
6081
4163
15224
22170
24094
28486
28007
9256
23204
7269
1844
22398
4529
2649
29002
13736
31019
18495
27615
30039
18196
26080
29223
25920
3678
27957
24007
20927
7681
5419
24204
28096
22092
4515
6749
17119
26744
9405
2414
27854
13443
21846
25271
9207
14652
28367
11429
23395
19098
11792
17935
30171
593
16333
31595
22093
7847
29704
31810
20337
17284
19160
17633
13995
20937
15976
20562
7732
18659
28226
9866
31349
26272
4046
6884
14003
31041
18453
20174
31985
6096
21195
19650
13586
13492
6797
20345
32575
16002
9831
2395
11656
17174
153
57
206
18659
31387
20798
11488
21127
29278
28963
26596
16546
31957
15523
2297
1513
6580
27951
31258
24950
21624
17890
325
4962
30375
3255
9437
16278
12121
9210
12110
29406
21495
22524
5615
32320
7747
13579
18220
7307
2968
31137
9188
5682
16755
30940
10256
22363
6963
302
1702
11316
17693
6998
15549
6022
2211
13711
24561
30604
11750
3847
11273
27909
5753
30610
5079
14472
30056
14240
22880
536
18553
13421
28989
16120
30385
9335
13633
10688
14362
26677
10844
177
10948
23302
23999
32326
14602
12392
7489
16395
13590
12650
3842
4018
19880
28260
27726
16996
16402
14565
25540
8789
27528
31213
26295
5787
10646
14428
26068
32064
4082
25515
16645
27542
32628
14042
28310
18634
9315
18345
7575
30396
19442
5643
22401
32014
13066
12248
25884
27260
12874
15554
31391
24683
27469
1674
28441
31940
23339
20852
785
5634
30274
6392
31337
32138
12598
1210
3465
15419
6966
10684
30137
32071
28033
27602
6349
6977
13353
4951
6152
887
29719
27423
17979
25473
29264
31404
18733
21786
119
12453
27199
31791
29330
4483
23120
19254
8721
16014
27871
25025
8716
26888
3695
14675
2252
1448
31280
5234
29325
21578
29403
25597
8578
4068
734
5824
24346
23228
1977
1862
642
15064
3240
31726
16491
15030
14466
27969
10253
574
21217
1667
29035
31733
9347
5256
217
23155
14064
22218
17340
4631
14173
26296
19090
6905
209
10576
17458
3872
4486
32495
15956
30966
28562
9576
20307
26104
16582
84
3378
4530
6615
15274
30174
15595
18619
31888
11442
1309
7766
5232
12608
20520
31574
27213
29519
8262
9308
3672
26656
25666
8540
11198
1270
6117
11334
19653
17108
18610
29414
9495
3977
21203
12297
22109
20458
27218
24545
25360
22367
17548
5034
17292
30881
30179
10382
20839
5057
22452
26054
32000
17773
2697
17923
347
7023
26767
28684
2604
29302
31818
8872
49
24857
20359
6078
28613
21529
9874
8891
15795
16358
31658
3636
7752
2917
20146
31949
684
6129
7465
20825
28786
2720
5724
25154
30573
15047
24538
31787
14789
27072
32297
30677
14923
10218
13751
26431
25866
2802
30739
7698
1566
6481
12637
6459
8906
3862
2556
2522
26820
24550
28814
1883
10195
6721
37
11490
2460
4102
5808
9709
31673
26682
12215
28213
12
32261
22348
18645
22355
12541
18750
12973
14844
2728
4239
21513
4922
23867
15144
13694
29272
16296
30156
15381
9806
2776
9291
12460
14226
15413
18936
22168
13360
24940
22108
21903
541
29041
10796
31430
11208
14019
26745
5462
23283
12017
26663
29156
30145
861
22944
14721
4624
32576
29897
14287
13064
9966
17206
19557
1268
21596
23194
2933
2897
31967
7041
20908
29989
1078
18497
20314
2963
16587
2093
20179
28331
5430
11021
14869
5255
17155
16587
9131
16019
23221
22895
22225
22828
27914
333
13016
31085
24961
19837
21964
27973
5658
3212
23125
4557
11357
28529
11483
25561
10141
16067
15341
32462
16510
28713
2020
32179
4533
12305
21955
29322
527
13221
2402
26592
4021
26362
27340
8355
24750
19339
23269
2612
15525
6887
15184
5309
21485
422
3471
26053
30658
1697
3436
6401
10194
29283
19096
877
6396
19162
1427
11420
6487
14162
21451
29260
30070
24741
20232
2622
17130
8619
21511
22085
13321
7160
5221
16028
22766
1223
32704
1660
29121
15921
18456
20206
13881
4259
1403
15327
13918
6286
15585
28530
14484
15456
20053
20378
14549
16052
3669
18919
27966
16581
3708
2464
29645
18729
22878
21523
3433
8892
9652
32553
2594
10202
17593
13885
19131
19921
20435
302
31589
1173
22902
16819
27598
16054
9541
6895
10330
13712
11131
30534
14512
15810
27530
8302
10105
16353
20994
7625
14180
10605
13747
19698
26990
27139
12310
26774
14432
20693
21737
29061
11673
24152
3354
11784
13069
24124
6374
13174
18062
23969
32066
11778
29259
20872
24698
23255
11926
391
6680
26727
4330
2754
31239
12543
27692
3862
2808
927
17969
25751
21509
28426
18049
22845
23956
17177
602
24282
32127
15444
18936
13135
11890
3523
23316
22784
30356
15618
7339
29573
8553
1172
18432
23715
20727
12409
8932
1402
10791
10499
12085
30719
8303
8165
29605
3245
9390
5005
16828
10360
15191
7348
7457
5891
15826
14899
10261
21778
19231
3864
14656
24386
11197
18169
32432
22776
11466
5256
21023
8087
13931
32360
8820
7670
8558
28223
5773
29713
4142
13837
19772
18174
20151
32700
24207
19747
32299
23288
597
27303
3941
23872
32733
29222
20699
2109
19201
23977
5065
27219
29283
5077
11404
11639
17143
3426
21067
2112
17602
28367
8669
17728
29921
27220
18407
21652
24780
32281
5701
7098
1756
25253
2220
30627
8203
15769
31885
9481
14076
27806
8252
771
12347
31900
23889
25559
10181
8493
16975
24591
18379
16465
12163
24527
31923
26211
19247
20069
10848
13899
232
11298
18099
10742
4157
29288
32081
14083
28313
32261
16551
11199
107
29631
27692
22612
28035
21296
23526
22589
5311
11221
7472
4093
25320
10337
7354
13073
4311
25687
30161
26147
3292
16343
18145
20864
4960
9656
12088
14284
15048
30680
23052
25845
30365
5552
15040
2405
21994
12588
24163
21884
230
26041
30330
26941
14803
17823
255
27719
25894
20881
12713
25095
23784
3714
110
3629
4956
11707
327
32092
18658
31531
26931
1574
22811
1534
25726
22071
25422
14193
8771
24528
21003
19428
14640
15224
1550
25136
18825
20974
10341
5436
111
25185
26582
21451
24675
14563
9595
27288
29446
10524
21679
29861
18466
8507
4654
9680
26094
26930
13943
9127
3726
25123
26485
24701
32474
23061
27999
11454
2656
18412
20189
29311
14508
920
30828
20313
18375
20108
29443
120
14333
16498
28151
21743
17635
27677
8220
6734
28569
20671
17453
14199
32333
27484
13421
27053
5376
31870
27023
22510
19341
22059
24787
28803
25831
17940
11635
17621
2978
28687
14653
22402
14261
11463
30849
4272
8574
16562
5421
19618
26118
32580
21815
14473
16519
11875
16443
29084
32043
15898
18534
6762
2327
10385
31378
23151
17320
3645
31154
31718
29948
25172
18801
7135
3509
15236
11286
8337
5113
7396
6059
27121
25021
19243
1630
28804
6212
544
9767
18033
27874
7761
11179
11994
13062
3848
19553
16236
18296
9339
9203
16437
16606
3651
2279
15798
2437
7695
5246
314
18014
8858
25052
25446
12103
28378
18538
11536
15500
24955
5497
31317
19886
139
2344
21477
11619
32119
6791
29346
5853
13622
18172
24938
8271
196
28902
28976
11950
27090
4481
13138
22197
6076
16906
28198
20267
2235
24611
16342
22632
27484
20856
25455
15638
11312
10915
19508
20533
3013
15693
2872
3169
20694
20886
13100
14424
27327
3767
11893
13495
6195
22246
15234
22276
26161
6779
860
30193
6964
26192
32382
2783
25259
12653
7144
3234
19624
11749
24175
26500
30172
8443
25687
13964
27587
1673
3363
8704
8476
931
12716
1832
1692
27767
8817
19797
7139
24951
24622
3106
3247
18363
17072
26362
11856
8352
487
16858
29020
1206
21821
13144
7075
17881
7462
22501
24165
31901
19192
27215
7363
1264
31486
17802
30324
11770
29895
13231
27321
8520
1476
11845
10131
17706
27155
29632
22835
7769
14229
5703
3506
29917
32582
26554
258
16430
6350
26356
25893
7834
19539
4685
31388
23526
20114
17251
3363
19256
17198
30747
10395
30773
14663
11490
6728
29542
22095
11321
4668
15840
8985
30576
30995
6180
12083
11441
19937
14404
32374
3649
8297
11079
29915
3843
31632
26063
13457
2110
21521
18425
8780
31903
20337
6277
991
3202
30518
15159
27917
32621
11348
9852
28316
1757
28392
23633
15276
7750
20008
27233
14663
11349
5274
13677
11321
18808
1157
5105
31010
20384
14502
31749
10953
5958
32035
18561
12979
1452
13509
22884
6133
20581
7777
4983
2118
6679
3735
813
32600
19584
29119
9934
30825
21431
10785
9172
24085
7860
7780
27542
11374
2323
3146
4899
31054
4629
29594
25201
22252
1256
11613
24247
17582
30248
844
21527
8766
15013
23434
8832
22752
15207
19599
20947
12035
19183
11620
12612
31253
24512
30230
1540
8860
22558
1125
3357
11907
11030
6332
21661
17841
10942
8038
12278
25825
15294
6654
19365
12973
9743
15655
9234
10987
25347
5758
25527
5181
3206
20173
27781
29668
20899
23682
4227
29653
5194
14943
15801
28431
5200
30322
8524
6187
19383
11592
1514
28213
24624
17758
29032
29626
19934
32472
17834
23586
12125
11125
26820
9024
18179
8899
14430
17192
11621
18063
19549
31809
18717
11168
19648
25499
29643
15013
24263
11138
28762
23915
27995
23123
5765
3155
20650
25486
22425
20484
6418
22317
124
2909
320
6964
23790
8621
19353
25482
8207
19751
3800
23559
13857
14736
13817
14542
25488
14139
14167
8413
21807
6711
18193
9954
1477
6599
2225
17488
7368
17426
1040
2739
10856
23068
24948
32577
25808
10229
12540
21681
19112
11569
16702
30544
20190
10647
18734
8017
29094
25118
26946
23908
27327
12821
18387
21899
18680
15521
19655
7209
10996
21100
16493
26972
29994
24476
20904
5773
10543
30210
18256
6726
16952
18324
24789
30275
15067
9502
10789
19403
8213
21812
18128
2625
21905
22379
30826
27638
28455
26569
25650
13633
17316
22137
23536
27090
7369
1987
11812
27715
10390
12348
16732
15344
4040
8506
32486
17673
21920
14731
20647
30437
25830
20071
13899
5273
28206
8354
13727
29642
31578
12838
10810
7615
23648
4001
14435
1722
20813
25211
26415
20361
5514
24331
9706
17752
12382
25354
16568
5065
11957
22600
2172
23879
10784
12189
12793
11671
16668
2083
12344
31407
25751
22178
3625
10188
7856
8524
2956
16063
14015
9131
274
21383
22165
28375
20416
17957
5381
23020
24469
22188
2467
22203
29036
16280
19915
32448
18468
19040
3813
27733
27901
4687
5608
13348
4933
27023
26653
4834
24373
5255
25894
9019
5142
20327
1598
12296
28071
20992
8898
30408
10435
17882
24049
28238
32575
25216
8688
26039
6930
9247
19472
3999
17592
20559
28244
19861
20696
15665
18990
20427
4388
3770
26762
23826
19584
24142
29453
22278
615
145
12959
20102
32139
23930
22311
15464
31164
3753
27797
12906
24843
14330
8486
6251
25647
20058
16611
18907
29224
16601
2668
10096
21282
14337
16627
28954
27291
24422
8075
31802
25800
28031
4515
6671
21301
23988
21709
17008
31917
4280
26565
22209
25689
18201
27310
4384
19499
10774
21662
29663
13950
22192
8797
19767
10998
7940
25194
9018
17070
30167
16959
7178
16274
14451
214
13897
13065
19122
27244
26064
30680
14680
16773
26788
835
22181
14640
26661
20852
1323
25740
14985
28961
9438
16267
22665
29290
22122
13558
23386
15616
2249
17842
5855
4492
1300
13633
9245
14927
27801
24459
28655
12037
23855
7135
8699
12304
12230
20789
28644
7378
1346
8118
12482
2395
5514
17278
17615
22340
29915
5280
9570
21978
17251
18538
12578
11648
31499
22507
2163
6734
20372
12211
3637
14846
21733
3290
24750
28937
24483
11076
24260
11021
21507
10530
3440
31346
22236
17340
29039
23373
5377
20847
12603
7556
5325
7409
4921
14900
17919
1501
11316
6223
17352
2667
21002
1162
32035
7806
9893
24694
14181
29669
20269
19692
7957
6106
11132
21423
23293
2511
8659
21581
21889
12139
21195
14406
12336
18895
18830
12912
5529
20509
31814
3482
23904
21307
12502
20080
13969
20180
6601
11423
19507
2976
16263
10041
6177
30438
2511
14426
22549
4927
32097
27660
22790
26268
507
24168
3252
2442
17543
25854
7553
15285
2451
26487
29826
8619
1025
11129
26070
4067
1024
6091
30518
1790
4667
12986
29902
17740
19280
24507
18507
4498
3971
8273
17974
8971
23220
23601
25984
19116
22670
29861
5470
16812
2306
10030
9559
16708
2291
877
29594
18356
21299
30787
21910
11910
3503
15416
28357
30230
14054
5401
27080
27218
18336
17125
18361
1215
7388
4587
14781
12221
15882
22572
14552
20235
21370
25094
20486
12685
24853
4628
19591
20557
6475
14416
18554
32449
23628
25722
17325
28748
14203
14270
16052
14086
31007
31121
3128
8128
11356
29660
19602
3907
4451
23132
18328
17625
26085
16712
6327
9743
4557
26421
24899
30648
3118
22072
29962
10293
3194
8266
13615
3828
23542
15088
3382
17719
23402
15899
18011
31767
4381
2636
9512
29640
21248
6653
1350
30750
24874
573
26516
1616
1156
26266
9846
32765
1478
25667
17520
3948
4258
14446
2291
8472
22334
9720
24438
5740
2536
24139
11465
5579
30470
29061
3750
7123
26443
2519
14730
12771
2609
30250
26818
28122
1699
18441
5321
7970
1017
2235
25553
19694
16170
18863
2208
27071
61
5150
925
24621
1025
31723
31275
23780
11774
22990
6197
31213
5803
28849
12298
12079
18914
602
3180
11317
18832
5963
10467
32561
10417
32230
17496
11585
21116
17621
478
8178
20954
13481
3027
3075
11549
3265
27944
13675
10735
1902
5373
13468
3464
26964
14449
8458
11557
8212
1720
17639
25269
13352
25454
15921
14805
4622
6954
12527
26878
28328
18007
28344
27389
19171
20031
14196
19620
23191
18537
30567
704
21166
7205
9835
23627
25225
9829
11388
25826
23711
20430
28538
19321
21095
18703
28203
8525
10105
24946
3200
1306
24560
11184
29977
3726
11794
25866
13322
3582
819
21141
28384
29785
10198
2262
24031
30554
7958
20878
27278
17921
22852
9175
6006
24899
31186
25200
5414
27905
13423
21590
10362
3383
1396
2964
17949
9078
18815
11867
1869
148
30813
22101
23518
24226
1838
31287
7554
14110
13763
5526
26695
18794
19275
763
23649
25981
1583
15417
11562
20185
17210
29950
8551
19388
8189
17321
26829
13467
7282
19547
27332
6092
32735
8785
29290
17795
1277
21361
23515
22527
4442
21026
9904
3077
31740
12641
4549
32142
10055
26386
9280
7357
29217
2195
18382
28435
17491
13719
22576
28902
14898
9522
19447
11023
13184
2352
23179
20708
18829
15275
17266
31334
28833
27357
6863
20155
18590
14130
16169
13022
24802
30625
23662
20629
29547
6205
8248
2467
23358
18183
846
11071
18953
25351
19566
30150
263
24987
12362
19629
4388
7694
13008
8889
26210
18284
11694
30322
8827
24725
8214
29397
2760
1681
11198
2121
3425
28963
25388
4564
8582
24993
19760
23183
1853
29698
16818
5975
10813
1593
941
10438
11275
10690
15484
14689
22883
21370
15445
3091
3801
15795
9235
3803
20672
12424
23608
1473
6731
9326
32050
25102
10226
29452
3293
6588
16663
2637
13642
4908
17642
21939
22719
30999
32394
20974
9982
2759
1133
32429
6090
15495
9985
8884
28328
15448
12947
5678
11235
12005
2161
1861
3794
14521
21323
27889
3421
10160
23263
7181
25790
20651
15062
12976
10117
30088
232
19898
27871
18258
30279
15533
1303
22708
6203
10175
22365
5300
1033
23597
19655
3486
23066
13009
27797
14397
23641
17655
3513
26449
19421
25453
16791
6974
18888
985
23561
31234
16239
6223
15526
873
4539
1315
15684
21892
9167
10492
27067
5463
27882
11050
25836
20434
9615
1082
7938
26371
20452
29895
16632
24457
8025
24211
29020
8780
905
13270
22098
1643
23141
28885
30939
14198
3471
21431
27991
19422
7940
18068
25929
8105
26878
12240
3675
18282
5401
7335
25250
12145
3764
31240
20002
15167
29850
20391
19861
31037
19938
12622
27240
16045
1555
23155
14343
16352
29836
10256
13914
30889
29475
25775
15759
30995
18445
6852
22299
27215
26366
24896
10235
24560
19856
22115
20544
18779
32489
15570
25546
6008
25240
28393
24660
27310
2753
7250
17585
23823
9594
1495
11604
15567
7540
11124
6678
19195
11742
8369
16692
21095
28038
31535
5015
10985
5442
3968
22105
31940
1422
28731
30084
22631
20342
25424
29725
30296
17591
16794
7521
13163
21281
29875
23374
7479
12095
1804
22117
8906
4666
31293
17071
15772
3835
22425
32254
9922
17040
12038
25461
27748
25553
30732
30794
31601
30275
2347
21963
29073
9276
6514
29855
19292
1096
77
15695
17097
19916
10143
517
29161
16617
25616
17811
3541
17827
10153
29622
19941
1603
17054
28316
21282
2297
9834
5541
9214
3270
24353
10599
4163
11673
14082
12532
4426
5049
14412
17503
31341
12898
340
24700
3518
22963
7891
10216
18682
8136
24708
13641
32440
25891
23535
25303
4070
30800
4479
11036
22902
7368
26587
1783
10837
30999
29043
27879
21917
12346
12377
21894
13579
10827
19539
26964
12211
20576
28462
15286
6386
16304
15189
14143
31653
14327
4258
7981
9624
18716
4979
18999
1858
1041
10753
31366
15279
13052
25581
30465
19645
23700
28
18893
1931
5837
1221
18452
29999
27831
7624
18182
19367
23459
13634
8734
27410
11145
31326
30375
15137
9894
19054
14462
31944
29801
12346
1049
25657
7056
28055
20936
3858
28559
17212
28219
10965
27953
27346
23621
24474
19073
30538
991
21248
15851
3955
21104
22377
16543
14028
12364
7015
20534
6295
28538
28017
29592
2350
6074
26587
1821
12698
13254
6405
5106
6498
985
31698
14015
673
14702
21595
22918
19547
8266
17637
17615
20241
22716
12049
19458
26515
1828
13651
6420
9238
7346
28837
23397
18310
7536
11901
24041
5918
1923
19196
18567
9781
16302
31592
4286
5211
10007
7388
23950
29092
15950
23358
25238
15684
31115
17522
30330
12892
10807
7117
26759
22292
8622
461
22938
490
28996
17415
7229
18762
27526
26976
24596
4446
19138
20096
11384
11303
8393
26244
28257
16333
29683
29683
7561
26419
11620
19956
15566
16591
15502
1470
14808
24505
5111
79
28669
21249
25404
22625
21089
14150
12887
7322
354
1668
16925
15875
20275
6702
22026
17083
30662
4989
19265
4333
4080
7687
8399
26111
28616
16531
21808
19980
7248
12332
15636
12181
29783
22900
14179
16243
9373
5179
25214
28944
10041
13648
14024
14039
21048
29335
10853
9961
14727
19804
16961
22546
26643
30439
13396
2811
13358
25425
32549
29601
13109
32406
6797
14085
4207
14314
9662
28966
19257
22353
13955
22316
8288
20842
11722
18918
8911
3467
13663
27766
18282
21011
19194
4939
26681
19196
31868
8016
713
24240
14710
6499
13775
17694
24043
8713
16911
5388
23127
2400
4732
15279
7407
9045
4001
4729
8235
11286
16959
1842
17026
20683
2360
2634
19316
12417
26283
14190
16846
26982
10337
27737
30506
1596
28520
16877
27829
24584
23293
7042
30005
18442
23216
16510
14410
3570
27586
13349
31475
13905
17874
16307
20821
30030
15032
25256
7608
16794
19890
7524
211
5030
17854
18931
8009
9491
16198
30506
24691
17514
258
31219
2656
4365
6171
10469
24346
13165
32652
30232
7979
25982
22222
23351
5472
24424
27572
19414
4045
31872
7060
8710
27153
11382
20391
14631
3292
1231
6322
11006
1710
1686
11750
25352
8673
27727
21253
31757
7145
5165
27079
7159
25051
23173
12924
16869
30252
30849
32754
14972
25531
15129
25241
11901
25106
9791
3813
32669
3817
22618
756
26513
24812
16886
12145
3432
14271
1466
10168
1309
11582
5274
7483
28013
3081
23118
10788
8166
3904
3586
12092
10049
20363
31567
18699
28657
350
22378
8257
26364
26747
30363
6484
31498
9400
30193
10091
13243
15362
11573
18043
21310
1442
32028
24751
13856
23231
19904
8974
25953
12324
20817
1368
3789
32068
24328
2352
22409
5243
31325
29824
15597
20631
23162
2842
30609
15255
1519
2971
5291
4787
22183
29589
14744
19356
31259
20205
17848
32516
16837
5761
18047
23649
22488
25102
29129
2798
11310
29010
6766
7155
11650
20589
21271
29255
8927
7053
13136
17171
14680
9674
29406
5080
6650
1871
20306
22964
7167
22203
28638
7649
26436
4551
15208
19326
6910
31016
21725
2706
19624
25527
12744
19534
29504
19663
32547
27794
4786
8694
18540
3251
15253
5056
5372
2940
13077
28145
28565
15986
22320
15074
3130
20572
4902
13862
67
26883
30762
21100
16560
567
20062
22183
23230
3602
12798
22125
6840
21121
4315
2461
5392
7679
7180
18245
17838
14756
480
10179
14728
15455
1047
4650
30323
9088
15953
14567
5432
21625
12486
18852
16875
27621
25400
21612
5752
32201
13350
11792
895
11034
10307
20938
15202
12416
20006
1569
21404
21082
2627
18700
4180
18946
24346
18266
3633
6226
1454
25425
15985
24935
27193
3734
26933
13732
24862
31565
10783
27642
10271
26752
6943
29031
2000
3525
8586
12733
10571
27163
4461
32165
29734
31254
6944
4579
2210
6460
14110
9180
10789
4782
1043
5973
11755
9483
19255
16765
16888
32145
7899
23854
8273
28293
18241
5232
619
25813
29105
17215
26852
24829
21961
22414
2929
30503
17685
29323
1304
6806
22752
12069
4255
14404
12873
12747
26948
25802
153
25975
9134
8577
16851
2540
4900
31975
29069
30524
3837
4676
6655
14988
11351
11405
31578
28699
16396
4232
15707
32385
15586
12849
24351
5941
16898
22877
22841
8274
28076
31133
9730
27547
18472
16741
9264
24252
23296
9325
1962
28883
18540
25944
19611
8494
30478
25236
24773
19286
9695
10881
30489
31821
31850
6869
14724
11541
27448
3903
19723
1649
28811
25418
23578
4592
5455
19333
6937
31782
13901
18913
31553
19517
28066
16730
32686
13485
12399
27865
26805
24903
29907
15705
10615
26232
29718
25417
23478
13772
23847
1842
9704
15281
2889
30106
18314
2686
5385
16936
16311
14003
18291
9737
16889
18562
24965
7569
27999
26255
9188
2342
31184
7669
2254
21850
20382
27529
14416
28247
15710
27234
3257
640
16376
19353
15182
22613
4346
31565
30015
15255
28466
5866
5338
17837
21883
6315
11007
1351
5079
23646
212
18753
32446
24936
25017
4810
10422
28168
16767
29381
23076
30688
4820
22127
15202
30129
25090
1859
25873
32358
2010
25115
19121
22868
2282
2455
13167
25536
29943
6082
13629
28577
23207
4851
26152
32680
9085
10738
14310
1150
27658
31580
12719
32589
11362
27721
31823
11649
17614
21035
29816
8656
17088
29690
14172
28279
29196
9870
23931
17607
3668
2124
22458
11745
10436
8196
8886
16574
5632
25370
17495
31090
30811
26340
18344
5553
14922
16724
10982
6802
3352
23767
29655
26515
16347
17276
24156
31453
678
9561
22858
19146
27136
7723
17782
22693
18069
32316
11023
24753
9516
6794
22833
19308
2777
26661
9142
17428
16756
26329
13136
6251
18505
7949
7125
17848
15633
14059
11481
22286
20770
25281
12418
30928
7906
13479
3224
25973
29569
3939
31196
3977
24808
16521
17819
11508
11244
1511
20866
1919
27336
543
17844
13972
26570
25750
10522
9797
7244
18573
21498
3985
22502
3982
28876
17890
26594
15114
32585
32217
21232
2368
3524
29006
32027
22880
7357
1171
18428
6897
24756
20729
814
19568
22075
14486
16642
19770
23631
26437
25459
1708
18664
25837
30044
12424
11215
7431
9192
13466
13232
32602
27722
30108
26992
7689
20911
32088
13760
27856
12145
22028
25843
1419
31630
4882
7436
5624
3416
19648
31260
23229
15470
5006
17611
19373
27626
7798
30516
23879
21980
14497
1014
31615
11000
12863
4999
8642
23179
22711
11212
13364
5812
14848
30183
32316
26832
14158
5713
31298
27190
10994
19240
18103
29989
9595
17610
27734
25082
1570
27810
22954
9382
29285
3650
14289
24160
28913
5810
31871
14231
11205
24072
23878
5675
7573
12089
2068
988
11884
559
17661
22787
918
7196
25914
32640
1725
2573
9074
25075
26706
10690
22841
23343
8495
13501
11735
14827
14202
409
8778
11451
19148
28573
7822
10815
11154
12433
25627
10650
436
25808
2480
16166
18037
15775
25679
29031
5531
6589
392
23101
6607
20540
5883
26717
6214
7566
2841
21761
24481
26339
31530
8671
7698
18355
25236
13144
25281
7574
18266
23283
20078
1628
4067
26121
14167
1114
26109
1218
17500
15618
19233
7488
17249
1463
16889
24345
16116
13023
12575
11019
5935
23865
25384
8939
8672
4464
18401
30175
5608
7665
23256
15565
17889
29434
21278
31507
28164
18676
76
6009
6473
259
30916
24931
25039
29659
32057
30284
4223
8917
13682
7023
24557
32578
10826
24519
26238
15359
8444
6714
27600
23882
15261
6162
11606
31443
746
4012
22083
26646
15684
11124
11946
14057
14073
16657
17891
18513
24517
2268
7216
24474
24985
27031
4000
27559
5274
11356
4148
31366
29805
11475
24385
2887
31410
22952
24085
12815
718
6460
12253
17000
6894
26267
12999
29659
26185
15023
5219
13505
29861
5555
1359
8022
13084
15593
20499
17679
23072
144
22346
17454
31933
7697
16131
23443
7454
4729
17766
28885
27219
28971
3739
15505
2897
4823
26599
4354
6970
12454
17944
28370
15071
16311
804
23600
23428
8399
7949
12835
9955
30796
2055
21534
10355
16987
11741
1492
7145
30571
25745
21325
1279
21730
23107
16186
29813
7694
9299
11142
7766
26974
10186
12333
9597
19922
24822
21585
16471
1200
20053
23947
6891
21369
693
10623
6679
21019
8856
17843
25628
24936
20701
14753
21085
26055
20125
14090
12387
6697
21076
9358
27685
3903
23105
13946
7046
10987
32271
2529
31520
15348
948
30190
19008
30205
15258
1912
10289
27064
26620
23255
22206
19799
13204
18422
1522
10563
31603
5290
3362
15633
28720
8514
13614
12466
21060
17248
30723
26089
19893
17159
22884
32258
14578
11764
15595
26562
15102
30002
23882
2458
7377
2281
18647
23583
18940
26231
1864
2239
17547
19649
19642
24748
4143
2763
24057
16413
22685
7303
2555
12726
22321
2539
23725
26180
15319
15430
28403
21678
7467
15828
30697
5673
13279
6032
880
21162
25949
16713
29158
20897
25006
22520
9524
740
22683
3665
32526
5097
2578
2968
5238
25913
13771
11446
14978
29729
11818
23436
20576
3243
4712
28807
27287
22477
29678
21109
17295
6623
27393
18583
5460
13650
24228
13047
16535
17824
954
7419
25846
26239
22380
24123
20093
31578
6346
15760
23660
2817
1461
19053
17722
928
24316
24691
23515
31470
30661
2367
14911
16038
21551
12423
29979
18747
6965
24165
15595
28360
24534
27634
4152
22085
1394
26135
25366
4865
17272
4768
24562
29260
3134
19346
9610
20852
23344
9407
9789
4084
11821
3991
3205
29159
11822
28993
18626
1731
19241
24299
11321
26691
20277
29790
13660
26021
11502
30933
29004
28438
3355
17935
5788
21867
24462
9635
15704
12817
29516
6292
22597
2887
23022
15653
21355
2186
6727
18158
31697
19281
30279
15664
5256
16379
18463
29542
15594
31494
15014
28700
3108
30337
24828
13828
1522
17348
29037
9031
19626
1374
10136
23321
13436
17743
4560
28048
7160
31608
19906
12726
11728
22607
30808
1501
28640
10199
21726
27186
17259
24784
28516
10645
15016
13354
15971
1192
26493
12480
1955
4902
1930
20291
3163
20343
12649
31348
16539
129
26420
26519
4583
30144
12872
21284
292
18841
11337
30143
5049
7659
6503
17770
24558
1768
30687
22266
14487
6179
10436
29639
15351
18409
5631
14248
18911
7381
31125
19231
9494
22943
10792
3536
17405
6965
4289
17720
5235
7437
11212
9115
14071
6073
17252
15166
29964
28092
13009
12759
30434
6812
27471
18498
31794
6200
5137
2677
7274
11868
27526
15286
21002
24723
19931
21260
21838
28220
1217
7155
2573
6368
17520
20307
1249
9411
31212
14515
27528
18361
20103
15274
13450
31291
1191
19863
2588
24250
4553
14226
21573
13107
6598
13475
11839
260
12117
16433
19232
32510
32210
10429
3514
22971
16446
15056
22463
22066
10630
6193
21545
648
8712
3932
16600
26922
32339
1840
31613
31256
4910
21224
21944
7812
19165
588
29821
10907
8095
552
16060
8611
8059
8446
8001
70
23868
19448
7641
301
29371
6176
5046
4049
30812
27603
32532
23950
5595
23667
14877
19706
4169
5213
6410
10100
31057
21787
13196
20736
25536
27098
23914
28242
16709
7710
4715
12584
19828
3252
22902
16093
10769
23273
25336
25915
4236
13305
26246
4498
15560
6346
964
15878
29984
22490
10885
18733
21420
16758
20019
27610
13504
27694
26738
16691
28342
7557
3840
5386
14062
10989
8415
27754
22546
26354
20151
31855
7583
28341
630
859
6305
27548
27193
14311
8638
7496
10863
17111
15477
16327
31547
30417
16296
8715
13595
14959
26456
155
4296
22675
13233
30857
7773
11003
14662
9892
14266
21269
18077
18158
29227
29972
750
26705
21317
10563
27176
2189
19729
6041
18997
11381
17773
29070
9599
18523
11438
15918
7859
3273
26506
11372
20933
27506
4150
24504
15924
26727
21195
27348
9871
2958
26862
27875
2360
1617
30896
1219
5736
24979
23219
3740
18291
18408
2959
24505
31565
16389
19571
29847
15437
27509
14096
17724
4914
7566
18610
13258
2916
24228
10416
18772
19580
12156
11783
13552
27909
8451
26690
16654
25220
5184
12189
13064
12983
13960
105
18682
18971
3569
9650
18899
7088
10761
30496
23468
28160
19655
11803
5209
31070
8129
5682
30782
15212
18848
7358
23396
9184
30673
962
22733
32391
12414
15382
21508
16010
189
10949
14583
3824
23303
23987
28169
19556
14827
29571
11364
19512
23299
15031
12940
5291
9768
19481
1338
27239
5346
9306
12903
22350
11810
250
19111
3702
27188
1127
1208
20850
4847
25961
16219
15060
29743
11709
21858
4591
28805
19457
30731
3042
20012
31952
908
7634
20543
20269
495
17526
28714
18469
20512
25817
19295
27056
6469
10843
6474
8409
7245
1529
15750
24350
28620
13007
19025
25370
14342
25563
1853
29793
841
32516
20521
5804
16513
2395
24688
30774
1030
10400
24160
8037
3768
24072
15086
7085
19278
24125
14759
15794
13803
10919
13546
6828
25074
20458
29269
24336
4636
28080
7037
13421
5832
27560
12002
16019
26258
32719
32034
29691
9510
27118
1644
21859
3159
2147
19512
18617
27499
10789
27445
6970
12473
16899
4483
28379
12663
24364
9507
5864
9165
3828
11948
10219
32557
3029
23615
16079
14055
23988
12476
17221
760
20326
13110
10599
11043
23923
12965
30363
2116
538
29147
3515
12256
661
20410
1651
32256
8606
16291
5098
28992
23345
9777
16036
3363
3476
28200
30119
13993
13205
27048
15068
16164
5139
21415
28345
4423
2751
1438
32541
13440
20004
13697
32123
6792
22245
20469
24635
27448
19526
17086
29533
17054
6638
19318
15456
5456
4844
7813
21858
12032
17911
31309
904
32593
26362
31397
3232
10473
29136
16521
4101
1735
27211
16911
26307
7127
23932
22173
20220
8388
2094
21338
26251
9230
18100
19426
14566
28764
12773
19262
25673
11539
3428
6419
6673
27943
27429
24345
32358
8242
10284
17103
11036
6595
9880
18286
23003
8952
26849
3099
31102
19023
29278
14944
12986
26041
4362
14557
8192
31472
29831
30267
15524
523
13923
24674
20286
13904
14235
23532
21329
26953
30557
20441
9770
3098
18194
6532
31499
25361
32668
31957
23177
6015
7132
25785
12595
7110
23672
1999
12660
5556
22747
17765
3259
17167
8573
20130
18392
3185
22372
28676
11946
14934
23787
3854
10999
116
962
12346
667
21323
23606
6453
16613
15356
2482
25419
20286
7774
16518
4640
267
9551
20712
674
5845
18760
25400
17979
31911
9525
18825
15947
18360
3459
2652
3029
14154
7546
2222
10105
15570
11981
27958
13730
20313
28527
13544
27392
3618
2473
2237
5433
30349
4714
17078
7131
12603
12766
17439
3478
14963
14913
273
3496
27077
8438
25914
13720
7405
3539
30176
16167
2554
29888
21796
2692
31919
28032
2692
21695
809
15822
13476
12928
19906
18860
2126
8953
17974
24056
16567
20249
8708
2368
25860
18690
29719
30423
1804
24510
422
40
24416
23341
24153
26699
27273
13378
5037
30166
27536
7535
22425
24310
30660
28510
5746
15294
28599
19938
21516
29374
2442
6445
10274
21464
20586
32579
23031
21839
15707
16815
24382
10017
19764
884
16951
4247
14315
13126
13084
19482
11539
26106
18619
21832
14755
13628
13412
23879
15097
30336
27909
22873
799
24123
5524
24497
4684
25426
8877
18054
2478
30418
893
14693
15206
25571
20958
14539
31701
27639
19907
14323
6166
29511
10199
19693
5579
20864
24417
9968
8221
6841
14187
16113
17918
29865
1827
30324
28081
19479
27009
6307
8589
32401
4138
29085
6654
19553
15765
28688
10444
9917
10860
1290
27040
11838
23093
13836
23492
30100
9009
5473
18730
23671
28036
5293
7856
5856
28055
26057
6562
13434
23995
24014
28288
15443
31503
3696
19714
12504
18851
2446
25946
4096
25565
774
21177
9159
22812
17614
3860
14046
24476
10561
21544
417
23962
4022
3516
25417
3512
32599
16678
15203
17058
27697
3600
30593
3570
21127
11388
10543
20049
7276
3078
14376
26847
1425
30825
1226
12758
29019
26437
3784
18538
26424
21280
29727
27123
10548
18346
23627
77
6343
837
9146
28543
24049
20932
23425
26268
1161
1139
29006
14311
979
11096
5021
31802
25680
29625
9775
1449
30682
20447
23224
25954
22512
19481
16857
2263
7758
13571
26701
12832
3008
29447
21607
20378
4409
16165
30652
30421
28447
5360
26909
1709
24298
1497
31432
13494
31469
20912
222
2526
22643
26728
23576
4685
2062
14619
7350
17552
28716
29261
20921
25591
13803
6005
22610
25147
10287
4026
16282
1124
24817
4602
5251
20202
4314
4624
10767
32027
10512
4951
12736
1980
22352
1130
14415
32499
2109
2094
23201
15205
25591
20499
18166
10907
30960
27542
24164
15018
2299
12555
2692
10515
11430
9113
7019
14568
16586
31366
16859
5168
21088
11700
31163
23693
31894
11116
30917
12060
27939
7003
30079
8093
727
21210
23148
28372
14966
24179
14723
46
24006
17568
5088
21160
10471
26069
18874
237
23011
7617
18069
3262
24198
2514
15800
31127
5232
6391
2786
31376
20328
18601
2873
14209
6643
13100
643
28009
25637
21266
24728
28177
5304
8194
31511
17132
12379
26807
3929
30530
2892
3659
8355
19853
14633
1206
1696
25636
12036
15506
16398
3350
19381
23073
23991
23897
14964
23952
6563
14116
25511
8317
28300
21401
24568
19640
17298
4007
8619
12358
48
47
18478
4780
7279
4453
20978
28522
345
13690
8314
14789
19889
26232
690
3529
21217
32621
14721
29327
24116
12491
10913
4540
8773
5135
13743
2122
21688
8865
24446
13451
21543
5115
18353
9578
27231
26382
7305
3829
32461
6881
251
26648
19763
23164
6406
5547
29855
8196
12355
18096
29342
4903
11966
26069
24237
9915
20484
17473
31216
14753
20605
24972
26407
16112
1276
29967
7901
12623
4245
7263
29666
21923
11439
21268
15356
4331
14169
6095
28890
21863
31714
25211
23881
27392
27043
20434
10923
5860
11552
9763
25252
26225
24400
5971
14614
8532
16184
25635
12880
9970
10687
17584
31106
15111
17341
14912
31604
1420
2645
11835
6520
18911
15749
632
2206
6430
22779
30394
12582
979
3882
1915
8763
3799
31390
10728
28126
28528
31116
2348
288
21181
26542
10481
19604
13396
10829
4388
20740
2089
17056
26361
25699
15282
23124
5936
17155
21064
32364
30102
16648
8401
31819
30158
12317
27804
5391
24913
19813
29068
31521
11956
19380
4985
19978
24106
19968
16083
2185
32585
26130
15496
5346
17425
27521
32040
31608
17706
16097
8008
24478
23405
19768
13604
16043
12966
26545
3464
9548
31128
17301
1008
20255
21314
13942
7150
25725
28001
686
27596
19095
24630
18440
6770
14788
15241
27836
29835
3609
25838
4769
23780
1595
11079
27806
7188
25713
13194
2145
21346
9725
8901
24660
5859
17581
10591
18893
29411
13997
21408
4998
24710
8351
17267
26700
28079
28141
14187
18939
7201
17246
773
14505
15333
32744
23597
23074
17643
16326
8707
13717
29684
5578
222
22412
11950
28403
6033
29217
29473
21570
494
19823
22091
32458
27785
7240
22023
29191
5567
2342
564
4208
24566
3939
16658
24143
22821
29868
13039
26321
23448
30387
30980
30553
11245
292
25498
9498
14435
32731
19313
20709
23892
8532
6753
7487
21247
7522
18242
2743
10379
21540
18698
11895
28745
22837
17717
14104
314
16164
32106
13243
29137
14116
16475
20821
12281
22788
25069
586
23130
10081
32409
17470
16088
9242
3601
30759
8797
2308
2343
167
13785
30943
9963
6810
23687
15497
29972
9195
10097
24690
20386
17579
10806
18000
31681
11876
3339
32532
27119
26026
0
284
25441
18932
29573
3754
9891
20394
14892
24725
14208
8319
30640
26942
26145
5633
311
17350
20857
17006
4820
9086
26848
31690
32336
22431
12541
7470
14122
14140
20458
29283
24540
2420
9363
432
15456
15852
27999
10223
11763
2429
16915
15078
7193
15145
25843
9685
28385
23892
12074
13388
32362
30512
7275
32575
7078
634
14809
12380
5726
26980
31780
3996
25718
8402
16629
3865
20083
13000
32653
18719
17722
19747
27817
9349
17690
10376
5544
4926
27149
23451
14063
7979
6459
28273
20877
14643
25536
16967
17435
32406
1711
8564
27366
26750
11351
2972
2897
6616
21189
4647
3700
16225
31626
22769
20233
13828
2238
3907
32393
27491
27460
29955
26002
11444
1616
16423
908
22478
27687
30319
20876
8835
22566
3924
11384
27697
2566
29244
10861
19860
26206
9455
24413
23262
105
15950
21757
19466
28938
28995
14814
32621
7949
17396
3033
2702
23728
18236
16817
19767
32354
25179
14324
15052
20170
1772
25890
19932
1035
24856
6417
23030
6727
22538
19344
12222
14178
29346
15947
18239
31752
29806
30191
25731
26097
18134
20110
27233
10083
662
12100
20375
6137
11634
8475
27161
8868
36
19756
1192
21743
18586
9735
29349
29575
15454
16469
5672
14330
20310
7868
3149
7103
25261
29955
29646
21623
24593
9847
471
25970
5407
909
22805
27253
25371
2760
22289
32698
5861
12509
19388
27449
32040
29718
20298
27430
1749
16116
10820
19899
4560
24088
985
13879
10729
3427
19062
13095
22029
24669
2710
2532
17853
2515
10202
23389
29376
18117
11356
1558
2837
28799
8769
26993
14124
31237
11149
28205
4182
23732
19515
30764
23417
14375
6798
9593
23560
10584
18850
32393
21298
7431
16966
31681
32602
8544
15886
1081
12232
31448
6307
18880
16542
88
19294
9760
4877
669
18197
23971
21960
17119
8245
27349
12729
15536
16657
14220
12020
18216
5754
26406
26089
20799
27280
5650
20701
15738
25047
12946
20891
8394
20110
21182
16230
26801
20028
11213
4403
11430
25995
3728
30741
11963
3673
3391
32249
20349
27661
11896
31891
31003
6695
20869
152
17867
18716
10206
27950
25962
7520
26606
29601
1634
1220
7450
13143
17873
30210
14592
5638
27368
20118
18940
15396
29073
17104
31473
3487
10324
5160
16454
17103
25979
465
22062
31145
6004
10129
29741
11061
13432
16079
23000
5442
19818
30190
6364
27736
18434
20953
16449
27118
1066
19935
19696
2781
28840
11714
883
4629
21246
13834
5885
9102
18062
16031
16810
2946
14082
21399
12807
1498
23019
22605
29141
6630
27560
24755
10762
24144
13194
13545
26649
14675
4918
13070
18547
28968
9546
854
10830
8385
12099
21084
20645
25786
27294
1466
5248
21645
26941
7896
3189
7173
6413
16385
19823
18677
10982
1980
10414
8489
24754
13913
2831
5277
1746
20938
24974
8173
7357
15284
9993
13069
28906
28102
32583
28730
13297
20554
824
22320
18157
24313
8830
12446
18724
4116
15917
19927
10474
12720
24783
28874
15298
12626
14252
28724
8647
443
12616
27668
30794
4869
25900
9824
8125
4335
10473
21494
6351
23414
30299
31189
15577
28069
1835
10893
21881
9901
18839
14324
22396
10552
4726
11547
17666
17659
12406
9344
31452
7818
17577
20101
27961
2417
1088
15393
6018
18560
18326
16854
9090
10342
2672
1763
3018
10370
16771
5306
15700
9717
10550
31412
31846
15612
29098
23044
4281
21629
27639
28138
31963
2015
7353
25641
17618
25375
22476
6586
2050
9504
18771
4034
29265
31811
4095
11458
18568
28984
19598
7693
5116
29716
19089
28032
12655
16291
9843
8045
18225
1791
5303
27864
26250
8545
11905
28134
23645
10296
26456
18578
29957
15224
4138
14242
14211
24629
2960
32217
23515
11632
5972
6511
187
15153
20273
19390
25694
2006
19673
18750
9392
18346
2365
9651
19123
21177
25352
20645
9505
9443
28268
13841
13907
9264
29218
22366
14689
8547
13740
28818
651
18130
1246
32198
16087
26996
3228
13528
22268
28732
29925
18271
31103
17829
23569
228
4124
1935
5974
5455
9319
26953
23697
13215
30643
31727
14659
12510
21043
20726
31450
24404
19807
11013
27699
26108
7577
12550
3164
11316
7953
22398
8862
11704
10726
29721
21435
19153
29070
12170
7284
26826
29559
18833
21838
30372
14574
25437
9110
10763
28737
17429
31651
2184
8480
19378
6235
4343
73
2063
3065
6460
9829
8259
19981
13362
11820
2606
27331
13284
32208
15954
14185
7168
16281
24036
12332
6280
19916
32547
25378
19659
5586
5097
3214
3732
13974
7808
18527
24993
24111
10422
31993
18262
10943
12596
25400
14003
4763
779
20402
20612
6060
11152
8509
9175
18965
618
30898
5811
24085
30697
7664
18183
22831
7578
13859
30689
6793
7448
12102
24288
17043
4388
1254
26092
15848
29944
16937
13604
30585
7641
25872
6424
30184
29420
1785
6457
26674
22346
28264
21134
26001
31318
28166
27304
25761
591
13546
11991
11713
17697
29720
13214
19644
897
32071
2149
17833
23096
16104
21358
4367
23999
16739
27146
9037
5133
2468
14605
825
16557
1238
4479
13320
14099
24942
11668
30318
10032
31084
478
9477
6212
12765
11970
12275
1524
29605
9769
31688
21404
8571
22903
10149
2534
12085
961
32419
4764
15942
25659
6258
26298
25477
31983
27969
25288
31280
10677
24798
13670
10288
9055
2335
7209
30622
17204
13184
25253
10631
6816
28173
22475
9708
13097
6019
11638
11533
2725
15026
30272
11752
8106
14629
13722
26108
8775
2309
13852
11858
7409
2619
6681
6590
10688
14037
23159
18531
2012
12971
10173
5237
9522
32322
24942
31811
28779
20720
6038
28020
1822
24129
19106
21904
5188
2714
23924
7107
29421
21276
28087
26590
26930
27851
1648
23199
3947
24304
24790
6962
14242
7356
10084
24055
26951
25133
28460
18566
17700
22582
23406
22257
26004
17434
8041
9801
3824
17945
21105
18531
17483
27470
19010
1243
5215
5848
28564
11098
12998
1592
16624
23317
12654
29946
30657
25494
28231
9112
942
8895
2366
17819
20519
1036
30319
6915
2110
1304
150
14569
19641
25443
20423
17763
4197
22354
18528
10920
3757
119
22075
1396
4202
26387
30760
21166
29437
14041
8090
8265
9628
5877
14496
17768
4329
17229
28183
26053
7369
19207
32287
17491
18547
6219
13003
10530
2247
9546
21277
24195
24802
639
8241
2414
26863
4660
12984
24864
14143
7497
19624
2568
24477
9521
29490
6116
31963
5949
25845
31528
30897
17693
16497
23967
1480
18084
28350
12884
17
10443
9853
31923
10075
3577
6928
4844
26661
9089
11270
24472
9904
4204
10457
26271
16473
16762
31964
4441
14118
13923
22383
1523
15263
13410
9333
3605
2271
500
26888
20673
18154
4062
22635
25471
26433
13165
13631
30391
12212
22017
21242
8542
26488
15821
19350
4052
23161
21464
15750
6669
9969
2887
9710
1264
2362
19935
11027
29436
6625
4550
27409
18481
12795
31881
8908
1326
27068
14179
16680
23959
25925
22717
14973
3513
25534
1777
12357
13169
17573
14419
16664
11849
30565
13426
5339
19173
2347
15003
31028
15774
17653
29087
8768
12396
6636
1238
25481
26633
15347
4708
30002
17491
12928
20155
6517
8179
18858
354
13904
21308
6532
16116
14202
24149
6058
1131
19612
32411
26393
6046
22462
13121
23108
20745
8191
30009
23396
13005
7306
9816
12047
28919
27589
31669
17676
20229
19148
26450
2918
30375
8477
17662
30655
11202
29845
20089
15079
442
22939
6874
21165
30193
13211
11566
28149
5003
22966
22114
22283
1141
29623
28259
22583
13221
9033
10371
20114
25763
19816
1823
24343
25672
6166
12926
509
14021
28751
14077
22597
26344
11326
28265
32655
23195
7601
6317
22577
20654
10443
26541
29066
27606
13048
625
4244
28405
32294
17286
1209
3739
17459
13985
16104
31693
9889
6534
24295
3078
18065
25640
10987
8828
6383
7186
9574
16036
19178
30469
13600
21496
19111
4323
5001
20216
18486
14539
30030
27503
17093
6534
8490
16375
30227
16674
26879
8895
15400
19420
14629
19340
14148
13892
12801
22270
22549
6811
32730
3861
5164
23936
25833
7411
24754
3532
10671
2020
17751
31674
26508
9627
7052
19275
24972
24511
19954
1512
24452
29350
11282
28489
16222
2400
9806
8599
12465
23287
1559
13517
20117
11509
30305
30052
2997
24359
28756
28207
9381
25761
24645
18820
3190
19970
5860
19868
1928
18681
23223
30780
26784
14600
11719
32149
9274
19848
7065
11882
11809
14574
9055
2416
21820
27980
4720
31738
4523
539
25334
5589
30995
10039
29414
13425
19765
18731
10038
26946
22726
19119
20298
8038
3706
30575
23727
17544
7779
5134
17163
30980
30073
12139
5204
2892
23418
6435
11585
17034
8948
8535
1534
15495
8095
1455
31524
25291
22257
12190
8936
15110
7917
10216
659
5806
7996
25442
14386
26090
26750
19705
27790
12719
5602
12534
8542
296
11508
28033
12220
11868
12215
3171
2774
28171
5364
10768
6886
3800
6865
19940
17508
13230
10149
6061
28537
3420
11531
26218
9144
22402
16694
23634
3081
7345
25220
25624
30437
1486
6485
7022
9929
14519
27677
18120
1764
2601
22968
12898
6163
1762
19966
9348
10768
6146
17560
17669
13543
18103
3602
7694
26281
25369
27440
6688
14691
4691
29318
9048
9553
2052
29763
18418
17232
28389
20558
2061
29586
17579
29332
12461
23701
11567
27040
26630
22102
204
19308
20216
5570
6664
23670
23510
11373
9847
11543
21099
12422
32477
8464
32063
8459
19091
5478
3094
23097
29228
6257
15290
11847
9559
26671
11002
30291
30727
10974
243
12189
23250
5577
18574
30963
29335
30306
9546
1132
4964
20881
17724
20825
25239
3404
13396
17017
25667
22632
29921
25708
30677
17582
343
30826
2039
18226
6992
5941
29108
4832
3026
76
26333
344
14544
26978
20396
32252
13299
25102
28584
10054
9882
8132
20936
6752
16159
17924
16347
7406
860
32465
18727
6446
11373
30565
7249
8260
28600
5411
14461
26319
22827
30413
14773
28608
6853
5623
17551
22892
30040
7356
21770
224
7821
17327
29882
28532
18472
19476
7205
18083
11405
27217
17260
7705
17539
13471
26158
2062
2617
27141
32425
12243
28039
9607
15394
18090
23925
20891
30855
13019
2817
28636
12628
13572
18717
2306
1971
30641
11768
22802
3047
15660
22910
3026
22506
8087
1314
7552
15701
5943
16603
13251
2689
15123
364
738
10988
28606
25577
4916
9950
30833
19063
31448
17996
7772
13907
24485
23292
25150
790
21860
30186
27700
26423
27709
3051
11726
24017
880
19856
27240
23974
13382
13901
6584
357
26950
5850
22691
1320
30123
7898
23637
15681
16662
10683
7056
27190
23425
21213
8772
3594
3444
5366
17249
9918
14459
30901
7401
29208
7127
5797
8777
7843
20852
28757
8425
3575
5915
25782
29442
3130
14313
17348
21680
8423
10752
17768
3912
23758
13436
26525
28395
18781
12713
30675
13915
23837
16755
19344
1294
6527
29
27741
25473
13785
5430
15072
27087
31660
11977
19782
13442
14376
15573
3300
7081
26354
252
22301
24619
31268
18047
9606
17242
25494
22122
328
15563
17244
31756
17862
16998
24463
11690
30336
22201
18769
11637
11319
20881
21259
14008
23891
5836
15353
2902
1409
12137
13545
30068
28832
30945
8767
4467
11486
24250
16189
29729
26654
21081
1665
304
15518
29976
975
1511
12502
10392
29457
27671
28323
31065
20636
6481
30116
6023
16053
20054
19684
21015
25684
6863
30650
18451
10536
14654
12782
17458
29402
26421
14109
30380
18326
3526
6495
332
31176
20026
27430
2503
16675
18181
16490
17996
25832
9466
19203
14428
23397
21692
5718
2524
700
26741
9779
16489
22245
1482
31998
15083
18678
28686
19725
11629
7074
693
22866
3884
26880
12300
18746
12013
13710
22568
29652
24980
13430
3100
26166
32499
8464
4464
10525
8416
20903
14798
2515
22666
26496
25341
27222
19981
16408
13076
23734
32323
2990
25831
3519
2781
11521
14534
17112
20659
18011
23911
28459
14425
6094
25888
9222
29939
4798
7001
24705
9546
18080
20034
1122
2847
2816
24769
27197
19647
2761
14511
27872
29911
5313
23875
23534
9354
21843
22990
9161
11201
23953
14505
11445
31682
7033
10860
13627
10245
10103
11617
11212
26946
2860
18745
19367
22223
25966
13053
253
18985
3984
27975
22610
8401
10211
14513
32038
20569
9596
26766
3029
190
22840
28632
15036
8440
32766
14954
7837
10704
19012
9839
3652
754
31957
12827
26987
15939
3793
12697
18140
7540
26869
8516
19925
5592
10780
26649
16048
18034
5382
7788
28355
5203
2905
11483
15238
24867
14821
22401
14579
4093
23084
2412
7987
19584
11554
29776
15222
18466
4913
22652
26659
25032
25984
2318
20529
27540
29813
99
468
766
20345
6354
5213
12071
14843
15770
25947
14697
29111
10264
12551
29747
10808
32062
2527
25620
24987
24384
29584
32533
29335
18320
9497
30284
1978
15629
13870
15790
21493
14968
15322
17957
13403
22823
6249
7651
7974
5117
645
27381
1019
13977
1951
29723
367
19662
3473
11223
5065
9811
6017
29124
8457
17084
21000
32297
1578
14761
10899
11214
2469
29502
30218
5134
22326
17619
27312
12590
26850
17900
29003
31469
313
29035
4484
12636
6873
26372
32144
18928
28979
24818
272
13014
1682
12776
22326
24710
19289
24395
11306
22939
19083
11166
19884
13538
32657
9534
20218
15793
14648
3407
9204
12922
11770
10998
30590
20895
9598
24264
16678
10376
23394
2691
24071
22772
32567
8444
12524
18572
30157
29273
3513
28350
16305
2176
29703
13512
10485
10192
23823
7187
9775
18446
8393
7875
708
6562
13909
32396
17511
27395
21401
30151
26588
624
12332
32453
23298
16353
28530
9571
22544
6973
30217
5854
1567
21197
11876
25577
745
24049
182
10493
14800
30737
530
4337
11298
22487
7888
26058
3739
26267
17458
9172
24619
3103
19784
17138
24058
25213
14096
10802
30890
26205
24546
420
11996
30571
22027
22125
28917
15625
31161
17687
29218
17216
30231
7723
2713
25597
21944
14594
3874
20602
13881
26840
16854
20218
24354
18466
16423
185
16398
20001
4641
17443
6668
25272
16112
1860
22596
25723
2721
7808
23518
21768
16685
29572
16159
8090
12979
8316
21461
11739
17669
19334
24822
16122
15974
22119
25476
13566
11666
13950
22195
19546
4863
2294
18254
29121
12131
14143
13911
10811
7030
16318
3822
16761
3321
30403
13171
12901
27895
21436
26095
32254
9035
7849
4016
25699
15202
4560
11316
13357
17986
17330
23369
9218
7627
27965
24177
27240
27965
24643
1419
2006
8955
16939
20144
30481
12175
24295
15708
14262
13805
10278
11470
26386
4348
13514
8625
23354
21074
21660
24315
29784
7743
3134
16918
6212
2318
3426
10814
3156
22919
32570
28458
8564
21689
11055
10990
26233
30454
25046
23328
21682
15902
11296
7481
10944
26913
7377
2623
27048
20671
22067
30113
10279
15762
6155
4963
12358
24399
27084
18810
6957
18761
13579
12410
24380
6198
25651
1902
1112
9526
22906
7943
29315
27153
21011
32762
3760
31424
2469
20643
6613
14384
12797
15854
1601
8258
4864
27511
14128
24342
26339
12016
24221
1417
18078
6852
27991
2300
15005
7161
18775
28760
17337
12123
15953
21070
28776
29143
23689
2276
21040
4133
14824
15917
26466
22954
18767
13911
19716
31388
15403
31468
19727
8551
8778
19281
7387
4943
15341
30355
24535
29783
12830
610
17021
18018
10563
17246
16773
25497
25076
19090
29017
30732
23562
19518
22986
16028
12280
25562
14849
1304
4703
22871
18616
15270
13788
19368
17578
4965
32549
25729
26951
28752
16212
31071
7085
12902
26754
15816
25556
6664
28824
27348
1544
19362
22114
32748
20637
13965
31973
210
29150
25396
20723
21729
27206
27766
27900
11159
28403
10316
12071
2640
20567
17324
30113
26452
14641
21933
30005
30228
22971
11755
24094
2225
21285
25133
17177
10942
30531
24389
30398
22855
12419
312
21263
31762
9761
30367
8018
1060
28830
29517
2076
21383
29294
30258
23983
21067
10481
9855
3205
21707
2468
3083
1069
14130
16281
9974
86
21053
23844
10892
26666
11586
21976
24428
14301
4465
21681
28905
10373
25178
17043
10672
2604
24495
4339
25515
1059
13387
7380
12070
12186
30324
15862
30001
16494
32093
22090
6469
12354
12271
30120
24106
8145
12489
26052
4631
25218
2950
12895
17948
26686
18238
442
5309
31102
591
20816
15328
31144
31581
27332
3561
9115
11159
9497
32291
29832
22076
17953
19554
14597
12638
6200
5094
28764
3047
2098
16771
31273
5337
24465
13567
16932
10202
28411
4540
24123
17135
15596
662
21220
2440
3241
29967
29105
30909
20853
4010
1572
12503
25094
26516
17606
30738
58
14729
12403
23201
2311
10742
27128
3059
24752
20571
7648
27957
28479
4596
1162
23832
16687
3992
10367
13524
8297
10977
26371
5741
14706
26253
24298
28724
8418
9764
16813
22930
19736
4315
15037
11521
22572
7097
24855
859
7717
32504
26393
29783
2924
6830
31892
16464
12161
3757
5922
18249
26605
2471
5306
28975
14200
5014
27777
27485
7579
22362
25059
24422
568
12196
28131
1806
2441
31508
21167
16793
25687
31646
3448
3657
28780
17714
6784
4130
15690
32668
16245
32496
18717
32681
20477
10635
2543
31627
8338
27994
5915
24190
7056
18198
1796
32684
11404
24784
21766
16462
30184
16694
25517
21781
1188
18
28453
16072
30327
9235
1010
13870
17951
3536
19937
3886
12789
5130
21311
22325
28868
13617
28744
13016
10459
554
9954
16059
23905
9808
5772
30641
17897
12473
12433
28196
17478
698
31873
18616
27809
1965
225
23083
21449
6641
9250
20096
6089
14643
6608
13148
22208
30188
12300
24496
2029
13867
4412
32408
27402
14229
19969
16771
475
29354
17258
32149
18438
17226
12647
14409
7461
31351
5504
26459
5402
15708
7622
26597
8866
21902
18442
28872
20526
22163
334
1101
31470
15521
22905
9484
17454
26791
8015
21005
11493
7570
30879
3630
3979
25289
19134
30404
27692
28665
1845
11653
15035
1560
12471
6566
14248
22948
11350
17472
24244
29228
13046
21496
2053
8978
30465
27615
23413
399
21084
29079
3632
31735
4250
32440
7806
30271
10608
369
477
4028
32617
20595
31059
30253
30427
13834
2
27132
31002
13965
2045
22465
14315
5625
31066
11016
17724
24793
10121
15956
21266
31849
12516
3172
12226
506
31878
1716
21092
27032
19041
13639
2949
18411
2443
932
11804
9051
26841
24351
17599
9335
21935
2649
10007
9624
23830
18954
914
26049
8975
20222
12631
25290
25640
350
24191
7870
13644
4401
28290
21633
30175
28706
7407
24502
10251
6276
14433
23519
9044
17811
2478
16070
21875
253
15201
29213
1377
10657
21867
12385
19634
22422
8469
10500
15140
16751
2361
12234
22648
1725
19122
31604
30848
982
2321
14236
5498
4821
7057
28128
9372
24034
9806
2626
6384
9908
21425
32463
2146
10067
16943
19071
10008
28707
31283
26461
3329
26398
88
25575
31153
19553
22492
11192
2668
26602
2386
17252
5760
17568
406
31652
9688
7315
23814
24499
13775
23174
29423
25335
16450
21675
13638
4580
14569
9389
14489
18974
29927
16627
30788
15837
12447
15140
10984
18070
10186
18406
15129
19160
29638
29676
14423
15220
9265
10799
21568
27616
17847
28539
16387
18909
19240
30510
32280
14424
3278
30013
31791
4494
20989
20855
2406
5236
6379
8206
31934
16726
4290
851
8144
27070
31220
23233
12732
30615
24783
25405
5731
12178
26193
11420
1494
29385
2877
2150
20493
17315
12654
21977
2269
4599
18284
20273
12324
4724
21053
15399
10823
9536
18814
11704
7390
4063
31154
10023
941
3671
24793
22597
4567
32657
14661
19696
13134
12547
9897
13786
17038
3468
14707
11916
18059
13215
15451
9386
19687
13988
60
17528
13417
3995
6691
3741
31659
259
18342
31527
26642
29178
28024
19920
6403
1189
25658
32639
23380
27602
1939
24850
20737
17372
15234
23387
16673
29391
23539
28776
9240
21453
19089
25096
16397
12721
3804
8586
27039
21745
15483
27848
15571
10441
5075
15461
25169
15254
4312
26450
13521
7808
23587
8087
23248
26715
21062
11344
10375
24527
5468
1269
24093
4279
23780
12767
5660
20680
30671
5640
30754
30579
13527
1555
985
19724
9491
20620
2088
29995
27848
7024
6827
22611
5763
15088
9057
20689
7268
25970
20645
7911
7101
26841
1888
26666
26332
17670
9084
17961
26916
20382
7324
10319
4451
17678
25354
3339
13919
27341
2288
22061
10674
9953
3020
15508
27864
12453
21022
9990
15495
16073
12643
26719
26174
22170
4167
10478
7201
8324
30999
32540
15108
26069
12405
31566
14022
7107
9295
11021
8416
8113
18194
22373
32061
2222
11034
650
22861
12863
29294
26818
22869
25694
26282
2174
12297
15554
19772
30154
13404
15713
19411
31976
2455
9268
28949
22584
3496
28730
13713
32092
445
14271
2292
17816
8466
13278
16255
30079
6663
9541
29624
26572
7542
30264
12384
24462
30787
15833
30374
17800
27445
2214
29850
21719
13572
2627
32740
31445
691
7290
10422
28222
14879
12160
30975
16785
21209
3961
13282
29881
12593
9023
10598
18925
14227
2143
29295
25045
535
12389
10477
25326
83
25434
28755
12335
24948
19338
25163
29421
1677
28299
13223
31740
28462
14202
9627
16407
21561
30344
5930
29569
25841
31157
19167
2285
23124
8924
13501
6044
21675
7920
25720
27845
14175
8837
24550
19513
30478
20370
432
9287
3550
10357
12365
14557
2577
13367
305
2545
27354
14354
7233
31007
16239
10800
29579
29332
15456
16822
9012
7466
15143
18433
3505
21972
22528
3887
2106
31293
8699
12770
11132
18092
4431
64
7311
19243
14321
15935
25127
15336
24677
5919
6670
8411
3797
27192
8914
10409
6240
21749
3515
8905
17588
7713
27903
25829
11743
26209
21049
8067
21090
16898
4376
26084
3463
8181
6740
27948
27125
8728
743
18116
642
19128
2937
6653
25928
9043
15388
8438
11515
16546
26681
27839
17530
18390
11978
13502
2211
22819
19146
13650
15468
891
18410
25015
815
9628
28550
27946
21830
24652
471
28493
8920
32227
3946
10188
6386
29451
1745
9537
15578
23748
19096
21333
20896
8107
25467
13352
15349
3195
8917
18676
22592
11732
18780
28141
30447
9019
1548
11627
29451
11619
24929
20042
5904
20394
26825
8593
17403
10983
11865
21331
3748
30051
28863
17107
18254
13349
32632
9707
8061
6515
12099
31663
25096
11413
29397
4685
29038
7900
27598
9272
109
29155
2028
20613
14545
21269
32382
29333
17547
20591
16924
7412
27906
19079
14998
15233
17582
18382
23338
8399
3810
3346
26874
716
23017
8007
1469
10912
32597
4742
21172
23512
32404
19030
16351
14020
26052
3883
23410
6685
15560
7468
13699
18411
9884
4153
11269
20902
11493
20781
13049
3996
27085
26720
27875
10130
1037
22897
10107
26286
12619
27714
4262
29333
12967
1859
14244
5584
32657
32500
11915
11124
4829
32421
24564
28162
3609
28288
27892
11660
10014
31434
10062
12569
5093
8294
31718
18251
26780
25243
24953
19007
7161
3607
8076
6837
9679
11571
418
22129
27615
4472
19122
19937
28912
5730
31960
31999
31266
357
18763
2937
7807
9006
15503
6159
29907
7723
31468
21309
21437
30285
8478
11547
22535
19981
7502
6785
9523
29869
5185
13678
5206
10688
9936
15531
17706
14828
11160
13995
17758
22767
12530
15286
16944
23776
23334
11079
30782
16055
29403
20658
21913
1040
14290
15113
540
30252
19412
19521
16892
19001
18921
17297
26271
7891
24011
18203
16818
29386
28570
12494
20086
31014
14289
8843
1370
28264
20345
9606
3535
21267
4253
22768
16984
12139
23293
29651
15072
17533
4358
7741
20817
20063
24834
26016
21602
15289
11917
20601
23729
32388
12360
21808
30737
23058
5585
14399
7973
21071
18930
5527
10542
8262
9496
6463
12833
20455
9223
11071
9981
27399
30413
4796
27739
21928
31732
21604
21318
16251
31740
20493
20558
20131
14601
24984
10456
26556
9944
2332
2744
14108
24311
24129
16898
24408
9526
21225
284
28938
4185
2326
28440
4050
11023
16392
28737
26779
8488
7333
23796
23840
19714
20766
6834
2222
14660
26576
19314
555
27343
13672
1852
32599
1778
13899
21491
15698
10717
23349
20339
21087
345
2335
16348
19687
32694
20583
32300
17345
15108
7979
28436
15280
19590
29429
32260
1581
17507
19870
20105
32103
1439
29036
6104
16777
7754
10366
24235
23355
28663
7018
331
26475
15472
31524
18926
12365
27304
546
31556
22432
6129
4285
2893
30260
18799
26843
109
21673
20941
19659
9410
8569
16174
1392
949
18489
25959
5026
26063
19995
22635
4305
16079
22456
27398
747
16889
15372
1487
10112
4272
18626
27224
31269
14151
7090
13991
31254
27669
13737
15594
29471
17607
10856
870
19900
22010
4591
177
10879
28938
7931
26657
19634
29732
32461
6788
6206
24739
26157
3857
9931
11161
28591
18591
14377
31915
12085
11029
494
20259
7861
17698
8801
10560
18492
25134
14999
24016
20787
30864
29660
3073
19170
18433
29781
20853
27698
15440
1763
25236
6327
26712
31305
32038
22765
11568
31634
26913
10178
24993
28589
31679
14677
3549
4187
20692
7934
3949
20555
11871
27790
14700
19074
18015
17112
17651
16641
19176
25456
9684
28322
2165
12722
6027
12356
31360
17670
30321
18727
3664
28771
14643
18073
2067
25362
7811
18131
15916
18101
25357
10014
7886
32391
5037
23866
13258
27621
20447
32767
6309
23566
4215
17221
5870
807
18066
27394
23758
10370
26316
31154
481
26655
13491
7676
20036
11635
25212
9106
30704
19305
22773
27481
19014
21927
15291
11978
27626
7954
32173
4760
14037
404
6560
19602
22182
21277
17237
24780
8505
11239
9384
14841
23931
25087
31497
8476
27773
24065
10544
22624
2247
11554
4365
23875
4078
29812
18942
5626
2665
10598
1861
28177
26016
13194
17081
9811
5190
23452
32699
23529
2281
11199
14956
2758
16071
9481
22302
3906
17636
28226
9736
27396
32601
24553
20285
20774
4847
4472
15071
15764
12012
19434
18831
7093
10541
1401
28969
16462
8309
19116
4526
15011
6405
14481
5762
16607
18285
27719
14296
15285
32161
3008
28778
13640
28239
19397
31597
12104
14960
5947
28356
9310
32030
15268
17780
14539
18853
16105
28248
24140
20444
16982
13078
28480
6838
5862
2897
1292
7444
26305
12320
3519
221
6147
959
25842
27729
19647
8581
29683
12698
9284
10774
7458
7332
8606
8154
30362
21295
23392
26542
6164
31523
22689
16857
9
6947
16197
20289
21527
26980
14206
30431
166
31936
10385
16240
31691
5126
13022
29037
12141
26517
2843
5438
20134
14633
6880
8619
6763
5620
2664
28307
22896
32497
6038
16352
1862
27509
24118
31930
32454
23047
30086
26363
9139
25457
1780
26339
20379
1047
16938
16142
1534
3976
21064
15522
13235
595
14448
14285
32134
9756
12168
30831
25126
15342
32059
21267
13119
8403
21569
4644
10723
8354
11233
32606
6702
27417
12468
8578
2602
24363
12971
590
12272
8347
13395
4268
6928
11210
32600
29482
3379
23502
25161
24234
17919
5827
31642
17754
17979
5222
13807
29159
20020
29408
22936
25326
7007
3551
22359
31412
10559
19435
12394
22294
31113
22008
8133
26051
10119
27959
26784
2216
19130
21298
28209
24236
27843
30744
30907
1182
5764
25429
19399
25195
14466
2662
29105
22677
29325
2540
24679
25056
32420
29951
23406
32079
17171
11972
14118
29774
20446
578
24910
20785
19298
27761
21194
6621
4666
19604
20132
8901
3680
28361
4690
3609
2452
9439
23351
19257
32514
24935
25964
10864
12319
2318
18367
22751
212
28202
20732
22711
24286
10898
19052
18860
14453
19379
17308
5542
17963
1248
19295
21945
11288
23530
14870
855
13876
1009
28975
18884
13316
23161
13292
3019
14201
15040
32102
29104
15125
6992
30673
4965
29519
10704
30977
4864
20281
22815
10285
15213
27744
5540
12532
30560
499
5087
10141
13454
1832
27972
675
1821
6364
32586
19825
8537
25210
16575
30826
29608
3613
350
27180
2240
32761
18339
13846
29207
24823
16606
7176
22683
15519
30599
13673
1444
13883
17361
29551
30759
6457
10881
21146
23084
18642
7681
26498
27266
21225
21936
10451
11953
10806
12157
6806
304
19363
20404
16050
20440
21238
29463
28338
7833
17073
10033
712
8812
822
23783
27154
2184
23855
2384
6173
15833
29485
18631
27560
19118
32399
14398
29354
5810
21414
30933
12182
10525
28951
4523
17373
14635
7808
9203
9140
8910
24158
9547
14105
5023
14126
5194
3088
1051
6098
23384
32307
20748
23351
21955
30569
2373
12085
11023
11766
17298
25270
29837
948
4335
24347
24879
27295
24312
20699
19354
29335
24225
17261
30333
25698
17191
13417
25377
3569
27975
25066
30274
9188
22189
22582
24350
23632
20911
673
29899
9919
28987
17326
32205
9592
11534
22648
5608
19457
5671
2896
9779
18147
12156
31144
9070
4269
16107
28976
1685
22587
10867
10302
13237
7224
13732
21875
17151
8162
13140
27292
24603
7437
32660
30422
13247
22379
21987
29686
2943
29962
22433
807
13287
16414
22214
23765
14535
13825
14547
30666
32718
1912
1545
11159
29018
28216
30937
21046
9103
31657
8605
11501
15271
17641
29317
4213
31112
4116
18388
7260
8604
26307
16460
424
14557
12754
31206
7357
18223
16999
1735
26241
5107
27695
11888
189
4313
5355
20277
25031
26357
23852
29680
25438
23062
18010
29174
14549
30291
31227
9034
4212
15334
5682
4369
25627
15678
9094
8774
15656
25423
6117
8879
28571
19501
2793
13840
4216
30681
32602
2974
11117
14170
26099
26038
31669
4624
15721
18895
11324
5446
29609
27822
25348
16902
27745
11993
7111
3377
20675
15693
5598
9679
3206
10867
22881
30115
7213
4945
6032
4098
4235
9469
27249
742
27527
5720
14267
15935
14877
27128
15091
1417
4005
3174
31445
8099
18008
8842
11765
14559
10512
7267
21158
11094
27215
24572
32283
8574
3203
8347
9932
18174
8072
13883
28187
31680
30575
2364
11576
15688
16510
26202
18754
14917
5239
20188
4783
17510
29982
6413
13293
5231
20469
29936
29513
5260
28490
10544
19473
9445
31859
7254
8949
3698
30553
32318
6579
6161
18227
9676
17908
29142
18580
30427
20336
27298
31912
25718
14681
9207
15802
25419
23287
14346
7418
24668
19344
1562
19838
4088
17802
6401
16518
10474
17619
23561
22276
24560
25729
4608
19548
14191
16310
17039
15976
30564
22983
4551
30399
24990
20893
13821
22839
30251
25691
32728
7080
23568
832
10408
10995
16957
208
23289
24899
19647
6446
10601
29075
25144
22989
26550
11377
28044
11335
6683
513
26590
2189
28381
25924
16059
4673
30241
29850
27284
9568
3072
2950
18802
5668
10461
8626
4581
10281
3062
6963
29245
206
29754
28173
12285
6366
23387
16634
23437
29040
26403
26471
27695
4107
1291
24256
22580
1550
25610
12525
32112
1871
16555
24605
28139
21507
14178
16322
29913
31198
4384
24284
26573
12411
15909
26491
6185
21757
29462
6015
30937
18679
7247
13987
19521
14473
7034
11706
28275
3020
864
9016
4006
1904
17920
16627
29412
24740
2270
1835
1282
18486
5022
20680
24533
12540
3281
27876
3491
21874
30991
29065
8408
16548
12358
11196
29690
24143
15697
20666
9695
22083
23501
21633
9758
14091
2088
2450
26051
13264
22010
28150
71
31099
153
18815
28863
24346
27112
336
10067
30085
31599
17567
4850
14913
7601
30394
29508
29092
14777
31304
1760
27706
30967
16850
27072
15208
14154
18818
14321
6479
23390
24106
18575
2035
2360
21895
5361
27549
25359
7112
8225
9342
19550
14922
29327
27540
25399
15270
32262
30418
9178
4333
32222
10363
27270
23602
10100
19919
18319
17481
16087
12521
22961
13775
25540
488
8868
13674
10965
23373
2544
10066
22261
26020
515
12305
18199
24167
897
4743
27688
1567
21211
12080
23361
14796
17443
2218
20514
15239
28959
29041
13276
28262
5532
18158
31693
2464
1540
23984
29905
1777
29747
761
20151
20544
30343
14204
31730
28800
1334
1893
14737
19412
25061
9114
21362
8950
7542
8256
30898
26073
12321
31874
13415
6541
22470
22413
24210
21860
12417
30431
6479
6995
15232
450
11855
3994
18449
5651
24712
21415
29439
6728
1579
2104
12319
28850
32471
15041
4646
28670
23052
16909
17597
17666
16866
20007
27864
8631
32251
12155
25411
23937
8886
6457
32125
27319
16549
25338
22730
17759
10306
3494
23428
16185
5597
3989
24754
19712
23001
11252
16860
14572
20760
22891
13085
24187
16820
31740
9593
21361
28656
30255
9073
8733
32622
21868
23509
30943
29858
7592
20186
29415
27270
30788
20844
24127
20623
18993
23237
8972
17632
30041
20543
12305
24255
18746
17254
4212
32069
26324
22098
3781
28249
7110
14900
2364
479
30900
31790
23362
23852
9963
5224
51
8893
16712
27488
21347
16937
13398
18817
4447
1109
27062
25848
32373
10215
17092
451
22134
8701
9847
22538
27066
22302
9865
13491
2917
24689
32728
2097
13545
12588
31245
22428
716
12368
27259
17415
28332
6804
24138
7182
27264
16542
12244
11182
16672
30073
2895
15962
24584
16708
9901
1866
28248
11303
12480
25623
21792
13708
15266
11653
7387
19339
9812
2719
17465
22181
18853
31242
29730
11702
27733
1427
13559
1573
17019
21514
2331
13406
31780
3411
4274
20610
10045
17594
6824
4956
26803
23943
18165
32664
20696
7634
7712
11055
20233
25497
16898
15654
2190
12304
7117
29560
5825
32056
11085
17745
28786
4531
23405
30076
651
18135
32764
10527
15344
29953
24753
22182
4265
31276
30061
8445
14403
3778
14273
29442
11123
23729
11696
28474
9469
3266
4534
1986
10708
15911
15369
21129
23683
7250
12574
28093
8139
1806
31087
2179
19598
200
9852
25579
32492
22317
10511
24611
16043
14843
23749
27115
1756
13328
27850
23624
28859
15048
30180
10877
1496
18309
2483
26167
32116
12175
30519
30216
26926
11807
31890
4118
5343
21686
17935
19733
7618
21939
24164
26482
1240
23845
29748
31441
16522
27614
6360
22458
4497
26825
23647
16271
7955
23677
27347
7362
7694
2833
3774
2884
2042
24626
15597
17729
9386
24948
3444
18442
27508
6886
17907
17747
32657
14825
22807
13470
19398
19010
32611
6391
324
18797
19760
20194
32206
1076
27122
30354
23833
29313
19646
20059
14712
1393
8713
4458
24505
7081
16051
11956
31305
4077
17476
27692
30623
5615
23157
19001
12248
22884
8690
15207
3487
4957
17502
1117
15952
2517
17815
22543
11613
11654
31292
1076
20208
18946
18285
16891
32210
31742
4050
32505
28811
25073
29151
12902
2507
15070
15190
4746
2056
26477
13837
15986
22633
321
12785
12263
4323
31878
28747
2465
21922
1993
21570
5559
11690
7693
31905
2138
2750
32539
10971
23235
2176
537
6989
21098
9947
30302
12994
2169
926
1669
9532
1408
22377
20928
31218
17770
14797
12143
4245
14256
28847
20722
3031
4044
20205
13755
17710
31217
26181
9639
11733
2041
4210
9614
16661
27295
5015
6681
27586
19182
26081
3283
3336
22521
21608
18307
29800
23757
4439
14778
253
29348
27981
23720
17924
9051
16387
2355
22683
4134
17454
29771
10953
28803
27303
17783
6079
32108
26825
31668
1373
7377
1562
5248
16120
24901
27950
10546
27995
12792
969
30348
20491
12005
3652
659
7120
9548
8754
21662
8816
10339
11331
29614
10174
8777
3432
7933
2003
28987
4919
29914
4764
25866
20370
31667
16533
12492
4995
16756
9427
9426
4459
1296
16456
17627
27228
7772
6723
3719
10947
6180
16950
1039
31306
12409
7868
20274
764
13128
11738
4211
21418
25393
6789
11905
16782
25749
19301
14839
3375
24305
20185
14661
20100
18539
18491
28910
27740
4011
16997
31733
8958
6124
2932
18577
24076
15187
32204
19752
27053
18303
23132
2427
16106
10337
6179
10271
28505
13646
19698
21548
29689
21586
4980
5945
25438
26568
4717
21383
21262
14887
2367
11900
26666
23583
1458
32595
23377
10469
9972
5651
29633
25803
4575
28349
15807
10771
31355
9418
58
6149
26308
15060
13739
30783
3757
2708
3135
20045
32100
28940
12600
1401
22488
2821
27536
12516
27769
5564
18912
4566
28734
18393
26497
22611
3309
13984
3313
20975
9367
7019
12152
31459
28257
3416
5131
9567
20619
831
6512
11042
7082
12775
28067
23881
2872
6777
12921
9828
12111
23860
21891
4815
9138
9315
7989
13120
14349
15244
15687
3484
28030
9963
19548
4111
27987
20254
9442
14939
23830
5410
28473
29040
13255
25214
17175
12606
29800
2494
22059
4295
29119
2851
32256
19576
32599
4505
2341
19129
13256
15337
13195
20163
8248
1584
14894
19889
8482
26512
20983
6618
11350
30757
1505
22623
16449
13115
16476
29952
22639
10686
1007
2100
2894
14577
5920
25464
13621
6499
10136
14311
21668
23072
10371
2827
31694
7204
28726
28147
31572
8725
22804
10885
10836
2097
27058
23318
28578
14469
18489
8248
28757
28511
32012
26835
1926
25607
18603
120
27476
27050
4312
22513
9003
7319
10488
15389
13127
28590
31163
28411
8563
11796
19455
22276
14103
17708
15090
14526
9329
27331
4471
11918
26915
29579
5836
21197
9710
28107
3689
20511
15293
21588
28459
19456
23525
28087
5553
24480
28075
11189
30215
4849
27911
7927
4225
3582
9895
21248
11754
29822
30007
9823
9950
8105
25568
29481
14965
10826
23054
7078
14370
790
13431
20299
218
31036
28505
7144
9080
30525
17922
7971
6240
24574
27542
27685
24674
16924
16653
31123
2786
21887
11387
11200
26422
30514
30100
20257
25936
6001
19311
5889
27037
19972
22410
29813
6188
2252
527
22931
23315
2204
19285
15583
10255
8266
24234
28934
18794
27141
16976
9423
11810
26344
18629
8014
1351
15568
10055
3163
10405
1643
21912
27970
6819
27026
6911
444
7019
26585
27791
15646
6475
7524
171
7121
91
25084
15306
27906
11617
97
23160
25754
2033
30690
31902
2417
2009
31788
30210
21438
10684
10080
2065
4051
5884
4712
26845
22791
1245
18314
15202
16627
3816
17213
23821
30433
4238
30524
11391
897
16910
986
11662
27870
7321
7061
11916
22161
18867
17645
21196
29236
8668
28279
9827
21530
32368
2349
7980
61
25292
7432
12047
17272
16562
3025
19330
11511
23535
30260
3663
15339
4410
30486
21400
5506
1120
10536
31001
22294
31134
10940
8878
22693
24142
5080
10261
29569
17607
4745
4084
8520
22398
8570
15390
1815
1905
3269
11026
16635
31173
14601
29381
424
30893
24765
22689
23150
27535
15300
10957
16232
6754
17729
16047
7159
16475
5036
14511
2926
12744
30502
318
2575
6460
21001
2839
12855
4076
24516
20165
22997
5465
24038
8038
9248
10799
19320
15534
23434
4717
12944
17967
10223
711
12323
29655
29971
15689
11803
14266
7499
24892
937
11537
11386
29261
28637
30851
20287
23276
8820
32164
17005
28147
18161
3516
22204
11144
17903
29641
23742
19780
12469
455
3348
23957
2827
814
16609
24160
26444
14525
3711
17131
2237
16758
7793
16635
29
5354
19609
15673
30333
29366
27051
22234
6738
27470
12514
22143
25289
26105
17906
1114
7514
18461
20285
10643
31136
8637
73
16618
1896
832
10354
6813
23304
24692
6620
30604
19442
9426
31916
24475
392
23812
25208
14168
16946
6564
11771
22750
14510
28487
8974
13305
9128
14266
13012
14730
9099
30859
22580
5677
6806
4811
6284
26
21298
8211
31907
7241
24707
8389
5600
16090
27965
24468
25530
2739
27833
11847
11632
13419
25160
24505
9210
27751
12999
8997
24639
13378
13427
9376
4488
9074
28927
5863
28725
24361
19940
2651
18607
18810
3833
13642
12957
11197
26435
4464
18523
24628
3086
29374
29351
16111
32316
31578
7326
20972
32222
4326
25576
5251
23553
14085
6447
16897
7882
29467
9429
30612
11206
7509
9190
11623
27771
17130
20811
19213
8515
32160
3905
23331
22106
25745
9482
8753
12085
31279
1250
7378
31765
15238
11829
10517
19933
13505
15
24354
31776
16112
4052
23841
20863
19208
22577
2647
21042
24107
21586
5522
20708
9002
23382
13000
17860
13641
20480
23547
7129
2114
30895
6495
26773
4492
5008
5311
16814
5852
31506
31773
9513
17901
28314
30617
10168
31101
21369
13972
23877
20376
539
22548
12239
29976
29568
12906
6261
19053
25328
15891
28368
17818
14315
10205
17030
13696
19552
20042
29468
19039
25375
11833
31244
1946
25231
707
6936
698
10148
7268
28381
5046
1292
13147
31659
23154
17065
14675
20628
15749
12612
28226
22211
17983
9856
15506
19728
32235
29964
8319
8657
12369
13597
7872
7922
14207
28956
3689
7240
13513
2715
14864
11298
23311
27534
7214
30241
11838
22456
15049
13386
23577
29283
26192
1626
4666
19540
24519
3929
30035
3582
10787
4466
7610
4598
2808
31746
15653
935
32337
8175
20914
22087
8671
32315
2602
10250
23383
25817
16262
26005
15893
19903
10162
16821
29701
13372
9618
21841
11715
21644
23107
31645
24065
2474
23459
16017
17450
15717
13331
26522
2628
7862
3963
2191
31259
4689
14735
4326
3484
4474
20817
17192
24191
27418
21975
7842
14633
6930
28751
4446
22224
11215
8000
1617
736
22046
10003
9174
12189
21314
27601
20059
15882
5445
6190
17242
32010
22923
13767
24716
9158
18861
6824
27481
19278
7812
20497
27794
11139
31107
22138
29794
7988
26698
27348
23170
13191
18041
12562
20141
18075
29122
26600
19796
31083
1091
2514
19602
30966
2322
32601
13666
25245
24345
18066
32016
18380
15908
13287
29421
5340
4664
12313
5703
24376
8487
6022
2200
24255
11873
7848
28670
5738
4365
24543
24043
28719
28760
30320
3614
20517
6669
19149
4562
25320
10087
29719
15157
11071
25635
21217
23835
4860
11224
18743
13044
804
12683
13278
1275
18256
25982
2270
23729
16467
27978
16190
23946
10781
25133
25615
5606
30944
18853
172
23618
4465
31806
13887
3248
24816
28328
12935
14980
6059
4364
25049
10833
2880
14496
613
10260
1026
18298
31931
3502
31134
1698
9614
3480
767
26218
19639
5586
32110
6402
15740
24348
12030
15175
5139
31849
26663
32732
3170
32401
26801
4220
11785
70
3027
6542
31138
11849
32669
13306
31559
8157
2963
8508
26197
4989
10907
3511
7792
25546
31769
19787
20936
18631
20568
17961
2202
14664
21548
32230
19961
168
8149
31951
21966
23739
11559
31613
17438
14339
30952
3753
31115
21543
21370
17729
2334
30880
9401
27834
15171
31158
10023
28585
16917
11179
24135
653
732
5686
19526
4847
6356
31795
10976
11438
30001
2968
11138
18836
16479
18859
684
16172
24718
3954
17050
16088
18798
10859
18723
7198
31031
30078
17633
19779
18157
32304
5522
23067
26082
2585
3006
11551
17020
4248
19355
31424
7224
31941
22317
13051
239
19367
945
12590
3417
23208
24124
7722
5839
31301
17312
14473
8789
6410
12175
30530
19671
6846
1795
14970
2227
12251
25052
32413
21624
16705
6091
17838
20205
17450
5232
10971
19542
2657
14015
21589
20722
25263
16296
14174
5320
7574
5111
25252
29860
19010
21881
17101
29788
16317
5984
5459
13911
18018
12776
32146
3152
30100
31035
28703
1368
6576
23442
26716
7450
13887
10910
7241
28771
30833
5158
8861
6882
11719
3569
16150
8748
4879
14566
18701
4610
3989
32626
24653
11735
12440
29482
25637
23437
30971
11698
24764
11136
22845
14557
26277
8645
25515
16917
179
9396
4308
7422
15375
13475
10302
22870
30343
20725
8535
28704
26409
11860
4270
19457
5393
8762
30051
12522
12415
26550
31453
18167
557
8557
698
19607
25823
15583
2828
13294
32059
6891
17602
12151
9179
8597
28260
29166
13729
6920
18180
9581
15946
1495
11633
24021
12614
14984
16301
2671
9415
2643
3745
10963
17177
15143
14864
19209
26161
1262
2250
2799
4488
29714
20770
13530
15914
21824
17825
10112
11529
3692
31228
5910
13208
2325
13380
27061
13973
4554
24157
13058
18214
20717
11185
4878
5672
16567
18213
31867
12740
17532
7501
9697
16707
17712
5851
10863
13091
30507
22366
7638
4458
11561
21545
5986
28730
23701
22416
30826
10918
14087
17499
29163
25028
32011
11636
3440
29187
28196
5603
15669
21183
31248
27900
14219
5139
5966
6871
8574
28399
25310
12545
19638
7018
27976
4977
3227
24921
22751
11710
26301
5920
11591
2191
8818
712
1077
21330
31681
20818
29558
13873
32126
6219
22579
65
18103
5537
26483
1533
16207
8629
10209
17396
32745
1969
14544
6590
28935
14364
2684
12596
25971
2476
27538
26081
13279
31835
4083
16563
5064
12988
29877
23542
16800
5520
17771
17283
11819
21909
9895
9525
15658
16286
2493
26013
22327
5864
28105
27895
21232
27052
12787
16476
31063
5105
23793
15161
10617
25764
32206
31999
24398
6378
2538
24348
8673
8629
23619
1835
7344
26518
14834
26983
26710
210
32761
20326
18023
3511
24123
14084
21660
12080
17356
7581
31536
19352
24683
2943
6793
5580
24397
29598
15387
2692
16157
15242
19082
22499
27456
32671
5390
25420
31325
26491
8732
24952
13853
7862
5443
13509
20527
17869
11348
1489
26768
28510
6085
19016
18697
32155
12887
11770
31225
29689
23543
4657
5204
4392
31714
5953
29932
17736
28173
25696
13551
22618
24516
8632
2993
21748
24465
22715
32172
2873
9311
11959
31942
16393
20447
11690
24018
23669
12331
3927
18264
12662
17578
16025
32153
9182
2611
760
12238
21646
21109
2682
10929
6378
10902
17851
5182
22410
5402
19008
5307
7474
6919
12041
4342
32261
30790
5989
22990
5877
26445
24587
29940
17278
20475
8805
25331
23444
24003
559
1646
3546
16653
31041
4265
10772
8153
5545
5964
28639
31142
24061
14179
13728
658
20464
27048
31674
14786
11554
27653
16388
16132
2621
25685
9594
11187
21565
8299
17458
29404
16399
5973
13714
3230
22622
4065
12481
28887
7594
4193
19291
9469
27802
31660
12905
24905
7827
32613
28560
4379
6281
14208
3720
12954
15381
11009
14032
22938
28360
1543
3488
22980
11200
13578
29728
23536
21368
17761
30167
25302
11748
12039
31590
742
21182
27550
5494
20852
27675
32436
29679
20248
1857
21318
23914
20821
26556
4738
15082
12152
4271
22481
3014
14019
30825
26133
21994
10699
6712
16943
26176
20255
23170
22213
30056
21290
28945
1346
1199
347
19887
18462
1855
6275
10995
19039
11155
15998
17242
6240
22830
22293
23705
19921
13965
16931
7474
25855
19290
17655
24646
2901
4834
8954
31658
7971
4809
10641
11325
15007
18940
13125
7288
28714
3048
26146
14662
7124
7146
12636
18710
28193
7430
20025
31023
5134
10715
18474
21828
8271
10454
20539
23881
6619
12455
24494
11653
21418
4337
28131
27879
29117
21318
15740
30109
16224
18514
1214
27619
15020
30038
30009
14105
31055
30169
26283
4377
19088
9626
10530
8135
14989
9928
16993
19690
23239
6261
6789
20538
29665
4425
23528
8121
1189
12915
2630
14919
12872
26341
5406
113
3567
8897
26971
3979
21361
14094
17972
21246
1375
3504
22865
16354
2626
24983
26159
28368
12067
18230
31941
2033
13137
6455
872
13659
16734
7533
6124
3998
31083
30218
3084
14489
28837
13074
267
6291
18960
6159
26268
29063
19588
27143
24832
15550
6645
22955
23150
1699
27639
24017
17335
15572
31104
4644
18474
8821
27120
28186
30901
24265
31056
26663
12878
23043
12759
22833
17297
23641
24243
13379
5547
9051
7174
26245
23670
24963
10286
29548
4581
23565
23113
8494
16547
6920
25080
18809
25079
24494
13412
8804
21227
21745
19071
5030
9389
11862
5261
27653
19509
10502
18146
2834
29992
8995
25581
21268
31741
15704
10101
30530
21342
15028
14115
31285
22737
4792
15425
28828
23703
27054
19137
23602
24788
25405
14721
13037
21489
827
20429
26232
19007
4290
27686
32740
31453
12166
2113
9115
987
9061
15955
4501
14751
29248
13196
30158
1416
22538
3041
7415
6098
16670
19215
24939
28858
16086
18141
25702
1250
10841
3745
26481
246
27060
27653
23073
28816
2861
24843
28673
19545
10963
18255
21197
13170
22106
29837
17633
21522
25382
2146
18416
18288
27302
18263
7161
25827
24803
10011
10871
20551
31065
28688
12761
18340
19973
6153
17713
29706
31935
14931
29744
16831
11978
20722
12114
925
16042
4908
15446
26037
28725
7500
20209
29496
28397
17824
6595
13208
1677
17092
27530
8938
18914
1826
11414
2447
7132
30138
20605
30483
20197
21535
4111
25685
20081
7618
32652
16616
1751
7283
21781
28602
32607
27173
29537
30451
23196
16370
3249
26400
12540
13919
29190
15761
31133
23264
25233
17919
30050
16031
28523
16243
20551
25209
18310
18530
27889
9289
32740
22045
3722
4458
11270
15209
21707
17015
23208
617
15962
9301
19115
7621
9559
21108
27731
13573
27185
26193
690
4158
16575
24640
31076
26353
21388
3432
17021
5680
12658
3855
20672
514
14698
26392
530
9737
30882
11721
3630
6498
11984
21714
19865
2509
27847
7051
27865
29198
327
6270
24546
3987
10266
31781
10705
23382
12124
28917
19676
2565
1819
15515
30345
22369
28448
1669
15391
8420
14091
26532
31578
5030
17574
10096
13155
29057
21619
18989
27135
12659
10375
21613
28935
32581
6555
26583
8216
24170
15969
7462
22155
29738
7444
16245
22952
15616
6995
19641
25366
12608
8239
24463
29590
7420
7299
26168
15858
12073
28036
19169
15919
1022
19864
28968
20746
11933
18284
11485
24483
1525
24384
5637
29555
14567
26246
24101
18051
28071
11692
2749
9184
28774
2102
14610
11338
13614
22287
20272
21292
12557
3361
15920
10193
20085
25123
14775
16084
227
10162
2239
20440
15295
29860
21402
23418
20611
6809
4915
28036
30752
6610
1432
20323
2974
1863
19381
16092
12290
6387
5218
31994
31092
19571
30881
18763
18849
23503
27936
7500
27999
29848
27910
15393
15759
25907
16876
27273
18248
13428
3368
25362
16178
22383
30290
23177
17455
31114
8961
10421
13633
2775
23510
26949
7848
2209
700
10502
586
13381
15981
29529
32600
11331
32569
21477
7471
7061
16643
8329
15740
29504
11916
8084
31140
25128
2548
24121
28515
32552
32381
19261
16563
22882
16275
27123
19183
25300
6409
12650
22840
26925
21670
27621
22040
4318
6368
10891
16485
1651
9447
8544
26472
23076
3557
32628
12863
14759
24964
5979
30336
31817
20914
27612
8735
13629
19873
29933
15506
16436
11281
12512
818
31790
19153
21975
9445
10383
18307
14205
24826
6261
13729
13560
3412
12361
30141
17177
18379
24980
4621
26326
22223
6420
17446
13307
32078
21264
2056
9244
17880
18920
24667
22990
2306
29424
12280
9239
13064
15742
19627
22050
3254
18498
12087
18231
2952
214
25755
3819
27920
24982
9364
20884
8600
16818
12643
12544
18953
27522
25808
13671
19723
27929
3695
17053
18286
22300
1826
28044
23497
24021
7647
17890
9568
4227
16820
26631
21067
6900
3336
27474
10453
17750
5667
124
31779
9803
10481
21589
21526
15163
19970
2741
19569
23278
17110
26038
28479
13914
18264
27936
3695
23481
25768
10789
24770
28639
4381
19279
26087
4555
21899
17590
21988
7292
22465
16502
8119
15110
28246
29536
15165
740
8614
10736
21076
2192
15895
8575
1340
8785
23457
442
20036
19796
32397
2643
18594
26879
13692
18679
24226
15490
22700
27519
8963
31407
20087
618
22941
14347
31004
18315
29512
1829
12738
15615
250
12070
29882
14434
25135
12458
8965
11842
12942
3278
32022
20948
15049
650
15064
23782
26821
13890
25843
5141
4859
30615
21324
23360
2846
6531
29898
28221
17405
4261
17504
4554
3756
19417
3912
20678
13022
31500
28812
6561
26262
14415
9675
20497
26879
18217
8506
9990
17559
24114
31977
22241
31891
11997
13128
992
10624
8086
16617
26845
18726
27661
4999
6713
17841
8145
27208
29971
30739
7968
2879
3773
10660
12798
29237
14448
22795
17796
23721
27454
18018
22395
22293
12361
2709
16425
12147
22835
15883
20075
28928
7381
29321
27140
19776
27700
1107
12341
5698
5040
1684
16014
11813
31871
20223
8195
4059
8794
25783
4162
21805
4470
22124
2372
24063
182
15303
20258
31958
23583
26121
28203
19607
21388
1007
24371
5010
16803
15576
17965
22462
32519
1833
32509
2118
30159
15857
27783
24645
2360
14793
15884
26318
9622
28927
7862
12336
3217
25331
881
17528
12685
21184
2813
20279
14954
5407
9281
31877
30830
30089
28387
10053
28031
30364
2581
15531
12694
29120
17842
30972
19568
23050
27017
24981
22407
9825
1785
8239
31808
9951
2238
9057
8806
18809
29962
10342
25303
4579
5591
4641
4733
18606
31612
12638
31104
9652
3455
25179
2746
31157
7595
9095
12140
6978
12642
2441
31535
6874
30004
13444
23597
596
3760
10906
7056
9084
16505
15279
16955
14849
5277
21103
13752
25743
291
22162
8562
14648
15075
1118
37
31000
10907
23918
22930
10041
14398
5811
2167
1716
24719
10168
7358
17433
18671
24362
11765
19985
17779
8343
12798
8514
1338
12150
11272
2931
22782
11112
18366
10737
18408
8637
13501
10033
26281
22586
22092
31670
9414
13593
6983
13877
1075
26706
4701
3832
28452
14873
3708
19072
8224
8872
28552
12142
20567
3902
25427
5028
8245
30824
13002
17575
28215
11647
28524
20295
4094
31090
5377
27267
8610
1221
29576
2471
24392
6362
30065
22967
15607
10352
5644
11792
12455
16745
7234
8269
25243
19408
28035
26472
14321
14874
3327
10785
27512
3756
6937
20644
10433
23198
26904
6502
23929
6591
29984
30032
13557
4057
25186
28447
29199
2870
16783
8715
6961
12386
15762
934
11439
13107
126
1288
17754
8455
25797
20265
338
8269
18092
7822
30491
18759
2555
552
2803
31757
10233
377
3171
22486
22935
28152
21013
14195
12780
25527
18405
22300
15585
15683
9018
1903
30254
32459
12695
4534
11397
31877
30061
12649
9484
16462
1332
18164
4881
29329
24761
10169
14330
19049
12474
12121
16250
18698
9392
30255
11275
17501
25324
20766
26520
1258
16101
32397
19577
31483
10705
9391
15013
20222
4466
1288
3363
20780
8499
2349
962
3176
6515
3275
29962
106
12577
2282
23666
18204
13705
1139
6356
10564
23661
28144
28445
26212
31832
17044
9545
13278
7983
9851
18831
14172
8969
21042
31192
111
23872
31098
16246
17783
29641
3913
21267
26562
24768
2834
23783
760
21575
4934
1327
2998
26769
12571
26842
16761
23610
29068
18053
30654
18138
6049
30633
31335
31705
17392
2579
4449
3973
13668
3477
26500
12897
1853
27132
22714
22208
4184
20801
27492
21651
18353
8708
30969
32640
21030
20021
18928
25396
7550
6677
10465
6649
11433
18269
12519
29067
31049
188
23368
21031
3698
6535
4184
7142
16558
30125
16282
28233
10053
11753
17193
3605
15035
17467
4694
23905
15513
31896
1939
6637
19569
11745
15760
21941
19996
7954
18339
24006
1350
17596
18797
849
2605
29365
12731
31486
31653
22029
7338
18050
4704
19269
8463
23668
31084
25788
3349
604
4093
13674
22056
3342
30829
13264
16402
31542
6273
18735
32612
7731
28398
24825
23320
17705
25115
3205
4468
7761
27689
3846
1074
17044
18481
26046
28637
8025
1228
8303
12926
12955
8153
7699
25976
19774
3962
460
20145
20387
23648
29726
27890
5242
12617
1116
9105
32215
966
15968
18765
22664
14914
18559
7801
2471
29504
7613
28253
14955
20964
14396
24537
30275
29621
16379
14667
28454
29601
4541
7091
23588
7746
12870
30997
9794
15199
461
18975
22404
4278
17327
18188
75
504
20065
10184
1761
29206
30632
12117
5459
18875
4364
1645
6527
18201
2186
10601
2925
31465
393
28001
28131
5805
31247
24725
15667
28729
20533
2571
16472
24177
15320
19578
28737
21332
4242
28775
26989
22330
23528
6542
7096
18777
13253
11139
11381
2446
18728
24985
16060
28507
4889
7683
5637
12844
9697
13369
18166
9950
2682
12958
27258
30337
10821
28511
1811
12893
8955
23710
9329
26932
5862
26576
15683
8647
19793
26723
845
24219
14141
24996
10683
3837
11349
7137
10677
4420
29732
22730
13619
10838
28550
10013
19475
5742
30300
6531
10089
5916
15748
25781
28438
8845
22793
10466
28060
6156
11926
27221
13872
7625
27697
32083
28945
3033
22309
26946
16921
2175
1856
1809
32145
14762
25151
24275
8010
12222
27527
2221
14313
28055
15382
5363
17539
12748
14008
16270
9322
25904
19582
29345
8518
21151
25964
23660
15719
3063
16754
7280
15449
8292
26014
19411
6585
2017
27023
25863
25160
26619
14637
20135
9022
5592
7831
3489
25569
31097
10333
25242
23893
13884
16368
22158
25782
15525
1110
31415
15204
10589
15650
24497
14750
5499
31140
2011
1875
15363
12381
22784
22324
6316
29365
20791
22542
25575
2289
775
20567
4124
2655
7375
6151
11319
17875
32613
25769
20323
3671
10238
7089
29205
16415
29006
7952
22605
4539
28656
18438
28953
1424
28167
1079
20314
3977
18982
18690
8138
17162
15725
20750
16446
7462
19701
22565
23593
16145
27247
18758
12898
11480
2055
4853
26663
25679
9103
5590
3425
24651
3289
24954
13865
23570
27492
13177
19852
27408
18235
27841
1419
14540
6427
28973
2150
1306
9684
9562
20251
12433
10481
32438
16681
27967
4763
23001
409
26524
23739
2841
3391
31677
15199
23896
3646
19146
11359
29473
2250
17586
10816
15860
17714
31261
1624
32733
6941
19107
11827
2891
531
17211
24630
13600
2880
16630
4994
11525
10357
11245
5916
12288
25712
24183
11338
18760
28765
3232
8256
5464
10909
16343
10491
15170
709
15079
2414
4166
24298
23081
16604
6563
26140
17399
18821
24749
21552
32099
10884
19744
15043
14121
24824
31156
21371
26339
25698
14065
18320
124
19022
12357
4235
25575
19766
26452
22094
21265
15011
31119
28245
1044
3221
25608
24635
9133
12837
14724
4992
23536
19305
32466
2697
13114
23704
8540
20200
22376
15470
15356
29406
10566
16850
7697
19486
7242
29879
18641
19412
16003
17984
22241
6118
31948
5159
547
18810
30533
31583
15311
29880
31236
15864
2757
24017
28167
16452
9249
32576
22125
24888
29200
17744
11750
12820
31971
8926
14441
20807
27234
25440
7461
27788
1891
24102
23737
11866
3995
28384
30631
6779
10163
22369
22790
7674
15774
28322
22904
22083
17195
16650
28252
21382
30422
1516
22853
23132
12004
3666
27562
26797
23215
4345
13023
465
11838
30620
8259
1525
11288
4469
444
6337
346
20226
24160
23352
26632
27397
2933
31967
929
9422
3484
26657
27638
28604
6729
3570
23099
15362
19830
5299
11359
15527
26521
28245
12953
20177
10195
6594
31556
26178
5738
4984
4332
8995
21369
14711
24233
29952
15846
9822
11947
28437
1685
18385
30487
12744
987
13341
26898
3446
22838
799
30234
17010
18235
11874
16285
587
14287
15495
9412
5710
23194
15338
25232
20300
26041
20610
31273
8862
20147
22793
20851
6245
4015
28509
16865
28438
19684
18471
2446
6199
28240
13754
21130
29283
429
21054
17521
25748
30881
5389
21571
16034
5941
22365
18031
774
9864
3104
5937
32228
16325
12072
15646
19785
17234
12175
31230
16049
20554
22870
11737
9676
20526
588
24661
4225
27351
32305
29759
31796
30383
7708
14695
28740
14625
16154
20657
8664
2894
11288
5737
1244
14082
22275
1751
28230
8166
11565
20755
11166
3319
2803
3099
13245
9782
4765
16931
21717
31393
27269
17964
945
8803
9852
2008
12350
20808
24681
22909
17227
28019
17459
23672
10637
32339
4833
1988
4070
2003
24832
31947
13542
9681
5189
7803
29587
31698
25716
7837
27493
19700
25472
30050
27029
20516
20724
30527
30616
5264
15505
31995
13030
2655
15417
20999
20991
928
14604
23821
31408
16769
6096
14027
19858
25026
16534
8994
19157
16489
18842
8298
29755
8630
18796
265
20583
14425
5197
17220
13144
23523
26844
6997
28721
891
20466
25533
22587
22738
13258
26587
11052
30553
29285
15550
23722
11185
28460
7224
21259
18274
26584
30259
863
23761
4239
11336
3760
30572
15183
11150
17544
9256
3728
22704
11956
24109
3877
579
2632
13263
356
19798
20963
14273
25990
20554
15668
4741
4945
20452
22973
18471
14580
21152
8407
1579
16690
32328
12023
3524
25794
29638
47
3655
27382
7479
22008
990
23964
8768
10798
28289
13346
30373
21340
29986
14845
14103
15930
18728
13386
18510
24692
24095
2742
27736
18605
18862
30620
16945
28612
24521
878
25491
12118
24359
20310
5391
388
16887
29469
15453
28150
1743
29259
4337
18463
1509
3216
15054
8899
9857
28002
21407
7351
2226
32488
32260
27369
30529
25623
1834
17312
13795
24091
18078
3844
32690
8440
12387
224
18910
23409
19778
32679
7840
30249
3425
31925
9328
19976
10519
8664
9592
28128
1023
30735
11080
2896
17995
27537
715
19177
8283
20753
15482
3984
27791
20545
31951
22819
9049
22421
12541
30304
21910
32073
31710
3586
8478
29093
28461
17196
21401
26240
25845
30987
12181
4099
3401
31160
2006
8879
1078
1115
9453
29345
1014
1686
10509
6165
1894
1313
26137
15658
28859
30641
23041
30949
2160
7199
17743
23415
26754
1222
4093
4035
10208
26157
28810
13851
23069
26598
2381
23626
14185
31925
28680
14040
191
1525
21440
32649
29792
17976
13516
7463
26239
26414
25389
30849
21054
5832
14109
8884
30425
32668
14314
12457
21793
8332
9477
28639
8493
18338
5462
22635
31820
13375
8403
24637
2877
9333
18513
5028
15523
20913
3994
5909
21427
8349
32191
30248
2864
2116
30640
25571
25753
29816
10505
20539
30625
10096
28463
30424
21983
24246
31388
19225
22215
16193
6775
25944
24537
19677
26216
21871
32024
28884
15018
32378
23998
21447
14946
24543
2350
3805
19503
28556
24618
30752
17666
27008
15942
3619
13616
14477
20380
18152
3013
23644
28354
17922
1052
28849
7929
15863
4524
14832
30375
232
15909
23265
3592
1140
11708
6064
17952
23769
15810
19000
31732
29532
29052
27520
31737
31724
8495
22150
18893
28162
8058
10300
4133
1227
18664
24785
19719
2697
12742
10801
3641
29495
26162
26575
20985
2667
28789
29602
24558
14465
6547
11373
11871
8950
6176
14660
10147
11282
8532
9804
25560
5578
4194
16066
10968
19428
6150
18495
21097
6492
12893
826
19636
19719
17146
5326
31481
4470
7990
15805
6272
31773
28871
694
20947
6068
9877
10707
23594
28126
26569
12646
8487
21513
15654
9205
21187
32661
25756
28035
31625
9528
794
5649
24322
10145
10405
1381
15984
6491
23207
13322
21950
5621
6281
28056
9400
13920
3715
2102
22648
9368
27315
13660
26912
4742
2157
20446
16335
6182
26067
19238
30925
15589
6053
10176
5641
12365
12122
4381
13766
30179
18287
2192
8593
2128
10751
16797
18806
14272
17812
4979
32627
18312
25661
9143
1837
3851
22752
11907
19938
8670
5842
4015
24223
17194
26533
29007
26291
10322
13121
17276
24163
20182
3638
24920
10719
27000
593
1868
18037
10397
17774
32404
22533
25077
21132
8702
10933
23390
6439
8174
31973
15622
14018
7590
9574
28368
28355
8132
27110
25850
21635
23564
6575
8188
23462
22632
16530
25523
17064
31533
1565
27070
3001
28832
3349
4905
30667
2489
26400
23880
14313
30759
28865
7654
18634
2963
10633
19104
11430
21545
23692
20363
30536
20053
11539
14621
24677
31690
23440
13642
20524
3529
22231
12269
6686
1184
28042
3690
23072
26737
13269
20113
10190
32564
29020
3270
5139
9215
11122
13663
9462
9093
8076
25934
17335
16862
16885
15872
20763
19846
5315
12421
21508
25511
27401
1008
30276
18843
27726
6913
17331
32684
27710
15617
24448
28959
27296
26094
9156
25970
20360
25048
24413
5857
14286
14219
9721
4655
26046
9838
26225
17314
10769
15275
15193
21840
22813
17040
10709
17049
8264
5174
17069
17653
20418
2656
22948
32240
27764
6565
18182
626
7731
22226
26497
11076
20026
27530
20021
20176
2519
15919
23822
18472
32100
20742
14162
28490
7033
7317
17014
26275
17504
26960
10550
25041
457
27765
5349
18861
10943
11317
4353
24969
987
28436
19722
20918
12216
14994
12436
15178
934
9483
30108
14623
5283
32476
15640
29215
4231
5831
20945
8383
14206
7577
3445
13258
2491
27913
5096
27744
32107
13796
22748
7486
20712
22887
9121
28480
19760
29164
1342
20259
3221
20170
29888
26768
6582
26486
1490
21078
31405
2542
28046
20472
31882
18519
18835
19559
21249
27108
23896
29200
24671
25339
14784
1049
14786
6291
750
23784
15242
29409
18522
13798
16907
819
8996
7298
23172
16668
3753
14456
85
8913
12117
18259
14956
5331
31672
28976
11521
5326
31707
23238
29571
29633
4820
6307
22226
864
1688
26552
13230
12983
14865
20248
9584
24079
19824
3837
18679
22037
6341
268
11238
25145
13516
19930
15373
16981
1546
7086
19236
29583
32281
6793
31423
15488
1857
4451
9342
17558
20040
20664
4740
15030
24202
11843
7211
20262
17484
28170
31478
1195
10573
15514
27592
7406
8094
7828
28755
9252
3764
31080
17618
24558
30396
6497
24059
9598
32302
22754
815
23292
32165
19695
22773
10280
32238
6894
28582
6720
23646
23471
10858
16164
2409
12203
4706
31672
5489
26761
27175
8586
32732
27623
5492
1973
31849
13142
10527
11013
8900
3494
14158
6491
15448
1381
11239
11347
9316
4258
19784
22309
28241
28150
13625
3017
17987
21190
22046
31583
16366
20162
24690
13773
1963
2225
7280
27818
10698
14449
3091
23899
25642
569
26945
9851
13832
5922
21571
3201
8725
16102
18041
29084
22219
12007
7500
1250
12544
21107
20835
27818
19644
26694
11802
28726
6216
6480
7472
25750
7559
27833
23231
24776
30089
15651
9586
32036
6750
4911
16114
8696
2856
2370
20641
10607
30324
7305
2187
22711
24267
3898
666
29794
28035
16413
21001
29709
26587
6988
16154
6464
31304
2103
3340
28054
19977
30954
23623
27678
7425
32403
31963
23040
14278
1854
17704
4708
12790
10468
16606
18831
10442
7588
19497
2895
22509
21840
28453
30874
28814
16427
3480
2162
26292
14065
16096
20491
10449
9240
25130
5680
30107
21078
17125
13795
17431
1123
24951
5188
29174
14848
13358
11700
11301
17976
29817
32313
17824
6886
19544
18724
28807
28023
30737
1010
3443
6385
12325
26737
1290
24884
28546
29220
24529
31617
27130
19175
4162
56
18164
27350
8991
10726
29793
28524
18949
1406
9714
28136
29764
30695
21640
17653
27118
15543
20973
12681
7470
16959
17601
11022
9691
1735
8375
19136
6989
23322
28417
16982
16496
11846
31496
9700
13846
18077
14177
3328
10130
3071
28412
20260
9602
18268
5791
24403
8940
31604
21139
2815
18573
15073
1182
8235
4717
8024
30257
16077
27575
17964
29409
22902
15560
30227
26395
10548
8070
21037
22292
6328
11763
15938
16896
27316
7938
22604
17796
8071
9641
11061
5485
24092
17975
32481
7074
25615
5608
26991
21591
16658
6326
1468
14980
24976
12659
29481
22678
11408
22549
671
20836
14555
2641
13520
30052
23905
10859
28095
14367
8409
16460
386
6626
19624
20693
32326
22967
9988
16243
22421
915
6233
28147
22228
11985
16363
3736
29968
223
15294
23659
506
18488
10163
11731
15407
17298
6131
5477
16061
26968
4752
1277
26595
17242
19562
9998
7449
12996
11600
25142
4176
12364
24424
15126
27259
23728
28113
2144
32590
30048
13958
11569
28230
375
13190
19874
21737
19184
24370
12698
30287
30743
14326
18918
31713
22845
10027
2955
13153
16048
20284
5466
28203
27371
1288
21446
26042
29961
30856
5875
18797
12160
20658
20239
22923
26379
16029
25317
13190
3560
19429
21679
13180
10052
26705
10540
3843
1780
31411
17651
3366
14693
30992
13319
32683
10198
19457
4011
24984
19652
345
30328
16117
3238
4616
19116
18898
1755
16192
10949
16524
29409
19158
22607
2381
24007
3818
250
9938
23525
14538
7663
27249
714
11028
23908
1882
16246
19227
19054
27421
23754
15756
10007
32620
20028
22098
11441
14626
4815
16310
9834
6277
17475
7371
6688
32456
9864
11017
29558
31957
19321
10040
25895
32585
7879
31120
29850
31679
28211
27934
25527
849
16897
30313
27898
24156
6569
19798
1477
5508
24783
24137
6907
3064
12405
22157
31690
3831
12400
20470
26312
32404
11544
24516
27970
29622
13636
3275
8400
1890
21622
28881
16173
7997
15698
2360
20550
25420
30805
31453
27281
16639
27331
19775
4512
8046
18913
24804
25334
10466
20069
9464
1305
19863
15403
20536
3305
25536
4649
8462
19759
2252
30373
26877
17529
10216
13221
26432
7462
18885
22440
13998
29629
4507
20115
21217
22403
2926
1774
30871
14668
12176
30544
25944
15505
16231
6168
14938
7875
24432
9566
1697
10463
4740
15658
15466
24387
31322
11747
5578
25536
334
2314
11411
15856
20832
20008
18807
32201
15488
16900
11888
27763
31241
17946
24671
16215
23947
17481
13299
377
27341
716
8652
9991
27410
29803
9696
32562
26524
22770
11806
30780
11631
16867
23634
27090
15959
20328
8009
22941
21292
14731
26421
28180
21333
31145
31058
916
25995
10276
9930
6066
32223
25177
27351
32464
3327
19666
13351
6126
13493
1468
23940
29379
9648
7067
6580
7180
2695
23612
22174
1061
9211
4075
23471
13270
31357
29927
10108
17263
18672
3859
20649
18455
1199
8174
28169
11105
9938
23237
18950
8480
6829
10536
25924
12157
30106
5018
3201
32070
23545
8844
1472
23177
14196
19341
6310
14178
8840
16059
30244
32017
11584
10365
17238
32079
24388
15220
19371
27619
6931
5806
7751
5744
18061
23581
6821
20113
23732
2888
12417
14887
19635
29761
22261
32242
18976
22231
32482
30303
29310
524
1169
29345
27654
1994
25754
9731
24999
22737
14341
17277
75
23796
15280
30597
22876
23429
26352
13351
20102
18446
21883
856
27327
18241
2182
21384
19589
50
17194
29302
1383
3524
1548
10824
4807
9313
28221
13531
21470
16367
31583
31064
8449
28159
266
18440
26658
2119
18286
2153
29337
29522
7993
3457
14373
13686
27835
1138
25389
31239
28231
12623
27212
21706
16861
28206
25357
22956
28167
8318
29171
23732
29185
6299
31677
28215
8476
4000
31719
26443
19812
14205
9332
6781
1409
4425
10987
31943
27099
32217
26272
23228
23810
15505
9268
28166
4940
19578
21087
26386
17856
25493
27629
16138
3122
28783
17159
26116
8880
23030
4532
8569
7709
29067
29600
12024
21532
19288
11547
32539
31280
28900
25444
7355
16417
8676
10792
5216
27041
5973
2630
28667
11055
31943
26069
6872
20028
5116
23912
16846
24716
14001
6800
953
29408
10940
9123
1578
10962
31831
7356
16988
11264
21180
6659
7786
7276
29426
26415
9920
18467
25830
26697
31695
10269
28349
30642
18438
20581
23145
25959
20989
2425
14714
31620
32499
6388
6967
11271
22906
32106
26862
19415
28785
8596
23688
32517
8755
19117
17760
14929
10254
17947
3926
32240
30199
6738
16415
11660
17019
16118
24287
10637
19193
8255
31225
3479
10255
29090
16165
14419
18002
5038
22980
115
22338
4404
2929
15088
20093
30634
13017
30358
16178
3793
13516
4291
11737
13206
31636
1900
10785
23094
133
11360
17706
31654
5077
7633
14325
29234
22190
10256
19993
2404
7042
29848
26807
17703
8351
10830
11695
9260
22787
25351
14100
24973
14193
6731
22238
31153
12228
31065
17119
30319
25220
9322
15609
18038
9911
27962
2957
9196
26105
3781
22070
20053
32463
22094
15032
7095
8505
23974
11827
9467
22918
15019
32413
4503
15724
18447
2158
18026
28504
27483
29853
31719
27651
31795
4812
32630
22086
12507
9152
9239
13615
13306
10259
9801
22612
18334
1837
1834
22119
6529
8816
8927
23051
11403
10419
1590
12518
31639
15858
18314
20728
14714
19267
26344
18475
21057
2828
31087
18987
4539
9588
9213
20599
4920
28951
10504
185
24207
11262
3529
19795
22118
16590
6816
1082
23469
27711
15028
16391
19052
22224
32474
28491
13247
30394
18360
26147
31006
20002
23338
11789
11490
22930
26852
2042
23557
17066
16985
21669
9514
11027
18908
22306
16605
9141
23813
1466
24347
9258
15959
23798
32277
5746
16927
26874
7729
19176
17055
30996
30546
26740
8044
12693
4953
11523
19477
28640
29164
4660
12805
13504
6518
10836
27051
2303
14702
18829
3800
4148
16861
20314
13416
15836
5146
9278
15140
24748
12504
16310
4071
30758
1891
19052
5376
2155
18983
12461
15064
24656
27762
14621
3029
1459
11643
29610
12157
15376
21666
5310
10463
22863
761
4281
21550
23776
15876
2974
26544
32010
6077
28940
31702
7808
6107
18545
24237
27190
19028
6522
13941
30066
5921
29902
14222
12326
18241
29947
29084
3453
23296
19376
30691
6836
5497
12078
26867
30763
24922
15353
6538
26812
29415
7891
26294
27467
19266
6890
29498
4766
233
16465
21555
3951
29056
26285
28923
8384
16593
16433
6734
24175
18705
6348
7339
4618
24676
5536
20989
4580
6052
2231
30331
21097
22110
11505
17613
8622
30750
24129
7536
16717
20205
8729
15707
21103
12055
5155
18403
18474
26674
2866
10204
21518
20315
2680
3073
250
16067
21241
662
28724
11883
10559
30795
27833
18987
9040
7780
18642
10489
4829
31767
14824
2408
24508
12085
9881
14191
26265
8205
6924
32620
12264
11406
22401
21096
4893
3755
11564
32669
6688
516
7491
10037
14587
27842
28246
19029
11734
4034
11231
7258
7462
503
17434
31075
15905
31497
14358
9743
11125
12610
4620
15496
11321
20139
5617
27328
2340
16754
24647
26106
16893
27535
26424
14221
14162
30119
4581
18148
7277
18737
23036
17610
17796
30167
11144
23524
9776
1567
30478
19071
5152
1866
10709
18829
8719
18557
133
25833
9971
5406
26612
10467
17784
28289
24636
18680
1964
2244
5649
9185
25340
3831
9809
18640
14431
29312
16349
25078
9425
18878
6056
10312
13827
493
25357
17539
22353
26698
19558
16749
2804
20087
5594
29534
17273
20000
24182
30976
29041
28639
15743
14675
6507
14685
10247
756
1567
26299
21695
12446
27372
21296
4620
30449
2693
21747
16989
16242
13799
4187
29371
13524
14222
1604
16290
25718
32488
25014
31759
6444
8202
18625
20186
21314
31650
13483
14918
446
9004
5454
16855
24806
19817
17339
8803
8706
28429
2083
20588
16483
19384
14072
12461
10148
4904
10575
16115
3888
24237
5257
5934
12036
8925
1330
5320
12727
27016
297
31797
1975
26607
5377
25292
32725
17712
20648
18645
18692
9477
30534
6627
16733
19118
26216
1892
13927
26668
30814
29046
31382
28080
26081
20988
29713
27987
27386
24049
2232
26375
13087
20733
2918
4302
20638
5958
3699
28458
17215
18825
16254
20948
21028
12137
12393
2224
15605
15367
12708
25857
2106
14546
8623
23258
26888
4769
21978
22229
5088
31999
80
7174
29396
24517
14163
15922
1771
17135
457
3133
30919
11432
3320
32482
7301
9639
28558
32679
27877
22462
7652
7183
16811
31408
29571
30993
17733
836
30184
6857
28077
18583
13444
21614
31889
5046
27143
29828
19122
19820
17118
338
25226
15961
27898
6551
11825
5444
21716
19833
15489
10163
13230
958
24953
8376
21275
16190
13791
4621
10689
22680
14889
7011
13662
37
8350
7160
13833
7210
697
8808
11963
22354
1486
3781
20237
29531
13039
6889
10819
13327
1553
15627
24458
30326
30827
6289
6014
18506
2591
28965
31471
5035
3868
21515
1765
13076
17219
27570
25057
398
27081
12681
5734
15139
31708
29203
22200
16790
10889
22334
11748
6481
14301
27889
16896
12959
27466
21476
2996
21275
9549
5812
9978
13161
22094
21815
8481
9507
23752
14861
26648
21782
3753
28279
16105
32175
29180
108
23428
7600
26821
28394
4542
1831
21548
20619
12185
23201
29406
18520
28358
17051
32433
15585
8040
825
19847
1422
28699
12859
31092
560
30517
11052
21539
20699
24908
5084
10613
5624
26872
1297
5484
2710
31705
11130
29000
17665
12508
29924
7151
28566
29627
7600
8594
25045
2499
12933
1678
20408
21466
23106
14736
835
29120
31799
28925
21597
10901
5780
30609
21214
16028
22817
11334
22249
1598
22576
14711
27516
594
27601
18245
18245
16795
3908
11578
18360
16274
21684
26412
8798
8294
16674
20836
16496
28226
9375
28672
30884
15310
17086
17814
6983
20472
24393
32026
1164
16116
819
27394
10532
5249
3534
10663
20750
29551
26174
21743
29873
20062
24878
10537
28712
7624
11969
2360
221
14146
25803
12276
16729
10750
31042
4301
5978
17557
16623
11186
18470
10243
18025
22577
10016
3059
3396
19423
4761
6206
5510
24570
13032
30638
13146
23117
12221
2055
3849
15700
20402
19272
24869
25505
13859
32302
16136
27262
13120
30714
2941
12244
23136
14196
24508
26443
21145
16688
156
2739
5517
13072
13316
10659
4230
12554
2722
23647
23494
3883
29152
24063
31768
23772
8724
4558
25259
13669
15607
30705
7968
31151
12377
21833
30690
22350
12563
4762
23734
16574
25148
5868
26515
15085
31904
8497
24499
9210
2669
25897
29418
22333
2864
28547
6455
21127
5120
5445
22169
16555
16377
29293
20259
3389
1261
15320
24915
26009
16469
26724
15008
19239
4238
30034
6738
6878
20034
18926
13974
11783
14884
32369
30674
30788
13024
2598
32310
18128
1873
7372
9620
1288
14581
10044
31601
10795
17055
22347
23388
13406
14188
2802
9598
21747
19960
32428
17267
12778
11218
15136
28504
24760
1325
1536
28965
32328
25816
23089
17981
2112
12400
11052
26436
23429
15572
30628
8241
31745
1753
28521
11940
2468
25663
12428
6777
1704
16612
24516
31901
21274
15416
8208
10272
406
15089
11678
27020
26962
16640
8172
20598
6493
10179
5933
14162
4393
1148
22766
32140
25160
21250
8185
10196
8051
14518
9081
23225
15568
29625
6496
25465
17781
19036
14342
17175
2600
3800
31506
28591
11624
2880
12190
16391
12466
27059
2966
13670
26365
27862
21601
6057
28807
3201
22724
6035
9171
19129
16899
27493
2034
21727
73
6574
17411
17702
22089
26213
10230
6219
18470
5685
12949
11136
29072
31768
14532
22185
1841
1319
4615
30410
1863
14001
28230
31936
23954
21130
14541
21552
32368
5541
11415
14014
15687
17637
32204
16255
25123
31793
15496
21168
17056
29639
21726
11688
25099
12242
20509
13067
23748
20030
15185
18241
8934
26315
22285
20774
17962
12640
29800
13059
24329
26275
9030
20414
19745
3782
5593
28749
22234
12963
23911
7536
27721
8972
25677
16800
4437
19036
18756
10050
13080
15442
32739
10017
27784
30752
23141
6939
32342
4286
24749
26907
32278
12164
6279
14919
161
9464
9009
12922
17335
31717
21530
15348
6889
17069
9449
15184
9142
32479
10945
16311
1269
32524
28867
852
15731
32471
23509
20487
17884
20812
31650
7262
2527
1395
27874
29889
31885
14628
12508
1260
19458
3612
7721
21923
30792
30033
20154
4768
20856
17539
12061
27857
8482
18964
4859
27840
751
21273
29414
18771
12421
22449
14161
5813
17579
16790
13536
24980
14766
241
15843
2701
9987
25459
27933
30180
557
24993
3529
25465
26338
22127
17631
759
10857
21777
24467
6223
15942
4366
27422
17509
9753
3222
31170
17928
1220
277
14600
18216
1228
13832
15693
2627
8194
14864
9852
3105
2658
12868
541
28097
17467
13260
3727
14995
6032
23468
17297
24296
1214
6365
17416
25254
25184
23714
7420
15424
13424
9497
30179
20453
32431
5648
5666
28408
5702
5147
25553
27585
13997
5603
16318
5474
24012
8129
25269
12300
13152
7564
8191
15730
32673
3759
12585
10622
29986
14462
28423
12099
20984
21194
7159
2612
7198
25266
9066
18323
32024
14269
29345
19500
215
16166
20149
25154
15325
8567
19418
25546
7329
24153
18916
21719
27701
23211
6667
598
16934
5329
12779
30971
28580
29519
4047
26747
9698
24982
13358
18172
23488
12061
21622
18633
13992
25780
11017
75
31413
1046
2181
14901
17947
26045
2633
27134
7107
10490
6709
14996
309
27204
7088
5967
13243
13265
27120
16675
14531
23651
2934
17435
19846
18533
16087
24834
31207
16694
17602
16227
19102
22213
2879
31669
30357
32606
7733
26063
29586
27075
303
930
15895
13695
22111
11302
22663
1399
30436
20117
17801
8386
24648
14808
433
5562
6989
30782
16478
4947
32745
4980
28638
27820
31375
21682
18649
31460
14000
21810
27884
20783
21122
29414
22676
30505
0
32106
11342
7530
14130
12088
4348
90
23982
18203
15243
27974
1887
21990
21459
7604
13445
5221
17086
23796
12541
21908
11181
11256
30915
26895
5399
22374
17845
458
1139
13290
10905
29954
4441
29905
24418
25971
13284
20692
8879
11980
21082
26929
21653
9568
21007
9985
11934
32286
12166
709
15633
29379
25050
27202
32116
30286
3420
14479
18000
3508
18814
29804
23604
8406
32240
18645
22524
22448
6920
27607
16979
22483
12647
26531
2167
30229
11482
31201
11837
12423
13950
32070
24916
1191
552
4457
20941
30167
2819
29906
29659
22542
891
17748
3800
13006
31834
6814
15753
20566
1841
12044
17315
19736
22522
2755
23694
15213
10747
25852
26472
12168
27630
12192
5197
18344
30558
278
30422
1170
22356
20568
8671
1599
25139
14157
12430
210
10977
12115
24721
32205
3367
31770
8614
15747
22875
14521
15969
19665
25404
15099
554
8969
30749
16634
133
23599
70
7408
24982
25448
20375
21321
22500
8623
26990
24317
9053
1226
15307
4124
17818
29308
5554
14507
19301
31741
23761
7086
20344
26023
18019
21126
6792
22258
5972
7293
1154
18082
12198
19616
31509
30527
25875
18893
20848
6086
28916
21772
15693
23710
30049
2594
9518
9421
23962
20068
9190
32620
7589
8650
25948
9560
5433
1604
16524
15147
6619
29009
13006
28523
27719
31693
8283
18689
7441
17418
32269
14828
9356
13859
18534
18998
12779
11917
27604
28455
30118
10991
563
25274
27424
32052
2452
3917
25990
13534
30781
25500
25594
12957
20977
8944
28913
6688
8817
1428
4313
5675
322
15753
1024
8938
689
13178
24497
21125
14869
4082
17056
16372
12628
25805
10375
9237
31144
2797
8466
16635
14755
2094
28153
6025
23665
4507
19563
6976
18014
32226
28083
22614
12951
15365
25366
16392
7733
8787
250
3889
25719
10647
32078
794
28751
26767
19749
20628
10017
25503
1444
4420
28871
1223
17439
6975
216
20435
24959
30423
17706
9937
29927
26292
7573
13000
27031
13862
16634
17575
11280
16825
29572
17020
12920
28170
29230
29926
25665
218
14214
18637
9478
4193
32176
22864
1717
31972
8621
22015
26355
10378
19422
6475
31676
24940
451
826
4938
12779
1289
27744
2873
2886
9156
17674
17128
32364
24057
13500
3362
30478
1119
19934
25854
11513
13414
10674
27139
16291
21881
137
26512
12291
31616
4663
27515
11430
21162
29380
12281
25600
30825
3940
23742
20736
26046
32681
25445
13799
20150
30456
31505
14681
6965
27194
32597
22964
23794
15827
13905
10914
26307
4056
16926
4330
26907
29308
16749
28812
14288
10956
25450
268
7458
18333
29415
15374
24058
9410
7350
6691
21359
11906
30038
4579
15758
31049
467
3388
13147
413
18407
18697
21523
10324
10597
21222
7604
16132
3799
6467
3263
14524
9574
16824
26941
21233
13307
14744
25856
19131
19364
13513
28459
29250
22329
3795
24821
14962
20031
16950
26537
1271
3852
27137
20465
21093
9260
416
5717
8374
30980
22262
24831
3578
16821
25260
18113
4938
6724
31432
1881
27646
8439
4993
6387
32032
4098
593
12015
20768
6754
30541
7653
31688
4106
8370
16614
31347
3389
11456
17413
25722
14651
7627
30742
32752
22559
9359
5046
3727
13320
29892
1420
26353
8567
18418
15310
11780
8952
647
1286
17592
28677
12071
28182
15866
25383
17475
16761
28902
4958
26605
3021
31544
7363
9706
18830
18436
23660
19465
8741
28328
9104
24756
21537
32254
9707
26565
14020
2006
10084
27035
29889
163
11502
28780
25668
18292
13484
28636
8243
27174
14680
19151
18099
31192
1253
27516
239
928
5731
8644
14357
380
7972
15297
7072
22412
23325
3233
23773
12670
18574
21941
17320
21577
742
17861
119
14366
17633
679
24475
32411
22003
28943
16834
6467
26345
11945
32191
13355
8654
29285
3982
14581
28939
18195
14482
32258
16851
21551
29986
30180
17854
10494
27460
29458
30644
15834
14008
21472
26637
8137
13881
10926
5110
31317
15871
13919
19479
29592
21384
16141
28275
3735
22168
11002
30607
2001
15231
24522
11990
24599
15002
17392
29244
2461
6428
29799
25890
27474
28430
674
1657
11885
3733
20165
29227
2632
28788
21013
20918
626
18897
28077
16410
19200
12092
4468
9462
18211
26861
20299
19182
22016
23629
11915
13647
25019
11961
21422
30966
25813
1410
20556
7278
22969
1848
12106
17240
18577
552
4430
10512
26462
23587
28021
11917
72
12161
19017
32649
4658
14694
749
4834
24466
32068
27803
2625
24448
16801
28753
13561
17677
18971
27846
14898
4309
29353
29859
11846
24792
4131
15600
5995
29317
14853
20428
9619
2840
24944
22370
8592
14886
22897
5400
22396
10870
13446
22793
88
29971
7006
3510
28403
10911
225
11256
1037
1770
22384
11066
11709
708
11118
16868
30224
14351
18175
2586
25843
19480
17167
24231
14675
21543
10647
1076
15746
26708
3355
29374
15069
22685
14712
21319
20652
14390
25052
1483
12873
13088
28694
17269
4229
25085
22800
12563
12871
4131
6809
30152
118
10223
18024
10752
2329
14683
15966
12969
15805
20179
1548
23713
28951
1093
19829
19562
22507
5240
6421
5669
4397
20638
11042
4542
31077
13868
4625
16228
19800
5865
92
20540
24548
1861
20867
10070
26412
1773
24657
26336
9461
6044
4704
23961
28240
13876
15583
26761
22138
27149
18067
7408
256
24205
11036
20092
24358
15097
17274
17854
23690
11402
30671
15071
16133
22212
15974
26767
15826
7683
3061
19263
5106
87
6431
24720
4558
28817
8509
31499
29215
26526
32350
32274
30219
8212
18060
5654
3216
12299
20050
16651
2342
29998
13435
15129
11680
1810
23323
9109
2900
9158
29140
28207
32635
19115
30034
29805
20187
31109
18456
15192
9379
16339
18559
16757
30870
7260
2043
26870
8299
22795
1953
21042
4212
22780
7654
14931
3967
3287
27050
12878
25082
349
30325
16921
12378
15424
30208
19480
11453
23352
13047
17624
15309
10579
8445
4863
9448
7821
11761
11139
3455
32160
14447
15899
17340
1053
20378
1523
7272
24764
8217
4772
26635
25584
12896
7523
17237
7871
24113
15992
18108
25553
5986
5875
22887
24263
30688
17050
11083
13774
10996
9765
6804
26995
7621
28078
2118
26297
6431
20323
24612
32616
10354
26238
22481
15529
29214
14967
10549
16336
25837
18039
19490
9593
24289
5393
29495
7894
12593
17453
20485
13639
9614
1348
25201
27691
26794
28115
22361
13559
32251
11273
14971
27013
8381
29635
32658
16558
13878
14267
9921
28954
13629
764
53
30295
9981
1690
21255
11305
9463
12191
27487
13345
30790
22856
21471
22897
15911
28530
15935
26367
13752
5455
24372
9144
6912
9309
16791
26919
13104
6041
21699
2118
28200
14064
14911
28820
16701
5878
5789
19815
7994
16602
27041
3460
12708
5786
12710
2285
14147
18291
24126
14586
11229
26780
22041
13995
7493
1587
5160
29501
20885
16504
8193
24315
8887
18745
25990
29271
13098
21901
12225
19769
24578
22469
19219
24727
5169
5536
4750
22086
24838
28350
27807
11024
32755
26455
31472
12038
8595
19245
396
24599
11755
31935
18757
21218
23025
17600
339
7625
13898
13767
25661
31303
7000
30792
9213
4227
5748
4803
24927
8485
15480
571
12970
360
1409
14058
32130
7536
5619
18739
10253
29919
6333
31448
25941
17827
3806
22637
8429
22801
14376
3853
19928
10040
31043
19019
7334
17519
25334
11883
23776
19761
16034
17107
3494
17451
17423
24764
24983
5778
23659
31277
14833
15034
5776
19754
23801
7397
12422
22313
27550
20057
23113
7365
23129
10933
5580
6582
29015
26500
22589
27905
6106
16915
20619
5484
28381
16256
30502
21045
32503
13076
19206
31747
32129
32466
24558
27165
27899
16976
8690
14298
7340
27590
29239
32345
19337
24421
250
22129
29272
10474
2259
14059
30997
27506
20283
751
23445
912
3661
23741
361
3997
11209
4254
19717
21071
24926
11289
9762
9101
14889
5481
864
25474
2425
14127
14128
9201
16085
5221
1009
31688
15168
22675
15193
14583
3003
14405
27927
25730
11532
13756
26806
19669
15550
7652
5829
2649
15209
20870
27957
12868
17459
11967
770
11189
23959
11953
1814
23296
18277
2936
7786
5958
27146
607
28014
7754
19218
1620
20651
31359
10987
30362
2214
3942
12268
11710
23816
16406
17045
31948
31485
25628
32537
26306
4826
32390
24601
12357
30978
27451
1715
6035
19978
30350
17339
18617
29211
4882
17992
25094
18328
8623
4979
7359
2305
32757
11099
28180
13848
20657
32621
13395
23618
12990
7650
17500
15919
23070
13960
27477
7869
16201
23750
14495
13082
22725
10970
9224
41
4855
10854
25666
10024
31289
9771
2452
25999
19245
18708
12495
19515
23888
11894
25220
29131
7122
18326
29300
9291
165
14956
29512
24080
17876
7590
4738
482
16662
13808
28852
8801
7587
6259
18927
22689
26694
22171
639
28184
8627
5918
27605
23994
19228
16442
21957
28770
8447
5950
16370
30836
30786
31051
16262
28864
29057
4444
27942
682
30375
12164
28453
14216
14011
9591
29687
22860
5117
19532
12521
18019
14386
6017
14608
15581
17212
22848
16511
24781
18413
7136
8125
499
2845
13487
11127
25752
14586
29679
13425
4538
1184
5662
17346
29289
26090
23163
26433
14961
27015
25285
8763
26169
18256
16454
22119
20459
13016
21008
14619
8149
6725
22663
10431
7184
18271
25119
30339
7007
5863
30055
30797
8025
14890
7239
30453
22987
14038
13445
19637
8536
6411
10638
18395
6498
2997
31604
9665
4398
19226
14131
14847
24130
9647
17464
5599
13842
32560
11044
17426
19164
2543
14797
27809
12241
10861
10373
29990
18549
14631
9376
28987
18248
5810
25648
30515
32678
17930
10003
11528
3820
296
18736
8597
8412
31698
18941
17925
21315
18615
27973
7052
31960
5307
22824
26965
23400
11408
21859
3771
27952
134
4049
17851
31115
6820
2610
27049
3277
15095
5420
5667
27502
3626
31887
12868
16491
12887
18653
15385
2793
32285
14858
26713
3867
15859
24448
27216
20071
23483
29030
30749
19140
9371
20258
24349
6503
8456
18204
15527
2206
13091
3013
12026
23804
28489
31193
4723
27062
25317
5089
7940
2125
15753
22267
31201
13165
4158
19677
3964
18710
5912
32536
18868
14329
16653
12186
30281
7205
27142
31351
29076
3810
31543
17641
26997
11741
26028
7573
19596
7558
11045
29199
14764
2743
26916
15777
908
28566
6724
5448
7360
8124
460
13568
32744
24471
30084
29249
26664
2828
31176
14282
28120
3937
25562
28317
23420
15451
30333
30795
20214
12451
11455
7793
31482
25966
10006
7043
7363
7517
28334
8392
31236
15010
770
32166
31522
16485
26026
19488
13728
870
6259
18077
31451
19939
16821
10987
16119
31420
27361
20099
27673
19413
3418
18447
30166
32700
24966
21033
16620
27276
9252
19302
13104
5649
17888
30611
32712
11564
14628
26174
922
13945
21042
8825
17924
25136
28016
4058
29134
28489
20482
6342
23133
27620
30366
4591
24873
21735
18076
30492
20337
22761
21837
25897
30765
16975
14734
30030
13892
19636
7069
23972
6911
27023
30507
31460
24765
14351
17330
10098
30185
13386
30472
923
13354
24983
5685
4891
6105
29752
18562
21475
3000
15933
8402
12825
7393
25508
4405
32095
11004
6597
15547
17240
26805
30190
7046
13160
16494
3914
9507
28604
28976
30727
29979
28555
30696
20919
7620
22171
6352
247
7517
26118
7467
17487
10586
27198
6453
12890
17405
19023
20058
25383
20518
7268
32166
18654
5996
25485
15997
31655
30316
23231
11660
31943
9057
28957
2047
13580
17142
23413
1780
12908
16216
24334
3888
26857
5518
14753
2321
31416
3341
19109
29892
19361
3463
25039
3768
25513
1797
22234
6227
25839
8245
20100
6371
6356
7941
20697
10967
22622
16240
5299
10543
21471
27800
9346
20785
32209
4118
16457
11358
7429
27534
8425
22180
18941
12422
162
29909
23446
19064
3287
28504
1769
3877
9489
17695
13940
18733
2887
2776
23669
20701
26973
27240
17559
10056
20458
13973
10448
18329
4670
26370
3466
8871
9124
4193
10497
30922
23012
11492
23020
1518
14604
18676
29023
13285
11376
26662
21488
18178
20720
13931
13849
14563
13433
22919
30685
13710
11983
30404
25518
28352
14217
16615
21647
14721
23901
8803
1910
10748
17053
22477
7156
8590
17154
3728
2071
797
9897
23522
912
427
1627
8182
11793
15658
17681
10611
29945
8594
17079
11558
31795
15410
11313
26099
3675
31555
3228
28946
22563
3011
982
14968
29430
18817
17984
3474
731
30068
18882
7737
27547
9808
17424
7651
24870
10075
24108
12566
22323
14717
16685
22819
5159
27287
24638
9744
27448
30486
9193
17622
25042
27080
23190
15821
17465
28142
4686
30564
28017
1938
16325
20757
18011
9755
22168
27288
16416
17694
14035
27479
19922
3959
5046
24099
8529
14489
14265
29989
12140
34
18893
18967
16201
5043
30693
28340
2311
17150
10933
24940
10145
14880
9913
14941
25110
13874
15994
9343
4039
26650
31245
30494
7200
31143
22492
910
28026
26846
2729
27418
13120
11662
22735
4413
24401
23851
203
32277
20134
16600
18172
17684
25909
4550
4263
17401
8469
20413
12350
19966
26850
26104
18146
5971
6499
4662
24358
29900
5738
16910
9494
17367
25340
23171
24440
3760
1202
7640
3665
16600
13919
9126
21163
32707
11763
5931
918
31696
31136
12261
5229
19839
14395
6239
12378
13023
12516
14156
12060
16709
3561
3794
18184
24387
16104
9768
8270
6872
17972
12643
11646
12261
30074
27533
27979
21216
23973
22264
31118
5068
30206
22481
1934
28009
16024
23800
15742
21672
25067
2831
327
23649
6591
7634
9352
16712
23372
29606
4571
29214
3743
30580
24411
26660
21823
23735
27235
25557
9233
25044
24728
25044
13433
3243
23081
23588
4290
5483
26965
11159
16320
29610
17198
7561
21427
16821
26013
4557
24687
27172
24231
13544
7354
21426
6382
10877
13046
32588
20859
15369
1280
19560
6842
24529
26455
22424
4294
11288
6017
10079
8935
2708
29098
6979
5722
16419
10639
20771
9808
7355
2714
29899
25912
26527
846
11718
17217
23513
32742
8051
24091
18660
22585
12124
32254
11177
21729
1474
25582
21421
3996
31869
19773
26760
13042
28675
20561
25497
23833
9926
30376
20984
10773
17091
14360
29356
10531
29015
15196
1310
16728
19797
32716
23502
18822
10071
21612
1861
22367
10321
16424
11595
2525
620
16222
24665
21217
9233
31389
2897
1050
8515
23213
17773
9000
18227
7631
8821
18689
3598
21061
21302
4244
23834
23061
10799
22701
21761
23563
22669
23833
5229
17917
30554
27402
10964
17490
12529
13501
11670
21189
7861
2137
9029
19047
12034
28187
14659
4323
10084
29104
30611
19718
5895
6882
26345
17535
19823
22903
23811
18147
10601
26710
25404
18932
21570
27628
27487
6946
15670
20430
18105
19026
26923
10144
4978
12767
27296
5941
5149
16350
5600
1527
9613
25767
17787
8586
18154
19089
17142
29612
26629
15100
10178
3936
29161
21653
19051
6475
15795
30421
3090
12126
28067
1739
6685
29621
23666
28956
30765
16063
5862
3400
26192
15520
5029
17966
30585
31187
7495
11219
27693
8980
8878
21087
9598
31869
24986
8808
17469
21487
8056
32371
18540
29363
25723
25016
17650
21089
27886
23590
31634
6401
17609
4007
29982
8305
16770
4773
27112
3335
20005
23501
3706
14198
15783
6931
6279
28150
6008
9206
4129
20639
4695
19717
16683
19734
12650
26786
24850
32108
14222
15110
15544
28227
25836
4485
689
4147
13005
24339
32178
22636
431
520
21318
21660
28055
5920
6851
13843
15530
32198
24701
6181
7159
29074
26937
1487
7832
23824
18917
670
13049
18883
10118
6861
631
4457
13169
16045
28461
13441
14270
27978
9226
31243
18426
29260
27431
15503
27164
15131
15960
2144
19386
1863
17922
28450
22397
30758
14892
13450
16083
17343
23000
14437
19427
3814
27795
16860
4038
12969
587
4086
16628
28907
25953
21342
24060
23631
29439
30055
26745
30552
19884
20557
19521
20174
7709
15550
18143
4963
22094
6296
25412
30358
10962
10997
23993
20184
13928
2405
1048
18157
31694
25210
26172
7318
14810
20874
27318
12909
17862
8112
7105
30992
24524
5652
16505
29569
13810
17772
5703
23245
2344
26307
16032
9452
10384
14713
13551
29417
14109
652
24783
10819
28511
4373
6270
15762
22941
27670
10126
26733
10277
3442
11742
25228
11744
20029
27337
20010
9001
26678
18589
26029
11487
12434
15439
11401
22969
28668
19821
10082
2522
31705
23123
24433
29862
29904
27810
13608
16595
20106
12782
17945
25283
1206
27831
27156
13585
8529
29083
2959
32618
30756
1225
24395
24478
15246
11193
16181
18678
20099
18203
11403
3529
30677
2317
15679
10058
23218
7056
30880
12196
22639
2877
26423
16969
16259
18996
23023
13958
27607
24406
11386
26716
15421
5556
1775
907
317
16454
25272
1263
18712
26081
22187
26127
11527
26979
28279
9972
964
561
4418
10807
7499
6371
15248
5982
27618
23613
4199
14185
15959
8801
1457
32679
28553
27204
12257
16078
12073
4447
28889
8267
18370
4519
3595
31191
1527
23486
29151
5963
9485
8555
7253
30901
25769
9288
1772
13995
11226
23738
32706
223
23897
3366
16380
27380
16656
5474
16744
31632
9946
6762
5985
12723
9866
22101
20212
29767
8494
9351
6721
8184
26517
7719
19235
10053
10766
23252
24851
30935
5491
10643
11849
8210
16742
22028
22565
21483
21467
19959
14030
26617
32215
15057
22553
21454
13686
25555
10668
17543
20787
27684
3683
27810
26724
16718
25330
1552
7428
19951
13772
14987
12981
17585
13892
26154
5893
6011
7922
26675
16113
28393
8025
30256
32168
13818
2246
9541
14481
3593
17019
7616
7310
16127
18701
11506
14467
30662
15627
10558
8466
29441
17632
23663
425
21498
17915
26702
16063
20443
14637
22901
3418
30498
7762
23646
9173
13135
21299
18623
26592
19679
20907
30490
15816
3454
6409
5263
23801
21113
18102
26870
19905
9074
8728
17194
29782
8535
8117
32679
19739
24981
8092
23896
15903
2440
27393
5290
8678
15926
13607
25829
28525
15422
9091
3004
9064
11275
8478
23331
20174
1613
315
24928
28311
7338
13626
22373
28869
6832
6588
18781
2721
4879
7944
11653
17479
27909
20653
23869
23908
17945
105
9311
28479
7180
6218
23247
28662
21261
22547
15443
31498
27692
481
29349
798
17
14862
1479
20732
20974
7766
9879
29657
3762
22584
1955
1754
3200
11935
14398
28631
7775
23234
13780
31582
20531
9289
10106
31227
7916
2225
30665
17078
253
29169
16621
16094
21263
16478
16121
25349
31991
11212
15485
14668
25318
16374
11611
24801
30432
30752
27606
9925
32368
15866
19436
7123
24729
20424
30950
19454
4111
20928
20781
31450
26024
3763
13407
2398
32525
11248
30626
26856
30133
21606
29753
16257
532
7944
25685
8546
24335
13430
557
952
436
30681
7504
19621
31016
14094
6714
9351
2784
9736
4134
27772
24340
10607
31012
32294
20849
13453
10347
6315
14863
15979
31472
7936
17058
4663
30264
2920
7156
32489
18794
15415
10131
10791
25768
32220
27078
2661
6815
30238
22470
19536
93
21670
22059
10093
32611
27838
31653
26109
19964
7256
27628
9253
16845
9298
24314
2635
12460
22008
10359
1731
21430
14795
21365
19115
24731
4993
9821
3603
19773
26444
9001
24418
29050
25695
22484
500
31557
22703
4879
8200
26876
4598
20790
21466
32245
20478
30082
19468
25947
11292
9088
3914
30520
6650
19650
9006
21458
26010
18132
6753
18747
21144
32113
19972
14116
16560
5367
17998
25842
31103
4377
5750
32276
2958
21460
12243
10387
22156
2212
28738
27114
11483
20471
28616
19993
11855
16098
20856
1269
16434
1811
7063
27074
18059
23303
23295
10499
671
25213
5569
30865
15033
21290
20750
5611
3879
430
11864
32461
8325
32455
25524
6148
27454
5316
4995
13952
31823
14653
18257
16043
25422
18178
4605
19961
1451
5201
7450
8896
14135
14668
9622
13899
15330
6825
11161
15658
5833
3244
22960
459
19056
8786
26411
19791
28235
31952
31172
21142
15748
12091
19073
20380
760
2697
4571
22793
1667
26040
32543
1027
24445
13901
16149
25159
20612
3328
21984
1144
4220
19126
20517
30390
9429
8623
3951
27507
12556
14081
13778
2178
24437
30789
29903
2673
18231
31120
17272
12825
29592
28581
16340
12403
28795
6760
16261
1198
38
13206
21416
126
24137
13748
17405
26294
13372
3909
17736
22553
8841
5696
28407
621
938
20417
13316
17874
19476
24575
25373
17490
11124
13950
29187
4025
21304
19078
6192
27047
1617
31699
31932
18915
22071
27534
31617
7922
12590
24956
17790
31977
9673
4470
24697
11903
32684
21785
18920
23654
8597
11710
16658
16092
16542
8876
31858
3453
25788
20365
20060
8539
21132
14111
31971
32080
16975
11820
20729
12435
2098
29372
8408
18314
4564
17289
22945
16095
23810
2995
19523
11478
19397
30389
16799
5342
31134
152
6634
6502
30224
22119
31570
32753
2143
6882
21476
15213
24728
25462
12973
28864
22993
365
15391
10661
12722
27491
15799
10678
22836
23289
9437
6601
17065
29389
23820
32128
20733
169
22834
10012
19515
12282
19546
7570
32594
16516
21896
10465
25370
5461
8932
30882
31378
12279
20507
6369
17516
27626
1027
10539
26059
3665
4478
2536
29259
32236
8096
29676
30018
14150
7444
11848
8261
20784
699
22118
17134
9581
10647
28245
28637
29103
14312
9569
29437
1219
27028
3815
32008
19464
14284
15207
10318
21797
9197
26587
15026
6139
10660
14151
18677
7385
7254
10898
7991
21231
29631
19092
4794
11014
19417
14448
8426
19054
7167
6180
32666
27191
26962
2398
657
13988
30812
8850
31301
17116
16883
8777
28646
25827
12128
19132
25246
3529
25025
7073
27160
29217
2220
24133
25151
5813
3093
14299
1096
5496
3442
13843
4338
11964
1052
2543
28684
31397
30969
25811
26936
20190
9560
11227
23024
11402
31004
30064
3270
19070
19485
1310
5616
4013
16075
14752
22787
4579
3605
8509
7167
27831
24201
10328
19340
1211
17084
5698
21635
2805
236
19538
14000
21651
23524
31544
13527
23258
25376
17038
17908
30560
3634
28336
11207
12411
10084
18638
21136
10745
18847
11583
24088
3601
30091
23576
2032
666
504
14334
13053
32379
27517
26424
22581
4963
18270
2824
12451
32698
23987
316
16561
7383
11975
25600
10406
32115
26559
15350
24174
20573
2684
6281
13466
23408
19650
638
21159
8899
29337
31947
643
4127
10227
1965
30541
11958
7568
23029
29020
20241
27935
17570
25476
10059
2214
29877
32148
17277
14627
1857
16419
23161
28788
9154
32141
23227
29300
4271
27704
17308
6503
30291
11804
7881
14744
17368
29058
11764
26688
27301
3851
8393
10666
25578
18677
26404
19093
13432
3994
29569
26842
25303
28473
436
28494
5010
2809
13786
2282
16342
18731
10127
20265
14907
5328
11617
14258
30178
22619
31877
1335
17344
5560
28873
16285
31289
16268
4298
30557
15089
14271
8807
22570
19167
5944
25461
20180
12451
8935
15028
18028
3353
4617
29954
16553
25134
2471
25295
19850
15346
29024
27089
9789
28655
1385
24313
28480
26298
18898
15525
26054
9159
17163
2327
31836
32641
6054
294
10956
18330
32606
23347
30017
14752
9049
13919
28333
3026
21418
2555
14952
30769
13850
10561
20762
32218
21032
12097
3290
19602
7758
26397
16535
3747
29318
1145
24247
1255
1037
16430
29439
10530
20071
11582
29619
19092
3491
23053
11774
22735
11744
4558
20883
20679
21520
21051
24469
40
25596
18825
181
4844
10121
28827
1690
7980
31545
5494
7301
9014
9204
27125
27445
10721
12809
27325
13320
2333
5488
12916
10084
28366
18258
3374
31317
12251
11466
24616
32631
3457
5870
14777
18199
25838
1033
7557
2709
32011
1579
24820
26380
26265
29412
11235
11061
8831
16460
29081
15497
610
13126
30204
22438
30583
17158
13060
12276
17301
21969
12913
12936
16527
15108
12217
28745
12736
1624
5701
29521
21479
12388
12252
918
7990
8292
5984
7881
28581
824
17336
10110
1932
5040
16141
3982
8305
14342
24121
441
32286
6316
3196
20112
14327
5192
32625
8339
11403
13566
26433
15254
21353
2797
28439
19305
24885
4092
8660
1463
29179
30934
1795
9007
11714
5939
3087
29666
7013
12634
3507
4844
5534
29411
5555
32087
5732
23234
8394
4156
19575
19073
227
12843
12089
6861
12172
11213
1215
22836
9383
29640
3624
4909
1378
29155
20013
21081
16234
32107
7674
11784
25692
6869
1084
5631
22909
15524
636
14969
12202
2958
19627
13675
14226
31194
7934
22796
9762
9740
9724
18325
23873
20676
11477
14405
11454
27108
1525
3497
8070
30961
25049
8474
10523
25788
2081
26503
18241
24129
9959
21365
27643
29391
11344
6211
17333
2409
24160
12979
11203
20333
9491
23206
27914
22643
15017
16935
3837
30072
13889
17835
22220
1852
9385
29079
18135
20456
9077
259
12905
2036
12878
14782
14755
14920
11917
18834
16822
11169
11529
2249
15702
20791
9772
17903
22891
6813
10317
32474
25097
4840
1081
10984
29602
7443
10259
31368
19578
20386
7263
12284
21084
13190
22361
30045
8332
27201
23179
21471
12796
32586
20126
12374
31682
26803
4465
28921
3018
31497
27240
12390
32712
21628
22791
8679
26737
831
12735
2804
27883
27442
32007
30201
17026
11967
19631
601
19612
7937
31601
30130
30959
30508
2762
29283
11249
26409
4872
30539
20880
12672
31139
3284
26148
24699
25040
17200
2978
22153
2900
26083
32530
15840
5014
2178
579
7014
19705
20666
3517
2258
8296
8595
24311
23054
11571
3062
14026
12768
6937
10350
23590
18890
21158
15915
14084
28975
4031
23372
6043
1974
635
16990
32215
30452
29236
20767
29959
28485
5854
17544
22486
27642
7320
32267
4220
17082
1409
11802
10549
16930
24013
2024
16626
9135
30232
25203
14415
21726
6137
27330
10950
23441
26843
19307
2082
22965
28424
27993
25142
29730
27911
13772
17102
8386
1832
26017
7654
8182
26461
32212
13338
9525
21323
19779
31070
29431
26785
2997
21487
28113
29609
9754
18314
27361
5149
8213
24795
15724
9275
11959
30008
18374
5659
28814
2703
4978
15169
26334
31645
13451
10863
5166
11361
31842
14268
25606
25297
16233
13034
16376
6091
12880
24565
30173
21582
8813
24040
21345
28394
3425
28660
6850
15733
23545
23747
13524
3840
17490
22538
17481
521
5953
10846
32303
2803
31985
2888
27578
16051
25806
24987
31044
13771
11426
24069
30354
7036
17150
9189
27737
15671
18652
29788
27392
11862
30338
4007
13992
21513
18346
16556
29802
28051
13023
18130
15583
27830
28714
4630
14310
12907
4846
1372
9633
983
31505
13058
30913
19323
24924
18363
26116
31403
805
6043
3323
8001
12587
366
7697
402
17857
7246
8649
24225
17967
25461
17735
4755
13141
21583
20498
18275
19857
13011
10008
31703
20451
26644
243
30387
26191
12051
12138
31276
25475
984
8763
19359
31162
2241
1816
25475
31456
22041
10991
22941
25591
26604
110
24946
14265
7706
28615
27394
27775
683
21424
15283
29025
19042
18350
5004
3743
17301
11156
12963
9536
10044
70
21209
4600
71
451
27076
14159
7477
8803
18157
29440
16354
19293
25148
671
32672
1675
28336
7039
4490
30066
1363
14803
27413
14717
31854
27411
29416
12681
16121
6050
13294
12454
14421
4013
18089
4636
10302
24406
25801
20141
29435
11794
23293
30490
16855
11599
19721
14313
2005
23131
25
19044
16032
6017
8020
30437
28609
24693
11957
3153
24084
7666
8214
28899
25469
23713
16014
12331
22231
27453
25597
10838
3629
9205
11493
18607
20781
25873
7804
23398
20441
31961
29439
1168
29056
3250
72
21616
4077
10123
27811
31477
29406
12151
9694
12931
8120
13979
20127
18423
20856
26443
5626
25573
11501
14192
11587
31011
1317
27437
20513
31884
17445
10946
4836
18942
19420
12208
27417
23205
25434
19742
9819
12412
1086
22395
17260
6928
7277
12133
24964
14728
6154
29641
14824
24034
18338
8012
22463
13695
30374
5354
545
23266
17951
24541
3186
13493
8093
10945
238
17932
21616
12789
22916
21486
15643
13636
15080
1042
27910
11461
26084
22758
20083
17663
21231
11989
15027
26193
11264
7882
25242
19346
6308
27120
6960
27636
4175
21181
25257
15406
9967
1838
12696
2778
1991
84
27743
31771
4731
31503
2282
26756
20071
28186
15517
9013
10293
8519
18058
27463
11695
18956
10728
3179
15313
20799
27840
29389
21283
9758
12010
13887
1606
17042
11576
24723
14028
17589
1265
29512
5197
16785
19329
28778
4534
13611
20078
27315
17637
13248
3982
24822
25715
16462
20856
26814
22481
27734
18488
27698
3479
9440
16967
32571
3096
20673
23994
4073
28730
9241
7609
30227
20101
19743
29747
9790
10873
24097
5072
3008
30757
6342
7719
20006
23541
32407
562
1490
7372
19133
7934
9193
31826
14604
32423
4460
27024
15937
15748
18852
16826
5512
29087
29636
4939
18242
9832
16330
5975
3332
16554
2726
21789
14051
24253
3486
9181
30191
2302
7409
32489
12285
18044
14778
24573
16554
27124
31512
5075
19356
11008
4748
15603
1035
24459
28578
30921
3456
27016
18132
23289
23005
11491
32683
13047
10398
8632
20007
20434
2910
22212
31585
13904
5021
30745
8559
32064
3520
11797
24200
17420
27993
26772
17256
30606
20137
27237
246
22820
12644
10491
6437
31751
20659
21605
5912
11480
15487
7041
4745
30588
6125
108
619
16170
8485
20796
8910
7362
26200
6386
29188
30561
19457
7338
2306
2866
18539
14613
21256
21127
30835
13353
26757
1320
29071
22295
4405
8682
29967
25726
12684
13956
26787
16094
10071
22943
14366
21327
22945
2860
1145
7283
32723
28410
17435
20905
25632
5512
14423
5763
9504
18200
23607
15995
15035
1284
12408
30945
16969
13653
2261
31000
22007
11410
16009
28418
29549
2518
27663
25529
13742
6437
5676
20096
26175
12288
26159
30201
10635
14391
22904
29080
19078
23807
2615
24407
27025
3652
30070
8619
4766
20033
25178
14775
32404
32077
20133
4544
1013
6136
1152
19426
31422
6998
15736
26881
6030
923
30406
23554
523
6376
23251
23866
10881
32357
25595
4646
8909
14224
7313
23901
32378
6101
8228
27332
32297
20574
16897
19457
2614
4140
31993
14642
16536
27239
4197
18910
6665
30450
28263
14891
27240
24899
24434
4178
16475
22898
32524
13905
26680
7055
30162
23520
5670
313
5309
13477
31615
20844
13733
26283
19321
17051
1283
15633
29446
25343
6395
29439
2040
23342
31130
10974
13161
16111
32348
26057
7002
24653
9457
3902
3994
22762
17728
28954
32234
15766
18093
9156
29022
12320
14999
20136
8454
17260
37
19687
20942
26054
21827
2636
4003
17782
30951
11395
471
25493
17049
23685
24263
18719
21298
17495
17083
4681
17124
5364
28173
17428
28794
10376
11918
8226
21985
5342
30757
27336
1512
16924
28857
22374
14148
22958
29521
3827
215
8576
20090
1244
11058
6000
16874
3599
15192
24835
32610
28242
6852
25430
13017
20442
174
5976
21974
22809
139
28215
21022
21719
25043
23064
14223
8324
9478
20235
2380
21709
23025
20542
26138
23661
11054
23921
4106
27974
17130
21673
5977
6064
27882
7209
11412
24593
6608
10398
24063
5806
10139
13210
17464
25024
4974
13891
25112
11723
30866
31821
15322
30763
189
25381
27007
10223
10645
6511
10352
26859
880
29363
12390
15625
19806
9043
20359
14304
4713
30913
4562
6280
11291
25070
30652
13740
20033
23558
27
28640
32751
5978
2372
7733
9668
26782
19824
10507
367
23124
32357
18215
19058
29320
17490
4358
17446
190
9210
24176
29952
2089
4116
8784
25362
6685
10738
14530
31189
13511
30050
23406
32037
31260
978
12309
11661
21263
23223
9577
453
21255
6447
4642
6521
28560
8420
19022
19788
24656
17972
7912
29
15166
19344
31661
5513
8462
11298
5931
12721
3567
31155
26907
9789
8825
20939
23280
12449
30945
11802
26288
28062
23152
5142
6147
9740
26931
26598
9098
22744
4595
26239
2161
9801
23143
2829
28744
135
24489
25492
16654
17757
6375
6359
5519
9534
12891
11641
4081
31622
5245
14434
14985
31747
27511
7780
27379
22964
17113
3870
23393
19152
2446
18721
28211
3594
4623
26962
20424
21780
25302
18832
27284
14434
27414
12950
24947
6192
28585
25890
1085
3782
17481
15959
29339
22523
9476
31583
24857
20984
17386
24662
13436
31550
24329
18019
26453
4587
29339
21800
28118
14392
23421
27485
3045
16967
32227
31415
20847
4380
17483
23311
12543
7913
2735
22720
25743
8334
18943
593
5278
24672
6094
31060
30082
13865
20044
19085
20224
16497
28788
4439
8730
17148
7814
27204
24872
20116
11960
30980
28202
5641
15912
1416
21341
5237
19990
29798
27148
26820
16720
7808
25513
2676
19949
19425
26908
15258
14142
21991
17499
23590
25602
13479
18491
615
9433
31629
27270
31954
16124
2371
17485
8447
3882
28372
27775
3060
22758
21010
24763
14246
5599
20277
28771
2493
22960
7620
24050
16280
7625
31929
10895
23441
2477
10720
16354
30594
2911
26752
27686
8328
21526
23357
25727
8198
3384
13629
16782
21997
22918
1674
10819
2107
30356
10167
8435
19394
4733
2247
9899
27179
10708
26442
10435
26938
478
12233
27830
5972
4862
3684
28209
16702
30576
29370
25449
29991
12858
2825
23474
30441
25184
31382
11342
18828
13912
20304
8066
29195
13245
31408
6639
22363
10056
20963
10784
25514
20731
22827
13920
19173
8351
24195
15566
6780
5745
10114
22963
30313
7193
13953
2066
10095
27099
27392
20609
24223
19473
326
23096
21025
23769
13640
4712
5937
1547
3276
24014
23912
24430
3278
2183
28477
15659
24099
26662
7115
641
9564
25604
28117
3259
4589
22487
21511
19039
26767
1158
7806
21161
3298
828
30091
4407
20055
28348
11700
23046
31821
14068
7420
31133
1402
21204
21861
5512
9869
17504
26802
28936
27665
8964
6513
27145
2965
8232
7481
16980
22538
14853
21553
2310
21868
4279
6609
14401
12197
4499
4845
23329
6318
27834
7407
20466
20983
2286
16996
31392
25865
27045
22714
31598
20330
15196
11079
15851
9664
31278
22414
29731
29242
26277
16062
21010
21036
15568
12412
7518
5881
24982
13026
25925
28214
31305
3016
30419
21772
8831
28482
24921
23262
13341
30569
7964
30508
21940
18783
13898
30392
17169
2957
26162
17383
1039
4399
13491
3689
1456
24339
28661
5660
18796
28061
30808
7470
7881
19471
26282
17795
6956
2311
25245
23894
17391
1098
15736
24354
7859
3519
9484
10435
7160
30143
746
11736
4075
29324
23507
10605
11646
32542
17264
4823
14270
5926
14403
23006
23906
29773
31710
11810
29343
12476
15187
21943
32068
29410
7147
22291
18178
1649
27
31274
27147
1706
6323
25815
3040
32219
5721
22142
14947
7718
3894
18160
7988
30595
27887
27790
32058
20232
30423
28082
11392
31593
19555
16714
2115
27323
25566
710
841
13693
24925
15669
22132
25304
23030
29098
32150
16934
22317
23781
30343
32178
11951
16431
30325
19134
579
12678
2428
23243
31741
14074
20598
29204
6836
12631
20757
18268
8887
23044
3119
4329
1724
22571
20056
25297
23833
12570
28342
17012
13623
6122
28689
4938
24899
24670
14378
16607
2086
6413
20814
18971
5048
4292
27178
4551
20272
19238
2017
6221
18912
10389
7772
703
21023
17750
738
4891
7302
21487
27880
30158
27487
30420
31018
2166
19034
23875
25338
32236
12930
10093
26584
898
10864
21974
2372
19337
14014
18430
8400
8471
11967
3649
31353
26887
18797
4860
26935
13376
30371
24305
2515
18235
22669
31981
10233
15039
29020
16552
31118
6639
22846
29932
9283
8583
4237
13561
16747
1123
16966
29993
21514
22849
2750
32464
25902
5575
5776
25446
14978
15048
11738
10984
23328
5571
32681
16763
22183
15276
16817
26707
653
8431
30786
11731
8631
29363
31351
12533
10823
5467
1713
13293
7606
27731
31555
16905
10018
20233
1903
27868
29673
20281
26770
25755
31350
13422
1947
28615
9051
20678
2753
1548
2208
4853
12150
4714
16219
31116
150
8338
24449
19324
15589
31123
15868
14805
440
29621
3326
20180
3570
31141
22164
19997
12594
3283
1406
27205
15179
18201
28734
29587
32757
8093
6767
25608
17090
30456
8280
27804
8019
11928
193
26571
16843
20322
14597
21840
900
924
26473
17201
16385
26635
26540
18427
30244
30808
7648
29263
2465
6841
25464
20893
14515
3789
19105
31792
6670
17351
11222
13931
14100
22990
12718
8018
5707
21156
22265
1612
18959
13702
2828
20006
22404
10836
28761
348
2511
20466
26947
31636
1414
20974
26416
19564
12388
355
12255
14197
16706
29981
3324
30079
3138
29949
6641
6936
24398
13471
9216
18511
705
8507
20622
1470
12899
18121
32194
29383
8859
4201
